bfs_nr,name,canton,document_title,status,pdf_url,local_file,local_reglement_path,local_comparison
13,Stallikon,ZH,,not_found,,,C:\Users\peter.staub\OneDrive - pom+Consulting AG\Daten\pom+Education\RIS_2026\dashboard\data\Reglemente\ZH_Stallikon.pdf,kein_online_treffer
2,Affoltern am Albis,ZH,,not_found,,,C:\Users\peter.staub\OneDrive - pom+Consulting AG\Daten\pom+Education\RIS_2026\dashboard\data\Reglemente\ZH_AffolternAmAlbis.pdf,kein_online_treffer
3,Bonstetten,ZH,,not_found,,,C:\Users\peter.staub\OneDrive - pom+Consulting AG\Daten\pom+Education\RIS_2026\dashboard\data\Reglemente\ZH_Bonstetten.pdf,kein_online_treffer
4,Hausen am Albis,ZH,Gemeinderatskanzlei - hausen.ch,ok,https://www.hausen.ch/_docn/4995160/Verhandlungsbericht_vom_1._März_2024.pdf,C:\Users\peter.staub\OneDrive - pom+Consulting AG\Daten\pom+Education\RIS_2026\dashboard\data\audit\bzo_downloads\Hausen_am_Albis.pdf,C:\Users\peter.staub\OneDrive - pom+Consulting AG\Daten\pom+Education\RIS_2026\dashboard\data\Reglemente\ZH_HausenAmAlbis.pdf,unbekannt
4,Hausen am Albis,ZH,Bau- und Nutzungsordnung - hausen.swiss,ok,"https://www.hausen.swiss/_docn/5129698/Bau-_und_Nutzungsordnung,_20240508.pdf",C:\Users\peter.staub\OneDrive - pom+Consulting AG\Daten\pom+Education\RIS_2026\dashboard\data\audit\bzo_downloads\Hausen_am_Albis_2.pdf,C:\Users\peter.staub\OneDrive - pom+Consulting AG\Daten\pom+Education\RIS_2026\dashboard\data\Reglemente\ZH_HausenAmAlbis.pdf,unbekannt
4,Hausen am Albis,ZH,20120322_20130326_KZP_SVO_Hausen_v2011.vwx - Hausen am Albis,ok,https://www.hausen.ch/_docn/4226162/Zonen-_und_Kernzonenplan_2016.pdf,C:\Users\peter.staub\OneDrive - pom+Consulting AG\Daten\pom+Education\RIS_2026\dashboard\data\audit\bzo_downloads\Hausen_am_Albis_3.pdf,C:\Users\peter.staub\OneDrive - pom+Consulting AG\Daten\pom+Education\RIS_2026\dashboard\data\Reglemente\ZH_HausenAmAlbis.pdf,unbekannt
5,Hedingen,ZH,,not_found,,,C:\Users\peter.staub\OneDrive - pom+Consulting AG\Daten\pom+Education\RIS_2026\dashboard\data\Reglemente\ZH_Hedingen.pdf,kein_online_treffer
9,Mettmenstetten,ZH,,not_found,,,C:\Users\peter.staub\OneDrive - pom+Consulting AG\Daten\pom+Education\RIS_2026\dashboard\data\Reglemente\ZH_Mettmenstetten.pdf,kein_online_treffer
10,Obfelden,ZH,20200430_Obfelden_Bericht_REK,download_failed,https://www.obfelden.ch/public/upload/assets/2260/20200430_Obfelden_Bericht_REK.pdf,,C:\Users\peter.staub\OneDrive - pom+Consulting AG\Daten\pom+Education\RIS_2026\dashboard\data\Reglemente\ZH_Obfelden.pdf,lokal_aktuell
6,Kappel am Albis,ZH,Vom 27. April 2019 SRL-Nr. 700 - Kappel am Albis,ok,https://www.kappel-am-albis.ch/_docn/4747033/700.1_BZO_2019.pdf,C:\Users\peter.staub\OneDrive - pom+Consulting AG\Daten\pom+Education\RIS_2026\dashboard\data\audit\bzo_downloads\Kappel_am_Albis.pdf,C:\Users\peter.staub\OneDrive - pom+Consulting AG\Daten\pom+Education\RIS_2026\dashboard\data\Reglemente\ZH_KappelAmAlbis.pdf,unbekannt
6,Kappel am Albis,ZH,Baureglement der Einwohnergemeinde Kappel - So,ok,https://planregister-data.so.ch/public/kappel/91-BR.pdf,C:\Users\peter.staub\OneDrive - pom+Consulting AG\Daten\pom+Education\RIS_2026\dashboard\data\audit\bzo_downloads\Kappel_am_Albis_2.pdf,C:\Users\peter.staub\OneDrive - pom+Consulting AG\Daten\pom+Education\RIS_2026\dashboard\data\Reglemente\ZH_KappelAmAlbis.pdf,lokal_aktuell
6,Kappel am Albis,ZH,Zonenreglement der Einwohnergemeinde Kappel,ok,https://www.kappel-so.ch/download/download/Zonenreglement.pdf,C:\Users\peter.staub\OneDrive - pom+Consulting AG\Daten\pom+Education\RIS_2026\dashboard\data\audit\bzo_downloads\Kappel_am_Albis_3.pdf,C:\Users\peter.staub\OneDrive - pom+Consulting AG\Daten\pom+Education\RIS_2026\dashboard\data\Reglemente\ZH_KappelAmAlbis.pdf,lokal_aktuell
6,Kappel am Albis,ZH,Zonenreglement der Einwohnergemeinde Kappel,ok,https://www.kappel-so.ch/download/Zonenreglement.pdf,C:\Users\peter.staub\OneDrive - pom+Consulting AG\Daten\pom+Education\RIS_2026\dashboard\data\audit\bzo_downloads\Kappel_am_Albis_4.pdf,C:\Users\peter.staub\OneDrive - pom+Consulting AG\Daten\pom+Education\RIS_2026\dashboard\data\Reglemente\ZH_KappelAmAlbis.pdf,lokal_aktuell
7,Knonau,ZH,,not_found,,,C:\Users\peter.staub\OneDrive - pom+Consulting AG\Daten\pom+Education\RIS_2026\dashboard\data\Reglemente\ZH_Knonau.pdf,kein_online_treffer
8,Maschwanden,ZH,,not_found,,,C:\Users\peter.staub\OneDrive - pom+Consulting AG\Daten\pom+Education\RIS_2026\dashboard\data\Reglemente\ZH_Maschwanden.pdf,kein_online_treffer
12,Rifferswil,ZH,"BZO Rifferswil, Endfassung Stand 7",ok,https://www.rifferswil.ch/_docn/5156575/700.1_Bau-_und_Zonenordnung.pdf,C:\Users\peter.staub\OneDrive - pom+Consulting AG\Daten\pom+Education\RIS_2026\dashboard\data\audit\bzo_downloads\Rifferswil.pdf,C:\Users\peter.staub\OneDrive - pom+Consulting AG\Daten\pom+Education\RIS_2026\dashboard\data\Reglemente\ZH_Rifferswil.pdf,unbekannt
12,Rifferswil,ZH,Bau-_und_Zonenordnung__BZO__Gesamtrevision - kilchberg.ch,ok,https://www.kilchberg.ch/fileadmin/user_upload/gemeinde/PDF/Gemeindeversammlung/GV_16_06_2026/Bau-_und_Zonenordnung__BZO__Gesamtrevision.pdf,C:\Users\peter.staub\OneDrive - pom+Consulting AG\Daten\pom+Education\RIS_2026\dashboard\data\audit\bzo_downloads\Rifferswil_2.pdf,C:\Users\peter.staub\OneDrive - pom+Consulting AG\Daten\pom+Education\RIS_2026\dashboard\data\Reglemente\ZH_Rifferswil.pdf,online_neuer
12,Rifferswil,ZH,05827 Baureglement 230119_GE - ruederswil.ch,ok,https://www.ruederswil.ch/sites/default/files/2025-02/baureglement.pdf,C:\Users\peter.staub\OneDrive - pom+Consulting AG\Daten\pom+Education\RIS_2026\dashboard\data\audit\bzo_downloads\Rifferswil_3.pdf,C:\Users\peter.staub\OneDrive - pom+Consulting AG\Daten\pom+Education\RIS_2026\dashboard\data\Reglemente\ZH_Rifferswil.pdf,online_neuer
12,Rifferswil,ZH,"Richtplantext (mit Kartenausschnitten) - Siedlung, Landschaft ...",ok,https://www.zh.ch/content/dam/zhweb/bilder-dokumente/themen/planen-bauen/raumplanung/richtplaene/kantonaler-richtplan/laufende-verfahren/teilrevision-2024/rr-antrag/krp_tr_2024_richtplantext_rr-antrag_6050.pdf,C:\Users\peter.staub\OneDrive - pom+Consulting AG\Daten\pom+Education\RIS_2026\dashboard\data\audit\bzo_downloads\Rifferswil_4.pdf,C:\Users\peter.staub\OneDrive - pom+Consulting AG\Daten\pom+Education\RIS_2026\dashboard\data\Reglemente\ZH_Rifferswil.pdf,online_neuer
12,Rifferswil,ZH,20251013_Rifferswil_BZO_Synopse,ok,https://www.rifferswil.ch/_docn/6717884/20251013_ergaenzt20251208_Rifferswil_BZO_Synopse.pdf,C:\Users\peter.staub\OneDrive - pom+Consulting AG\Daten\pom+Education\RIS_2026\dashboard\data\audit\bzo_downloads\Rifferswil_5.pdf,C:\Users\peter.staub\OneDrive - pom+Consulting AG\Daten\pom+Education\RIS_2026\dashboard\data\Reglemente\ZH_Rifferswil.pdf,unbekannt
11,Ottenbach,ZH,GEMEIND= OTT=NBACH,ok,https://gegenwind-knonaueramt.ch/EinwendungenGemeinden/Ottenbach.pdf,C:\Users\peter.staub\OneDrive - pom+Consulting AG\Daten\pom+Education\RIS_2026\dashboard\data\audit\bzo_downloads\Ottenbach.pdf,C:\Users\peter.staub\OneDrive - pom+Consulting AG\Daten\pom+Education\RIS_2026\dashboard\data\Reglemente\ZH_Ottenbach.pdf,online_neuer
11,Ottenbach,ZH,Schlussbericht Überprüfung Kleinsiedlungen im Kanton Zürich,ok,https://www.zh.ch/content/dam/zhweb/bilder-dokumente/themen/planen-bauen/raumplanung/spezialthemen/kleinsiedlungen/schlussbericht_vorgehen_ueberpruefung_kleinsiedlungen_oktober_2024.pdf,C:\Users\peter.staub\OneDrive - pom+Consulting AG\Daten\pom+Education\RIS_2026\dashboard\data\audit\bzo_downloads\Ottenbach_2.pdf,C:\Users\peter.staub\OneDrive - pom+Consulting AG\Daten\pom+Education\RIS_2026\dashboard\data\Reglemente\ZH_Ottenbach.pdf,online_neuer
11,Ottenbach,ZH,Erläuterungsbericht - Kanton Zürich,ok,https://www.zh.ch/content/dam/zhweb/bilder-dokumente/themen/planen-bauen/raumplanung/richtplaene/kantonaler-richtplan/laufende-verfahren/teilrevision-2022/a-vorlage/krp_tr2022_erlaeuterungsbericht_a-vorlage_6013a.pdf,C:\Users\peter.staub\OneDrive - pom+Consulting AG\Daten\pom+Education\RIS_2026\dashboard\data\audit\bzo_downloads\Ottenbach_3.pdf,C:\Users\peter.staub\OneDrive - pom+Consulting AG\Daten\pom+Education\RIS_2026\dashboard\data\Reglemente\ZH_Ottenbach.pdf,online_neuer
14,Wettswil am Albis,ZH,BZO - Wettswil am Albis,ok,https://www.wettswil.ch/public/upload/assets/281/Bau-undZonenordnung.pdf,C:\Users\peter.staub\OneDrive - pom+Consulting AG\Daten\pom+Education\RIS_2026\dashboard\data\audit\bzo_downloads\Wettswil_am_Albis.pdf,C:\Users\peter.staub\OneDrive - pom+Consulting AG\Daten\pom+Education\RIS_2026\dashboard\data\Reglemente\ZH_WettswilAmAlbis.pdf,lokal_aktuell
1,Aeugst am Albis,ZH,,not_found,,,C:\Users\peter.staub\OneDrive - pom+Consulting AG\Daten\pom+Education\RIS_2026\dashboard\data\Reglemente\ZH_AeugstAmAlbis.pdf,kein_online_treffer
231,Zell (ZH),ZH,Gemeinde Zell - Kanton Zürich,ok,https://www.zh.ch/bin/zhweb/publish/regierungsratsbeschluss-unterlagen./2020/882/GO_Zell.pdf,C:\Users\peter.staub\OneDrive - pom+Consulting AG\Daten\pom+Education\RIS_2026\dashboard\data\audit\bzo_downloads\Zell_ZH.pdf,C:\Users\peter.staub\OneDrive - pom+Consulting AG\Daten\pom+Education\RIS_2026\dashboard\data\Reglemente\ZH_Zell.pdf,online_neuer
231,Zell (ZH),ZH,Einzelgeschäft - zell.ch,ok,https://www.zell.ch/_docn/4647895/Antrag_Gesamtrevision_BZO.pdf,C:\Users\peter.staub\OneDrive - pom+Consulting AG\Daten\pom+Education\RIS_2026\dashboard\data\audit\bzo_downloads\Zell_ZH_2.pdf,C:\Users\peter.staub\OneDrive - pom+Consulting AG\Daten\pom+Education\RIS_2026\dashboard\data\Reglemente\ZH_Zell.pdf,unbekannt
231,Zell (ZH),ZH,Gemeindeordnung - zell.ch,ok,https://www.zell.ch/_docn/5741959/Beilagen_Totalrevision_GO_per_01.01.2026.pdf,C:\Users\peter.staub\OneDrive - pom+Consulting AG\Daten\pom+Education\RIS_2026\dashboard\data\audit\bzo_downloads\Zell_ZH_3.pdf,C:\Users\peter.staub\OneDrive - pom+Consulting AG\Daten\pom+Education\RIS_2026\dashboard\data\Reglemente\ZH_Zell.pdf,unbekannt
231,Zell (ZH),ZH,Verzeichnis des Archivs - zell.ch,ok,https://www.zell.ch/_docn/4836295/Archivverzeichnis_2022.pdf,C:\Users\peter.staub\OneDrive - pom+Consulting AG\Daten\pom+Education\RIS_2026\dashboard\data\audit\bzo_downloads\Zell_ZH_4.pdf,C:\Users\peter.staub\OneDrive - pom+Consulting AG\Daten\pom+Education\RIS_2026\dashboard\data\Reglemente\ZH_Zell.pdf,unbekannt
231,Zell (ZH),ZH,Schlussbericht Überprüfung Kleinsiedlungen im Kanton Zürich,ok,https://www.zh.ch/content/dam/zhweb/bilder-dokumente/themen/planen-bauen/raumplanung/spezialthemen/kleinsiedlungen/schlussbericht_vorgehen_ueberpruefung_kleinsiedlungen_oktober_2024.pdf,C:\Users\peter.staub\OneDrive - pom+Consulting AG\Daten\pom+Education\RIS_2026\dashboard\data\audit\bzo_downloads\Zell_ZH_5.pdf,C:\Users\peter.staub\OneDrive - pom+Consulting AG\Daten\pom+Education\RIS_2026\dashboard\data\Reglemente\ZH_Zell.pdf,online_neuer
230,Winterthur,ZH,"Agglomerationsprogramm Winterthur und Umgebung , 3 ...",download_failed,https://www.zh.ch/content/dam/zhweb/bilder-dokumente/themen/mobilitaet/mobilitaetsplanung/agglomerationsprogramme/agglomerationsprogramme-ap5/ap5-publikumsfassung-unterlagen/ap3-winterthur-und-umgebung/55_AP3_Kanton+Zürich_Winterthur_Bericht.pdf,,C:\Users\peter.staub\OneDrive - pom+Consulting AG\Daten\pom+Education\RIS_2026\dashboard\data\Reglemente\ZH_Winterthur.pdf,online_neuer
230,Winterthur,ZH,Kanton Zürich,ok,https://www.zh.ch/bin/zhweb/publish/regierungsratsbeschluss-unterlagen./2021/1386/GO_PG_Winterthur.pdf,C:\Users\peter.staub\OneDrive - pom+Consulting AG\Daten\pom+Education\RIS_2026\dashboard\data\audit\bzo_downloads\Winterthur_2.pdf,C:\Users\peter.staub\OneDrive - pom+Consulting AG\Daten\pom+Education\RIS_2026\dashboard\data\Reglemente\ZH_Winterthur.pdf,online_neuer
230,Winterthur,ZH,Schlussbericht Überprüfung Kleinsiedlungen im Kanton Zürich,ok,https://www.zh.ch/content/dam/zhweb/bilder-dokumente/themen/planen-bauen/raumplanung/spezialthemen/kleinsiedlungen/schlussbericht_vorgehen_ueberpruefung_kleinsiedlungen_oktober_2024.pdf,C:\Users\peter.staub\OneDrive - pom+Consulting AG\Daten\pom+Education\RIS_2026\dashboard\data\audit\bzo_downloads\Winterthur_3.pdf,C:\Users\peter.staub\OneDrive - pom+Consulting AG\Daten\pom+Education\RIS_2026\dashboard\data\Reglemente\ZH_Winterthur.pdf,online_neuer
230,Winterthur,ZH,VerkehrserschliessungsV_17.4.19.fm - Kanton Zürich,ok,https://www.zh.ch/bin/zhweb/publish/regierungsratsbeschluss-unterlagen./2019/393/VerkehrserschliessungsV_17.4.19.pdf,C:\Users\peter.staub\OneDrive - pom+Consulting AG\Daten\pom+Education\RIS_2026\dashboard\data\audit\bzo_downloads\Winterthur_4.pdf,C:\Users\peter.staub\OneDrive - pom+Consulting AG\Daten\pom+Education\RIS_2026\dashboard\data\Reglemente\ZH_Winterthur.pdf,online_neuer
228,Turbenthal,ZH,,not_found,,,C:\Users\peter.staub\OneDrive - pom+Consulting AG\Daten\pom+Education\RIS_2026\dashboard\data\Reglemente\ZH_Turbenthal.pdf,kein_online_treffer
213,Brütten,ZH,Geplante Ersatz /Neubauprojekte Stadt Züric - wbg-zh.ch,ok,https://www.wbg-zh.ch/wp-content/uploads/2023/01/2022-Ersatz_und_Neubauprojekte.pdf,C:\Users\peter.staub\OneDrive - pom+Consulting AG\Daten\pom+Education\RIS_2026\dashboard\data\audit\bzo_downloads\Brütten.pdf,,neu_online_gefunden
213,Brütten,ZH,40036_Bestimmungen_GP_Chaetzler_Bruetten_20230925 - Brütten,ok,https://www.bruetten.ch/_docn/4853764/Bruetten_priv_GP_Arbeitsplatzgebiet_Chaetzler_Bestimmungen.pdf,C:\Users\peter.staub\OneDrive - pom+Consulting AG\Daten\pom+Education\RIS_2026\dashboard\data\audit\bzo_downloads\Brütten_2.pdf,,neu_online_gefunden
213,Brütten,ZH,BEISPIELSAMMLUNG BRÜTTEN ZH Harossen-Ost – verdichtete ...,ok,https://www.densipedia.ch/sites/default/files/2019-11/BSP_D_Brütten-Harossen_0.pdf,C:\Users\peter.staub\OneDrive - pom+Consulting AG\Daten\pom+Education\RIS_2026\dashboard\data\audit\bzo_downloads\Brütten_3.pdf,,neu_online_gefunden
213,Brütten,ZH,Schlussbericht Überprüfung Kleinsiedlungen im Kanton Zürich,ok,https://www.zh.ch/content/dam/zhweb/bilder-dokumente/themen/planen-bauen/raumplanung/spezialthemen/kleinsiedlungen/schlussbericht_vorgehen_ueberpruefung_kleinsiedlungen_oktober_2024.pdf,C:\Users\peter.staub\OneDrive - pom+Consulting AG\Daten\pom+Education\RIS_2026\dashboard\data\audit\bzo_downloads\Brütten_4.pdf,,neu_online_gefunden
216,Dinhard,ZH,,not_found,,,C:\Users\peter.staub\OneDrive - pom+Consulting AG\Daten\pom+Education\RIS_2026\dashboard\data\Reglemente\ZH_Dinhard.pdf,kein_online_treffer
214,Dägerlen,ZH,"Nutzungsplanung Dägerlen, Anpassung der nicht genehmigten ...",download_failed,https://daegerlen-archiv.ch/files/dateien_aktuell/01_02_2016_BZO_AnpassungderArtikel_Publikation.pdf,,C:\Users\peter.staub\OneDrive - pom+Consulting AG\Daten\pom+Education\RIS_2026\dashboard\data\Reglemente\ZH_Dägerlen.pdf,unbekannt
214,Dägerlen,ZH,Weisung des Regierungsrates an die Steuerbehörden über die ...,ok,https://www.zh.ch/content/dam/zhweb/bilder-dokumente/themen/steuern-finanzen/steuern/vertreter/steuerbuch/631.32_28.8.2024_Weisung_2026.pdf,C:\Users\peter.staub\OneDrive - pom+Consulting AG\Daten\pom+Education\RIS_2026\dashboard\data\audit\bzo_downloads\Dägerlen_2.pdf,C:\Users\peter.staub\OneDrive - pom+Consulting AG\Daten\pom+Education\RIS_2026\dashboard\data\Reglemente\ZH_Dägerlen.pdf,online_neuer
214,Dägerlen,ZH,TEILREVISION NUTZUNGSPLANUNG - Dägerlen,ok,https://www.daegerlen.ch/_docn/3243535/Bau-_und_Zonenordnung.pdf,C:\Users\peter.staub\OneDrive - pom+Consulting AG\Daten\pom+Education\RIS_2026\dashboard\data\audit\bzo_downloads\Dägerlen_3.pdf,C:\Users\peter.staub\OneDrive - pom+Consulting AG\Daten\pom+Education\RIS_2026\dashboard\data\Reglemente\ZH_Dägerlen.pdf,unbekannt
214,Dägerlen,ZH,Dägerlen Revision kommunale Nutzungsplanung; Anpassung Bau ...,download_failed,https://daegerlen-archiv.ch/files/dateien_aktuell/25_05_2016_Publikation_Mai_2016_.pdf,,C:\Users\peter.staub\OneDrive - pom+Consulting AG\Daten\pom+Education\RIS_2026\dashboard\data\Reglemente\ZH_Dägerlen.pdf,unbekannt
214,Dägerlen,ZH,Dägerlen Teilrevision Nutzungsplanung BZO Dägerlen ...,download_failed,https://daegerlen-archiv.ch/files/dateien_aktuell/24_01_2017_Publikation.pdf,,C:\Users\peter.staub\OneDrive - pom+Consulting AG\Daten\pom+Education\RIS_2026\dashboard\data\Reglemente\ZH_Dägerlen.pdf,unbekannt
215,Dättlikon,ZH,Microsoft Word - Bau- und Zonenordnung vom 26. September 2011 ...,ok,https://www.daettlikon.ch/_docn/1709578/501.pdf,C:\Users\peter.staub\OneDrive - pom+Consulting AG\Daten\pom+Education\RIS_2026\dashboard\data\audit\bzo_downloads\Dättlikon.pdf,C:\Users\peter.staub\OneDrive - pom+Consulting AG\Daten\pom+Education\RIS_2026\dashboard\data\Reglemente\ZH_Dättlikon.pdf,unbekannt
211,Altikon,ZH,,not_found,,,C:\Users\peter.staub\OneDrive - pom+Consulting AG\Daten\pom+Education\RIS_2026\dashboard\data\Reglemente\ZH_Altikon.pdf,kein_online_treffer
220,Hagenbuch,ZH,,not_found,,,C:\Users\peter.staub\OneDrive - pom+Consulting AG\Daten\pom+Education\RIS_2026\dashboard\data\Reglemente\ZH_Hagenbuch.pdf,kein_online_treffer
218,Ellikon an der Thur,ZH,"Zonenplᅢᄂne, ᅢワberbauungs- und Erschliessungsstᅢᄂnde der ...",ok,https://www.parcs.ch/wpz/pdf_public/2013/9576_20131015_130244_gds_66.pdf,C:\Users\peter.staub\OneDrive - pom+Consulting AG\Daten\pom+Education\RIS_2026\dashboard\data\audit\bzo_downloads\Ellikon_an_der_Thur.pdf,C:\Users\peter.staub\OneDrive - pom+Consulting AG\Daten\pom+Education\RIS_2026\dashboard\data\Reglemente\ZH_EllikonAnDerThur.pdf,lokal_aktuell
218,Ellikon an der Thur,ZH,Erläuterungsbericht - Kanton Zürich,ok,https://www.zh.ch/content/dam/zhweb/bilder-dokumente/themen/planen-bauen/raumplanung/richtplaene/kantonaler-richtplan/laufende-verfahren/teilrevision-energie/oea/tr_energie_richtplantexte.pdf,C:\Users\peter.staub\OneDrive - pom+Consulting AG\Daten\pom+Education\RIS_2026\dashboard\data\audit\bzo_downloads\Ellikon_an_der_Thur_2.pdf,C:\Users\peter.staub\OneDrive - pom+Consulting AG\Daten\pom+Education\RIS_2026\dashboard\data\Reglemente\ZH_EllikonAnDerThur.pdf,online_neuer
221,Hettlingen,ZH,,not_found,,,C:\Users\peter.staub\OneDrive - pom+Consulting AG\Daten\pom+Education\RIS_2026\dashboard\data\Reglemente\ZH_Hettlingen.pdf,kein_online_treffer
219,Elsau,ZH,,not_found,,,C:\Users\peter.staub\OneDrive - pom+Consulting AG\Daten\pom+Education\RIS_2026\dashboard\data\Reglemente\ZH_Elsau.pdf,kein_online_treffer
225,Rickenbach (ZH),ZH,,not_found,,,C:\Users\peter.staub\OneDrive - pom+Consulting AG\Daten\pom+Education\RIS_2026\dashboard\data\Reglemente\ZH_Rickenbach.pdf,kein_online_treffer
227,Seuzach,ZH,BAU- UND ZONENORDNUNG - seuzach.ch,ok,https://www.seuzach.ch/_docn/6514739/01_Bau-_und_Zonenordnung_-_Synoptische_Darstellung.pdf,C:\Users\peter.staub\OneDrive - pom+Consulting AG\Daten\pom+Education\RIS_2026\dashboard\data\audit\bzo_downloads\Seuzach.pdf,C:\Users\peter.staub\OneDrive - pom+Consulting AG\Daten\pom+Education\RIS_2026\dashboard\data\Reglemente\ZH_Seuzach.pdf,unbekannt
227,Seuzach,ZH,Stellungnahme zur Teilrevision Bau- und Zo-nenordnung Seuzach ...,download_failed,https://www.hev-winterthur.ch/wp-content/uploads/2024/07/20240709-vernehmlassung-teilrevision-bzo-mehrwertausgleich-seuzach-einwendungen-hev-region-winterthur.pdf,,C:\Users\peter.staub\OneDrive - pom+Consulting AG\Daten\pom+Education\RIS_2026\dashboard\data\Reglemente\ZH_Seuzach.pdf,online_neuer
227,Seuzach,ZH,Fertigstellung Hort Weid - Seuzach,ok,https://www.seuzach.ch/_docn/5004262/Seuzi_Zytig_03.2024.pdf,C:\Users\peter.staub\OneDrive - pom+Consulting AG\Daten\pom+Education\RIS_2026\dashboard\data\audit\bzo_downloads\Seuzach_3.pdf,C:\Users\peter.staub\OneDrive - pom+Consulting AG\Daten\pom+Education\RIS_2026\dashboard\data\Reglemente\ZH_Seuzach.pdf,unbekannt
227,Seuzach,ZH,KOMMUNALER RICHTPLAN VERKEHR - seuzach.ch,ok,https://www.seuzach.ch/_docn/6514760/01.02_Verkehrsplantext_mit_Erläuterungen_gemäss_Art._47_Raumplanungsverordnung.pdf,C:\Users\peter.staub\OneDrive - pom+Consulting AG\Daten\pom+Education\RIS_2026\dashboard\data\audit\bzo_downloads\Seuzach_4.pdf,C:\Users\peter.staub\OneDrive - pom+Consulting AG\Daten\pom+Education\RIS_2026\dashboard\data\Reglemente\ZH_Seuzach.pdf,unbekannt
224,Pfungen,ZH,,not_found,,,C:\Users\peter.staub\OneDrive - pom+Consulting AG\Daten\pom+Education\RIS_2026\dashboard\data\Reglemente\ZH_Pfungen.pdf,kein_online_treffer
226,Schlatt (ZH),ZH,,not_found,,,C:\Users\peter.staub\OneDrive - pom+Consulting AG\Daten\pom+Education\RIS_2026\dashboard\data\Reglemente\ZH_Schlatt.pdf,kein_online_treffer
223,Neftenbach,ZH,Microsoft Word - 20190904_Neftenbach_Teilrevision ...,ok,https://www.neftenbach.ch/_docn/2392514/Anpassungen_Bau-_und_Zonenordnung.pdf,C:\Users\peter.staub\OneDrive - pom+Consulting AG\Daten\pom+Education\RIS_2026\dashboard\data\audit\bzo_downloads\Neftenbach.pdf,C:\Users\peter.staub\OneDrive - pom+Consulting AG\Daten\pom+Education\RIS_2026\dashboard\data\Reglemente\ZH_Neftenbach.pdf,unbekannt
223,Neftenbach,ZH,20200628 20210715 Neftenbach Teilrevision Nutzungsplanung ...,ok,https://www.neftenbach.ch/_docn/4976473/710.11_Zonenplan.pdf,C:\Users\peter.staub\OneDrive - pom+Consulting AG\Daten\pom+Education\RIS_2026\dashboard\data\audit\bzo_downloads\Neftenbach_2.pdf,C:\Users\peter.staub\OneDrive - pom+Consulting AG\Daten\pom+Education\RIS_2026\dashboard\data\Reglemente\ZH_Neftenbach.pdf,unbekannt
223,Neftenbach,ZH,Bericht gemäss Art. 47 RPV Gemeindeversammlung und ...,ok,https://www.neftenbach.ch/_docn/2392547/Bericht_gemass_Art._47_RPV_zur_Teilrevision_Nutzungplanung.pdf,C:\Users\peter.staub\OneDrive - pom+Consulting AG\Daten\pom+Education\RIS_2026\dashboard\data\audit\bzo_downloads\Neftenbach_3.pdf,C:\Users\peter.staub\OneDrive - pom+Consulting AG\Daten\pom+Education\RIS_2026\dashboard\data\Reglemente\ZH_Neftenbach.pdf,unbekannt
223,Neftenbach,ZH,100.10_Gemeindeordnung - neftenbach.ch,ok,https://www.neftenbach.ch/_docn/4975420/100.10_Gemeindeordnung.pdf,C:\Users\peter.staub\OneDrive - pom+Consulting AG\Daten\pom+Education\RIS_2026\dashboard\data\audit\bzo_downloads\Neftenbach_4.pdf,C:\Users\peter.staub\OneDrive - pom+Consulting AG\Daten\pom+Education\RIS_2026\dashboard\data\Reglemente\ZH_Neftenbach.pdf,unbekannt
298,Wiesendangen,ZH,,not_found,,,C:\Users\peter.staub\OneDrive - pom+Consulting AG\Daten\pom+Education\RIS_2026\dashboard\data\Reglemente\ZH_Wiesendangen.pdf,kein_online_treffer
294,Elgg,ZH,,not_found,,,C:\Users\peter.staub\OneDrive - pom+Consulting AG\Daten\pom+Education\RIS_2026\dashboard\data\Reglemente\ZH_Elgg.pdf,kein_online_treffer
199,Volketswil,ZH,"Raum Uster-Volketswil, Masterplan 2050, Januar 2013",ok,https://www.zh.ch/content/dam/zhweb/bilder-dokumente/themen/planen-bauen/raumplanung/gebietsplanungen/sonstige-gebietsplanungen/raum_uster_volketswil_masterplan_2050_januar_2013.pdf,C:\Users\peter.staub\OneDrive - pom+Consulting AG\Daten\pom+Education\RIS_2026\dashboard\data\audit\bzo_downloads\Volketswil.pdf,C:\Users\peter.staub\OneDrive - pom+Consulting AG\Daten\pom+Education\RIS_2026\dashboard\data\Reglemente\ZH_Volketswil.pdf,online_neuer
198,Uster,ZH,Vorlage an den Kantonsrat - Kanton Zürich,ok,https://www.zh.ch/bin/zhweb/publish/regierungsratsbeschluss-unterlagen./2025/592/35a-2023_Postulat_Verbindung_Uster_Volketswil_Effretikon.pdf,C:\Users\peter.staub\OneDrive - pom+Consulting AG\Daten\pom+Education\RIS_2026\dashboard\data\audit\bzo_downloads\Uster.pdf,C:\Users\peter.staub\OneDrive - pom+Consulting AG\Daten\pom+Education\RIS_2026\dashboard\data\Reglemente\ZH_Uster.pdf,online_neuer
198,Uster,ZH,ISOS UND NUTZUNGSPLANUNG - bak.admin.ch,ok,https://www.bak.admin.ch/dam/de/sd-web/5gH1tU0z1oJ7/1C_58_2021_Uster_ZH.pdf,C:\Users\peter.staub\OneDrive - pom+Consulting AG\Daten\pom+Education\RIS_2026\dashboard\data\audit\bzo_downloads\Uster_2.pdf,C:\Users\peter.staub\OneDrive - pom+Consulting AG\Daten\pom+Education\RIS_2026\dashboard\data\Reglemente\ZH_Uster.pdf,online_neuer
198,Uster,ZH,"Raum Uster-Volketswil, Masterplan 2050, Januar 2013",ok,https://www.zh.ch/content/dam/zhweb/bilder-dokumente/themen/planen-bauen/raumplanung/gebietsplanungen/sonstige-gebietsplanungen/raum_uster_volketswil_masterplan_2050_januar_2013.pdf,C:\Users\peter.staub\OneDrive - pom+Consulting AG\Daten\pom+Education\RIS_2026\dashboard\data\audit\bzo_downloads\Uster_3.pdf,C:\Users\peter.staub\OneDrive - pom+Consulting AG\Daten\pom+Education\RIS_2026\dashboard\data\Reglemente\ZH_Uster.pdf,online_neuer
198,Uster,ZH,"Richtplantext (mit Kartenausschnitten) - Siedlung, Landschaft ...",ok,https://www.zh.ch/content/dam/zhweb/bilder-dokumente/themen/planen-bauen/raumplanung/richtplaene/kantonaler-richtplan/laufende-verfahren/teilrevision-2024/rr-antrag/krp_tr_2024_richtplantext_rr-antrag_6050.pdf,C:\Users\peter.staub\OneDrive - pom+Consulting AG\Daten\pom+Education\RIS_2026\dashboard\data\audit\bzo_downloads\Uster_4.pdf,C:\Users\peter.staub\OneDrive - pom+Consulting AG\Daten\pom+Education\RIS_2026\dashboard\data\Reglemente\ZH_Uster.pdf,online_neuer
194,Greifensee,ZH,,not_found,,,C:\Users\peter.staub\OneDrive - pom+Consulting AG\Daten\pom+Education\RIS_2026\dashboard\data\Reglemente\ZH_Greifensee.pdf,kein_online_treffer
192,Egg,ZH,BAU- UND ZONENORDNUNG (SYNOPTISCH) - egg.ch,download_failed,https://www.egg.ch/_docn/4941286/01_Egg_Teilrevision_Nutzungsplanung_BZO_synoptische_Darstellung_öffenliche_Auflage_2VP.pdf,,C:\Users\peter.staub\OneDrive - pom+Consulting AG\Daten\pom+Education\RIS_2026\dashboard\data\Reglemente\ZH_Egg.pdf,unbekannt
192,Egg,ZH,Leitfaden zur Harmonisierung der Baubegriffe - Kanton Zürich,download_failed,https://www.zh.ch/content/dam/zhweb/bilder-dokumente/themen/planen-bauen/baubewilligung/infos-fuer-baubehoerden-fachstellen/harmonisierung-der-baubegriffe/ivhb_leitfaden_01032017.pdf,,C:\Users\peter.staub\OneDrive - pom+Consulting AG\Daten\pom+Education\RIS_2026\dashboard\data\Reglemente\ZH_Egg.pdf,unbekannt
191,Dübendorf,ZH,Stadt Dübendorf Stadtrat ANTRAG des Stadtrates vom 17.Mär22022,ok,https://www.duebendorf.ch/_docn/3620495/20220317-WG-15-Teilrevision_Nutzungsplanung_Mehrwertausgleich.pdf,C:\Users\peter.staub\OneDrive - pom+Consulting AG\Daten\pom+Education\RIS_2026\dashboard\data\audit\bzo_downloads\Dübendorf.pdf,C:\Users\peter.staub\OneDrive - pom+Consulting AG\Daten\pom+Education\RIS_2026\dashboard\data\Reglemente\ZH_Dübendorf.pdf,unbekannt
191,Dübendorf,ZH,W E G L E I T U N G Verfahren Baugesuch,download_failed,https://www.duebendorf.ch/_docn/5843602/Merkblatt-Wegleitung-Verfahren-Baugesuch.pdf,,C:\Users\peter.staub\OneDrive - pom+Consulting AG\Daten\pom+Education\RIS_2026\dashboard\data\Reglemente\ZH_Dübendorf.pdf,unbekannt
191,Dübendorf,ZH,1 Planungs- und Baugesetz (PBG) 700.1 1. 1. 18 - 99,ok,http://www2.zhlex.zh.ch/Appl/zhlex_r.nsf/0/54B0935ED718E15CC12581DE0036ED9A/$file/700.1_7.9.75_99.pdf,C:\Users\peter.staub\OneDrive - pom+Consulting AG\Daten\pom+Education\RIS_2026\dashboard\data\audit\bzo_downloads\Dübendorf_3.pdf,C:\Users\peter.staub\OneDrive - pom+Consulting AG\Daten\pom+Education\RIS_2026\dashboard\data\Reglemente\ZH_Dübendorf.pdf,online_neuer
191,Dübendorf,ZH,Erläuterungsbericht - Gebietsentwicklung Flugplatzareal Dübendorf,ok,https://www.zh.ch/content/dam/zhweb/bilder-dokumente/themen/planen-bauen/raumplanung/richtplaene/kantonaler-richtplan/teilrevisionen/teilrevision-2021-gebietsentwicklung-flugplatzareal-dübendorf/beschluss_kr_5821a/besch_kr_erlaeuterungsbericht_5821a.pdf,C:\Users\peter.staub\OneDrive - pom+Consulting AG\Daten\pom+Education\RIS_2026\dashboard\data\audit\bzo_downloads\Dübendorf_4.pdf,C:\Users\peter.staub\OneDrive - pom+Consulting AG\Daten\pom+Education\RIS_2026\dashboard\data\Reglemente\ZH_Dübendorf.pdf,lokal_aktuell
191,Dübendorf,ZH,Synthesebericht Gebietsentwicklung Flugplatz Dübendorf,download_failed,https://www.zh.ch/content/dam/zhweb/bilder-dokumente/organisation/volkswirtschaftsdirektion/direktion/Synthesebericht+Gebietsentwicklung+Flugplatz+Dübendorf.pdf,,C:\Users\peter.staub\OneDrive - pom+Consulting AG\Daten\pom+Education\RIS_2026\dashboard\data\Reglemente\ZH_Dübendorf.pdf,online_neuer
193,Fällanden,ZH,Bau- und Zonenordnung - schwerzenbach.ch,ok,https://www.schwerzenbach.ch/fileadmin/user_upload/News_Anhang/News_2024/5_Bau-_und_Zonenordnung_synoptische_Darstellung.pdf,C:\Users\peter.staub\OneDrive - pom+Consulting AG\Daten\pom+Education\RIS_2026\dashboard\data\audit\bzo_downloads\Fällanden.pdf,C:\Users\peter.staub\OneDrive - pom+Consulting AG\Daten\pom+Education\RIS_2026\dashboard\data\Reglemente\ZH_Fällanden.pdf,online_neuer
193,Fällanden,ZH,Gemeinde Fällanden Kanton Zürich Farbcode:,ok,https://www.faellanden.ch/_docn/4800985/BZO;_Teilrevision_IVHB;_Synopse.pdf,C:\Users\peter.staub\OneDrive - pom+Consulting AG\Daten\pom+Education\RIS_2026\dashboard\data\audit\bzo_downloads\Fällanden_2.pdf,C:\Users\peter.staub\OneDrive - pom+Consulting AG\Daten\pom+Education\RIS_2026\dashboard\data\Reglemente\ZH_Fällanden.pdf,unbekannt
193,Fällanden,ZH,Schweizer Bauvorschriften - 3000+ Gemeinden an einem Ort | Terrara,ok,https://terrara.ch/wp/wp-content/uploads/2022/01/CH-ZH-FALLANDEN-BAUREGLEMENT.pdf,C:\Users\peter.staub\OneDrive - pom+Consulting AG\Daten\pom+Education\RIS_2026\dashboard\data\audit\bzo_downloads\Fällanden_3.pdf,C:\Users\peter.staub\OneDrive - pom+Consulting AG\Daten\pom+Education\RIS_2026\dashboard\data\Reglemente\ZH_Fällanden.pdf,unbekannt
193,Fällanden,ZH,700.1 Planungs- und Baugesetz (PBG)48 - Kanton Zürich,ok,http://www2.zhlex.zh.ch/appl/zhlex_r.nsf/0/A43D8137A92DDE4CC1257E6D002D45E2/$file/700.1_7.9.75_89.pdf,C:\Users\peter.staub\OneDrive - pom+Consulting AG\Daten\pom+Education\RIS_2026\dashboard\data\audit\bzo_downloads\Fällanden_4.pdf,C:\Users\peter.staub\OneDrive - pom+Consulting AG\Daten\pom+Education\RIS_2026\dashboard\data\Reglemente\ZH_Fällanden.pdf,online_neuer
196,Mönchaltorf,ZH,1 Mögliche Artikel für die Bau- und Zonenordnung Inhaltsverzeichnis,ok,https://www.naturnetz-pfannenstil.ch/images/werkzeugkasten/Prozesse/Artikel_für_die_BZO.pdf,C:\Users\peter.staub\OneDrive - pom+Consulting AG\Daten\pom+Education\RIS_2026\dashboard\data\audit\bzo_downloads\Mönchaltorf.pdf,,neu_online_gefunden
196,Mönchaltorf,ZH,700.100 Bauordnung der Stadt Zürich Bau- und Zonenordnung (BZO 91/99),ok,https://www.stadt-zuerich.ch/dam/web/de/politik-verwaltung/politik-recht/amtliche-sammlung/700/100/700.100-BZO-91_99-03.2024.4_V41.pdf,C:\Users\peter.staub\OneDrive - pom+Consulting AG\Daten\pom+Education\RIS_2026\dashboard\data\audit\bzo_downloads\Mönchaltorf_2.pdf,,neu_online_gefunden
196,Mönchaltorf,ZH,Bau- und Nutzungsordnung gemäss § 15 BauG Stand: Februar 2024,ok,https://www.moehlin.ch/wAssets/docs/ABU/BNO-2023/_Bau-und-Nutzungsordnung-2023.pdf,C:\Users\peter.staub\OneDrive - pom+Consulting AG\Daten\pom+Education\RIS_2026\dashboard\data\audit\bzo_downloads\Mönchaltorf_3.pdf,,neu_online_gefunden
196,Mönchaltorf,ZH,Nutzungsplanung Siedlung Grundlagen Amt für Raumplanung Dezember 2001,ok,https://arp-daten.bl.ch/arpdaten/publikationen/quartierplanung.pdf,C:\Users\peter.staub\OneDrive - pom+Consulting AG\Daten\pom+Education\RIS_2026\dashboard\data\audit\bzo_downloads\Mönchaltorf_4.pdf,,neu_online_gefunden
196,Mönchaltorf,ZH,Kanton Aargau Gemeinde Mönthal Bau- und Nutzungsordnung,ok,https://www.moenthal.ch/sites/default/files/2021-08/Bauordnung.pdf,C:\Users\peter.staub\OneDrive - pom+Consulting AG\Daten\pom+Education\RIS_2026\dashboard\data\audit\bzo_downloads\Mönchaltorf_5.pdf,,neu_online_gefunden
195,Maur,ZH,,not_found,,,C:\Users\peter.staub\OneDrive - pom+Consulting AG\Daten\pom+Education\RIS_2026\dashboard\data\Reglemente\ZH_Maur.pdf,kein_online_treffer
197,Schwerzenbach,ZH,,not_found,,,C:\Users\peter.staub\OneDrive - pom+Consulting AG\Daten\pom+Education\RIS_2026\dashboard\data\Reglemente\ZH_Schwerzenbach.pdf,kein_online_treffer
200,Wangen-Brüttisellen,ZH,KOMMUNALE PLANUNG/NUTZUNGSPLANUNG (BZO) ZONENORDNUNG VORLAGE ...,ok,https://www.wangen-bruettisellen.ch/_docn/3553274/01_GRB_Teilrevision_BZO_vom_10.01.2022.pdf,C:\Users\peter.staub\OneDrive - pom+Consulting AG\Daten\pom+Education\RIS_2026\dashboard\data\audit\bzo_downloads\Wangen-Brüttisellen.pdf,C:\Users\peter.staub\OneDrive - pom+Consulting AG\Daten\pom+Education\RIS_2026\dashboard\data\Reglemente\ZH_WangenBrüttisellen.pdf,unbekannt
181,Wila,ZH,20121220_BZO_synoptisch - Wila,ok,https://www.wila.ch/public/upload/assets/671/BZO_synoptisch.pdf,C:\Users\peter.staub\OneDrive - pom+Consulting AG\Daten\pom+Education\RIS_2026\dashboard\data\audit\bzo_downloads\Wila.pdf,C:\Users\peter.staub\OneDrive - pom+Consulting AG\Daten\pom+Education\RIS_2026\dashboard\data\Reglemente\ZH_Wila.pdf,lokal_aktuell
181,Wila,ZH,"Richtplantext (mit Kartenausschnitten) - Siedlung, Landschaft ...",ok,https://www.zh.ch/content/dam/zhweb/bilder-dokumente/themen/planen-bauen/raumplanung/richtplaene/kantonaler-richtplan/laufende-verfahren/teilrevision-2024/rr-antrag/krp_tr_2024_richtplantext_rr-antrag_6050.pdf,C:\Users\peter.staub\OneDrive - pom+Consulting AG\Daten\pom+Education\RIS_2026\dashboard\data\audit\bzo_downloads\Wila_2.pdf,C:\Users\peter.staub\OneDrive - pom+Consulting AG\Daten\pom+Education\RIS_2026\dashboard\data\Reglemente\ZH_Wila.pdf,online_neuer
181,Wila,ZH,20121220 R Planungsbericht Wila,ok,https://www.wila.ch/public/upload/assets/672/Planungsbericht1363158248188.pdf,C:\Users\peter.staub\OneDrive - pom+Consulting AG\Daten\pom+Education\RIS_2026\dashboard\data\audit\bzo_downloads\Wila_3.pdf,C:\Users\peter.staub\OneDrive - pom+Consulting AG\Daten\pom+Education\RIS_2026\dashboard\data\Reglemente\ZH_Wila.pdf,lokal_aktuell
182,Wildberg,ZH,BAU- UND ZONENORDNUNG - Wildberg,download_failed,https://www.wildberg.ch/_docn/4924147/Wildberg_Teilrev_NP_BZO_synoptisch_1_VP.pdf,,C:\Users\peter.staub\OneDrive - pom+Consulting AG\Daten\pom+Education\RIS_2026\dashboard\data\Reglemente\ZH_Wildberg.pdf,unbekannt
182,Wildberg,ZH,Microsoft Word - Bauordnung.doc - Wildberg,ok,https://www.wildberg.ch/_docn/3222119/Bau-_und_Zonenordnung.pdf,C:\Users\peter.staub\OneDrive - pom+Consulting AG\Daten\pom+Education\RIS_2026\dashboard\data\audit\bzo_downloads\Wildberg_2.pdf,C:\Users\peter.staub\OneDrive - pom+Consulting AG\Daten\pom+Education\RIS_2026\dashboard\data\Reglemente\ZH_Wildberg.pdf,unbekannt
182,Wildberg,ZH,"47 a..2,-A1-1 i1/4,/ . I . 2s V - publikationen.sg.ch",ok,https://publikationen.sg.ch/fileadmin/ekab/files/2024/05/00.154.345/attachments/IG_Gegenwind_Au-Heerbrugg__Manuel_Cadonau__Initiativbegehren.pdf,C:\Users\peter.staub\OneDrive - pom+Consulting AG\Daten\pom+Education\RIS_2026\dashboard\data\audit\bzo_downloads\Wildberg_3.pdf,C:\Users\peter.staub\OneDrive - pom+Consulting AG\Daten\pom+Education\RIS_2026\dashboard\data\Reglemente\ZH_Wildberg.pdf,online_neuer
182,Wildberg,ZH,Registratur Nr. - au.ch,ok,"https://www.au.ch/_docn/4876942/Initiativkomitee,_Begehren_für_einen_Mindestabstand_von_Windenergieanlagen.pdf",C:\Users\peter.staub\OneDrive - pom+Consulting AG\Daten\pom+Education\RIS_2026\dashboard\data\audit\bzo_downloads\Wildberg_4.pdf,C:\Users\peter.staub\OneDrive - pom+Consulting AG\Daten\pom+Education\RIS_2026\dashboard\data\Reglemente\ZH_Wildberg.pdf,unbekannt
182,Wildberg,ZH,Schlussbericht Überprüfung Kleinsiedlungen im Kanton Zürich,ok,https://www.zh.ch/content/dam/zhweb/bilder-dokumente/themen/planen-bauen/raumplanung/spezialthemen/kleinsiedlungen/schlussbericht_vorgehen_ueberpruefung_kleinsiedlungen_oktober_2024.pdf,C:\Users\peter.staub\OneDrive - pom+Consulting AG\Daten\pom+Education\RIS_2026\dashboard\data\audit\bzo_downloads\Wildberg_5.pdf,C:\Users\peter.staub\OneDrive - pom+Consulting AG\Daten\pom+Education\RIS_2026\dashboard\data\Reglemente\ZH_Wildberg.pdf,online_neuer
180,Weisslingen,ZH,Bau- und Zonenordnung - Weisslingen,ok,https://www.weisslingen.ch/_docn/5195851/701.1_Bau-_und_Zonenordnung.pdf,C:\Users\peter.staub\OneDrive - pom+Consulting AG\Daten\pom+Education\RIS_2026\dashboard\data\audit\bzo_downloads\Weisslingen.pdf,C:\Users\peter.staub\OneDrive - pom+Consulting AG\Daten\pom+Education\RIS_2026\dashboard\data\Reglemente\ZH_Weisslingen.pdf,unbekannt
180,Weisslingen,ZH,Gemeindeordnung - weisslingen.ch,ok,https://www.weisslingen.ch/_docn/3247667/101.1_Gemeindeordnung.pdf,C:\Users\peter.staub\OneDrive - pom+Consulting AG\Daten\pom+Education\RIS_2026\dashboard\data\audit\bzo_downloads\Weisslingen_2.pdf,C:\Users\peter.staub\OneDrive - pom+Consulting AG\Daten\pom+Education\RIS_2026\dashboard\data\Reglemente\ZH_Weisslingen.pdf,unbekannt
180,Weisslingen,ZH,Schlussbericht Überprüfung Kleinsiedlungen im Kanton Zürich,ok,https://www.zh.ch/content/dam/zhweb/bilder-dokumente/themen/planen-bauen/raumplanung/spezialthemen/kleinsiedlungen/schlussbericht_vorgehen_ueberpruefung_kleinsiedlungen_oktober_2024.pdf,C:\Users\peter.staub\OneDrive - pom+Consulting AG\Daten\pom+Education\RIS_2026\dashboard\data\audit\bzo_downloads\Weisslingen_3.pdf,C:\Users\peter.staub\OneDrive - pom+Consulting AG\Daten\pom+Education\RIS_2026\dashboard\data\Reglemente\ZH_Weisslingen.pdf,online_neuer
180,Weisslingen,ZH,Modelldokumentation zur Berechnung der maximal möglichen ...,ok,https://www.zh.ch/content/dam/zhweb/bilder-dokumente/themen/planen-bauen/raumplanung/raumbeobachtung/geschossflächenreserven/modelldokumentation_max_gf_dezember_2021.pdf,C:\Users\peter.staub\OneDrive - pom+Consulting AG\Daten\pom+Education\RIS_2026\dashboard\data\audit\bzo_downloads\Weisslingen_4.pdf,C:\Users\peter.staub\OneDrive - pom+Consulting AG\Daten\pom+Education\RIS_2026\dashboard\data\Reglemente\ZH_Weisslingen.pdf,online_neuer
172,Fehraltorf,ZH,,not_found,,,C:\Users\peter.staub\OneDrive - pom+Consulting AG\Daten\pom+Education\RIS_2026\dashboard\data\Reglemente\ZH_Fehraltorf.pdf,kein_online_treffer
173,Hittnau,ZH,ÄNDERUNG BAUORDNUNG - hittnau.ch,ok,https://www.hittnau.ch/_docn/6010582/4.1._Änderung_der_Bauordnung.pdf,C:\Users\peter.staub\OneDrive - pom+Consulting AG\Daten\pom+Education\RIS_2026\dashboard\data\audit\bzo_downloads\Hittnau.pdf,C:\Users\peter.staub\OneDrive - pom+Consulting AG\Daten\pom+Education\RIS_2026\dashboard\data\Reglemente\ZH_Hittnau.pdf,unbekannt
173,Hittnau,ZH,GEMEINDE HITTNAU,ok,https://www.hittnau.ch/_docn/5233315/4._GR-Beschluss_Nr._59_vom_03.07.2024_betr._Teilrevision_BZO_(Mehrwertausgleich).pdf,C:\Users\peter.staub\OneDrive - pom+Consulting AG\Daten\pom+Education\RIS_2026\dashboard\data\audit\bzo_downloads\Hittnau_2.pdf,C:\Users\peter.staub\OneDrive - pom+Consulting AG\Daten\pom+Education\RIS_2026\dashboard\data\Reglemente\ZH_Hittnau.pdf,unbekannt
173,Hittnau,ZH,A260520-N Verkaufsdokumentation v3,ok,https://media2.homegate.ch/listings/v2/hgonif/4003410875/document/7fd982cd0d4dfa38063b23fb2acb3efc.pdf,C:\Users\peter.staub\OneDrive - pom+Consulting AG\Daten\pom+Education\RIS_2026\dashboard\data\audit\bzo_downloads\Hittnau_3.pdf,C:\Users\peter.staub\OneDrive - pom+Consulting AG\Daten\pom+Education\RIS_2026\dashboard\data\Reglemente\ZH_Hittnau.pdf,unbekannt
173,Hittnau,ZH,Beleuchtender Bericht 16. September 2024 - hittnau.ch,ok,https://www.hittnau.ch/_docn/5238988/Beleuchtender_Bericht_zur_GV_Gemeinde_vom_16.09.2024.pdf,C:\Users\peter.staub\OneDrive - pom+Consulting AG\Daten\pom+Education\RIS_2026\dashboard\data\audit\bzo_downloads\Hittnau_4.pdf,C:\Users\peter.staub\OneDrive - pom+Consulting AG\Daten\pom+Education\RIS_2026\dashboard\data\Reglemente\ZH_Hittnau.pdf,unbekannt
173,Hittnau,ZH,Baurekursgericht des Kantons Zürich,ok,https://www.baurekursgericht-zh.ch/media/r3.2025.00020_auszug.pdf,C:\Users\peter.staub\OneDrive - pom+Consulting AG\Daten\pom+Education\RIS_2026\dashboard\data\audit\bzo_downloads\Hittnau_5.pdf,C:\Users\peter.staub\OneDrive - pom+Consulting AG\Daten\pom+Education\RIS_2026\dashboard\data\Reglemente\ZH_Hittnau.pdf,online_neuer
176,Lindau,ZH,"Bau- und Zonenordnung, Lindau (ZH)",ok,https://www.lindau.ch/_docn/4986991/Lindau_NP_Vorschriften_BZO_Genehmigung_230822.pdf,C:\Users\peter.staub\OneDrive - pom+Consulting AG\Daten\pom+Education\RIS_2026\dashboard\data\audit\bzo_downloads\Lindau.pdf,C:\Users\peter.staub\OneDrive - pom+Consulting AG\Daten\pom+Education\RIS_2026\dashboard\data\Reglemente\ZH_Lindau.pdf,unbekannt
176,Lindau,ZH,Microsoft Word - 2022-07-19_Vorschriften_BZO ... - Lindau,ok,https://www.lindau.ch/_docn/4074727/1._Vorschriften_Bau-_und_Zonenordnung_BZO_dat._vom_1._Juli_2022.pdf,C:\Users\peter.staub\OneDrive - pom+Consulting AG\Daten\pom+Education\RIS_2026\dashboard\data\audit\bzo_downloads\Lindau_2.pdf,C:\Users\peter.staub\OneDrive - pom+Consulting AG\Daten\pom+Education\RIS_2026\dashboard\data\Reglemente\ZH_Lindau.pdf,unbekannt
176,Lindau,ZH,Leitfaden zur Harmonisierung der Baubegriffe - Kanton Zürich,ok,https://www.zh.ch/content/dam/zhweb/bilder-dokumente/themen/planen-bauen/baubewilligung/infos-fuer-baubehoerden-fachstellen/harmonisierung-der-baubegriffe/ivhb_leitfaden_01032017.pdf,C:\Users\peter.staub\OneDrive - pom+Consulting AG\Daten\pom+Education\RIS_2026\dashboard\data\audit\bzo_downloads\Lindau_3.pdf,C:\Users\peter.staub\OneDrive - pom+Consulting AG\Daten\pom+Education\RIS_2026\dashboard\data\Reglemente\ZH_Lindau.pdf,lokal_aktuell
176,Lindau,ZH,Gemeindeordnung (GO) der Politischen Gemeinde Lindau,ok,https://www.zh.ch/bin/zhweb/publish/regierungsratsbeschluss-unterlagen./2021/134/GO_Lindau.pdf,C:\Users\peter.staub\OneDrive - pom+Consulting AG\Daten\pom+Education\RIS_2026\dashboard\data\audit\bzo_downloads\Lindau_4.pdf,C:\Users\peter.staub\OneDrive - pom+Consulting AG\Daten\pom+Education\RIS_2026\dashboard\data\Reglemente\ZH_Lindau.pdf,online_neuer
176,Lindau,ZH,Microsoft Word - 20140212_BZO_Synopse.docx - Lindau,ok,https://www.lindau.ch/_docn/981261/03a-BZO_Synopse.pdf,C:\Users\peter.staub\OneDrive - pom+Consulting AG\Daten\pom+Education\RIS_2026\dashboard\data\audit\bzo_downloads\Lindau_5.pdf,C:\Users\peter.staub\OneDrive - pom+Consulting AG\Daten\pom+Education\RIS_2026\dashboard\data\Reglemente\ZH_Lindau.pdf,unbekannt
178,Russikon,ZH,Kanton Zürich,ok,https://www.zh.ch/bin/zhweb/publish/regierungsratsbeschluss-unterlagen./2021/804/GO_PG_Russikon.pdf,C:\Users\peter.staub\OneDrive - pom+Consulting AG\Daten\pom+Education\RIS_2026\dashboard\data\audit\bzo_downloads\Russikon.pdf,C:\Users\peter.staub\OneDrive - pom+Consulting AG\Daten\pom+Education\RIS_2026\dashboard\data\Reglemente\ZH_Russikon.pdf,online_neuer
178,Russikon,ZH,20190401_Russikon_NP_Kernzonenplan_Guendisau,ok,https://www.russikon.ch/_docn/221268/Kernzonenplan_Guendisau.pdf,C:\Users\peter.staub\OneDrive - pom+Consulting AG\Daten\pom+Education\RIS_2026\dashboard\data\audit\bzo_downloads\Russikon_2.pdf,C:\Users\peter.staub\OneDrive - pom+Consulting AG\Daten\pom+Education\RIS_2026\dashboard\data\Reglemente\ZH_Russikon.pdf,unbekannt
178,Russikon,ZH,20190401_Russikon_NP_Kernzonenplan_Madetswil,ok,https://www.russikon.ch/_docn/2136743/Kernzonenplan_Madetswil.pdf,C:\Users\peter.staub\OneDrive - pom+Consulting AG\Daten\pom+Education\RIS_2026\dashboard\data\audit\bzo_downloads\Russikon_3.pdf,C:\Users\peter.staub\OneDrive - pom+Consulting AG\Daten\pom+Education\RIS_2026\dashboard\data\Reglemente\ZH_Russikon.pdf,unbekannt
177,Pfäffikon,ZH,,not_found,,,C:\Users\peter.staub\OneDrive - pom+Consulting AG\Daten\pom+Education\RIS_2026\dashboard\data\Reglemente\ZH_Pfäffikon.pdf,kein_online_treffer
297,Bauma,ZH,,not_found,,,C:\Users\peter.staub\OneDrive - pom+Consulting AG\Daten\pom+Education\RIS_2026\dashboard\data\Reglemente\ZH_Bauma.pdf,kein_online_treffer
296,Illnau-Effretikon,ZH,,not_found,,,C:\Users\peter.staub\OneDrive - pom+Consulting AG\Daten\pom+Education\RIS_2026\dashboard\data\Reglemente\ZH_IllnauEffretikon.pdf,kein_online_treffer
160,Zumikon,ZH,Bau- und Zonenordnung - Zumikon,ok,https://www.zumikon.ch/_docn/3193363/700.1_-_Bau-_und_Zonenordnung_signiert.pdf,C:\Users\peter.staub\OneDrive - pom+Consulting AG\Daten\pom+Education\RIS_2026\dashboard\data\audit\bzo_downloads\Zumikon.pdf,C:\Users\peter.staub\OneDrive - pom+Consulting AG\Daten\pom+Education\RIS_2026\dashboard\data\Reglemente\ZH_Zumikon.pdf,unbekannt
160,Zumikon,ZH,20250225_Zumikon_Teilrev_NP_BZO_synoptisch_GV,ok,https://www.zumikon.ch/_docn/5637709/02._BZO._20250225_Zumikon_Teilrev_NP.pdf,C:\Users\peter.staub\OneDrive - pom+Consulting AG\Daten\pom+Education\RIS_2026\dashboard\data\audit\bzo_downloads\Zumikon_2.pdf,C:\Users\peter.staub\OneDrive - pom+Consulting AG\Daten\pom+Education\RIS_2026\dashboard\data\Reglemente\ZH_Zumikon.pdf,unbekannt
160,Zumikon,ZH,A200066.00_Bau- und Zonenordnung 06032018_Anhaenge.indd - Zumikon,ok,https://www.zumikon.ch/_docn/2461027/A200066.00_Bau-_und_Zonenordnung_06032018_Anhaenge_WEB.pdf,C:\Users\peter.staub\OneDrive - pom+Consulting AG\Daten\pom+Education\RIS_2026\dashboard\data\audit\bzo_downloads\Zumikon_3.pdf,C:\Users\peter.staub\OneDrive - pom+Consulting AG\Daten\pom+Education\RIS_2026\dashboard\data\Reglemente\ZH_Zumikon.pdf,unbekannt
160,Zumikon,ZH,20260806_Zumikon_T30_technische_Grundlagen_Goessikon,download_failed,https://www.zumikon.ch/_docn/7165420/20260806_Zumikon_T30_technische_Grundlagen_Goessikon..pdf,,C:\Users\peter.staub\OneDrive - pom+Consulting AG\Daten\pom+Education\RIS_2026\dashboard\data\Reglemente\ZH_Zumikon.pdf,unbekannt
160,Zumikon,ZH,Gemeinde Zumikon - Kanton Zürich,ok,https://www.zh.ch/content/dam/zhweb/bilder-dokumente/themen/planen-bauen/raumplanung/nutzungsplanung/vdnp/vdnp_ergaenzungen_zumikon.pdf,C:\Users\peter.staub\OneDrive - pom+Consulting AG\Daten\pom+Education\RIS_2026\dashboard\data\audit\bzo_downloads\Zumikon_5.pdf,C:\Users\peter.staub\OneDrive - pom+Consulting AG\Daten\pom+Education\RIS_2026\dashboard\data\Reglemente\ZH_Zumikon.pdf,lokal_aktuell
158,Stäfa,ZH,20090715_BZO_Genehmigt_20100927 - Stäfa,ok,https://www.staefa.ch/public/upload/assets/17/BZO_mitAnhang.pdf,C:\Users\peter.staub\OneDrive - pom+Consulting AG\Daten\pom+Education\RIS_2026\dashboard\data\audit\bzo_downloads\Stäfa.pdf,C:\Users\peter.staub\OneDrive - pom+Consulting AG\Daten\pom+Education\RIS_2026\dashboard\data\Reglemente\ZH_Stäfa.pdf,lokal_aktuell
153,Hombrechtikon,ZH,,not_found,,,C:\Users\peter.staub\OneDrive - pom+Consulting AG\Daten\pom+Education\RIS_2026\dashboard\data\Reglemente\ZH_Hombrechtikon.pdf,kein_online_treffer
151,Erlenbach (ZH),ZH,,not_found,,,C:\Users\peter.staub\OneDrive - pom+Consulting AG\Daten\pom+Education\RIS_2026\dashboard\data\Reglemente\ZH_Erlenbach.pdf,kein_online_treffer
152,Herrliberg,ZH,,not_found,,,C:\Users\peter.staub\OneDrive - pom+Consulting AG\Daten\pom+Education\RIS_2026\dashboard\data\Reglemente\ZH_Herrliberg.pdf,kein_online_treffer
156,Meilen,ZH,BAU- UND ZONENORDNUNG (BZO) - Meilen,ok,https://www.meilen.ch/_docn/2708348/2.1._Bau-_und_Zonenordnung_BZO.pdf,C:\Users\peter.staub\OneDrive - pom+Consulting AG\Daten\pom+Education\RIS_2026\dashboard\data\audit\bzo_downloads\Meilen.pdf,C:\Users\peter.staub\OneDrive - pom+Consulting AG\Daten\pom+Education\RIS_2026\dashboard\data\Reglemente\ZH_Meilen.pdf,unbekannt
156,Meilen,ZH,20201015_Meilen_BZO_mit Kommentaren,ok,https://www.meilen.ch/_docn/2842924/14_20201015_Meilen_BZO_mit_Kommentaren.pdf,C:\Users\peter.staub\OneDrive - pom+Consulting AG\Daten\pom+Education\RIS_2026\dashboard\data\audit\bzo_downloads\Meilen_2.pdf,C:\Users\peter.staub\OneDrive - pom+Consulting AG\Daten\pom+Education\RIS_2026\dashboard\data\Reglemente\ZH_Meilen.pdf,unbekannt
156,Meilen,ZH,20190521_Meilen_BZO_Synopse,ok,https://www.meilen.ch/_docn/2150341/D_Teilrevision_Nutzungsplanung_Bau-_und_Zonenordnung_Synopse.pdf,C:\Users\peter.staub\OneDrive - pom+Consulting AG\Daten\pom+Education\RIS_2026\dashboard\data\audit\bzo_downloads\Meilen_3.pdf,C:\Users\peter.staub\OneDrive - pom+Consulting AG\Daten\pom+Education\RIS_2026\dashboard\data\Reglemente\ZH_Meilen.pdf,unbekannt
156,Meilen,ZH,"Neulich in Meilen Teilrevision Nutzungsplanung, Bau",ok,https://meileneranzeiger.ch/wp-content/uploads/2025/10/Gmd-Meilen_Ins_Teilrevision-Nutzungsplanung_43_25_web.pdf,C:\Users\peter.staub\OneDrive - pom+Consulting AG\Daten\pom+Education\RIS_2026\dashboard\data\audit\bzo_downloads\Meilen_4.pdf,C:\Users\peter.staub\OneDrive - pom+Consulting AG\Daten\pom+Education\RIS_2026\dashboard\data\Reglemente\ZH_Meilen.pdf,online_neuer
156,Meilen,ZH,Microsoft Word - 20200723_Meilen_Planungsbericht_2.docx,ok,https://www.meilen.ch/_docn/2708096/Erlaeuternder_Bericht_gemaess_Art._47_RPV.pdf,C:\Users\peter.staub\OneDrive - pom+Consulting AG\Daten\pom+Education\RIS_2026\dashboard\data\audit\bzo_downloads\Meilen_5.pdf,C:\Users\peter.staub\OneDrive - pom+Consulting AG\Daten\pom+Education\RIS_2026\dashboard\data\Reglemente\ZH_Meilen.pdf,unbekannt
157,Oetwil am See,ZH,Änderung der Bau- und Zonenordnun,ok,https://www.oetwiladl.ch/public/upload/assets/3360/Rev.BZO_Synopse.pdf,C:\Users\peter.staub\OneDrive - pom+Consulting AG\Daten\pom+Education\RIS_2026\dashboard\data\audit\bzo_downloads\Oetwil_am_See.pdf,C:\Users\peter.staub\OneDrive - pom+Consulting AG\Daten\pom+Education\RIS_2026\dashboard\data\Reglemente\ZH_OetwilAmSee.pdf,lokal_aktuell
154,Küsnacht (ZH),ZH,,not_found,,,C:\Users\peter.staub\OneDrive - pom+Consulting AG\Daten\pom+Education\RIS_2026\dashboard\data\Reglemente\ZH_Küsnacht.pdf,kein_online_treffer
155,Männedorf,ZH,,not_found,,,C:\Users\peter.staub\OneDrive - pom+Consulting AG\Daten\pom+Education\RIS_2026\dashboard\data\Reglemente\ZH_Männedorf.pdf,kein_online_treffer
159,Uetikon am See,ZH,,not_found,,,C:\Users\peter.staub\OneDrive - pom+Consulting AG\Daten\pom+Education\RIS_2026\dashboard\data\Reglemente\ZH_UetikonAmSee.pdf,kein_online_treffer
161,Zollikon,ZH,,not_found,,,C:\Users\peter.staub\OneDrive - pom+Consulting AG\Daten\pom+Education\RIS_2026\dashboard\data\Reglemente\ZH_Zollikon.pdf,kein_online_treffer
141,Thalwil,ZH,,not_found,,,C:\Users\peter.staub\OneDrive - pom+Consulting AG\Daten\pom+Education\RIS_2026\dashboard\data\Reglemente\ZH_Thalwil.pdf,kein_online_treffer
131,Adliswil,ZH,,not_found,,,C:\Users\peter.staub\OneDrive - pom+Consulting AG\Daten\pom+Education\RIS_2026\dashboard\data\Reglemente\ZH_Adliswil.pdf,kein_online_treffer
137,Oberrieden,ZH,,not_found,,,C:\Users\peter.staub\OneDrive - pom+Consulting AG\Daten\pom+Education\RIS_2026\dashboard\data\Reglemente\ZH_Oberrieden.pdf,kein_online_treffer
136,Langnau am Albis,ZH,,not_found,,,C:\Users\peter.staub\OneDrive - pom+Consulting AG\Daten\pom+Education\RIS_2026\dashboard\data\Reglemente\ZH_LangnauAmAlbis.pdf,kein_online_treffer
135,Kilchberg (ZH),ZH,,not_found,,,C:\Users\peter.staub\OneDrive - pom+Consulting AG\Daten\pom+Education\RIS_2026\dashboard\data\Reglemente\ZH_Kilchberg.pdf,kein_online_treffer
139,Rüschlikon,ZH,,not_found,,,C:\Users\peter.staub\OneDrive - pom+Consulting AG\Daten\pom+Education\RIS_2026\dashboard\data\Reglemente\ZH_Rüschlikon.pdf,kein_online_treffer
138,Richterswil,ZH,,not_found,,,C:\Users\peter.staub\OneDrive - pom+Consulting AG\Daten\pom+Education\RIS_2026\dashboard\data\Reglemente\ZH_Richterswil.pdf,kein_online_treffer
295,Horgen,ZH,,not_found,,,C:\Users\peter.staub\OneDrive - pom+Consulting AG\Daten\pom+Education\RIS_2026\dashboard\data\Reglemente\ZH_Horgen.pdf,kein_online_treffer
293,Wädenswil,ZH,,not_found,,,C:\Users\peter.staub\OneDrive - pom+Consulting AG\Daten\pom+Education\RIS_2026\dashboard\data\Reglemente\ZH_Wädenswil.pdf,kein_online_treffer
121,Wetzikon (ZH),ZH,,not_found,,,C:\Users\peter.staub\OneDrive - pom+Consulting AG\Daten\pom+Education\RIS_2026\dashboard\data\Reglemente\ZH_Wetzikon.pdf,kein_online_treffer
120,Wald (ZH),ZH,,not_found,,,C:\Users\peter.staub\OneDrive - pom+Consulting AG\Daten\pom+Education\RIS_2026\dashboard\data\Reglemente\ZH_Wald.pdf,kein_online_treffer
112,Bubikon,ZH,,not_found,,,C:\Users\peter.staub\OneDrive - pom+Consulting AG\Daten\pom+Education\RIS_2026\dashboard\data\Reglemente\ZH_Bubikon.pdf,kein_online_treffer
111,Bäretswil,ZH,,not_found,,,C:\Users\peter.staub\OneDrive - pom+Consulting AG\Daten\pom+Education\RIS_2026\dashboard\data\Reglemente\ZH_Bäretswil.pdf,kein_online_treffer
116,Grüningen,ZH,,not_found,,,C:\Users\peter.staub\OneDrive - pom+Consulting AG\Daten\pom+Education\RIS_2026\dashboard\data\Reglemente\ZH_Grüningen.pdf,kein_online_treffer
114,Fischenthal,ZH,,not_found,,,C:\Users\peter.staub\OneDrive - pom+Consulting AG\Daten\pom+Education\RIS_2026\dashboard\data\Reglemente\ZH_Fischenthal.pdf,kein_online_treffer
115,Gossau (ZH),ZH,,not_found,,,C:\Users\peter.staub\OneDrive - pom+Consulting AG\Daten\pom+Education\RIS_2026\dashboard\data\Reglemente\ZH_Gossau.pdf,kein_online_treffer
117,Hinwil,ZH,,not_found,,,C:\Users\peter.staub\OneDrive - pom+Consulting AG\Daten\pom+Education\RIS_2026\dashboard\data\Reglemente\ZH_Hinwil.pdf,kein_online_treffer
113,Dürnten,ZH,,not_found,,,C:\Users\peter.staub\OneDrive - pom+Consulting AG\Daten\pom+Education\RIS_2026\dashboard\data\Reglemente\ZH_Dürnten.pdf,kein_online_treffer
118,Rüti (ZH),ZH,,not_found,,,C:\Users\peter.staub\OneDrive - pom+Consulting AG\Daten\pom+Education\RIS_2026\dashboard\data\Reglemente\ZH_Rüti.pdf,kein_online_treffer
119,Seegräben,ZH,,not_found,,,C:\Users\peter.staub\OneDrive - pom+Consulting AG\Daten\pom+Education\RIS_2026\dashboard\data\Reglemente\ZH_Seegräben.pdf,kein_online_treffer
100,Stadel,ZH,,not_found,,,C:\Users\peter.staub\OneDrive - pom+Consulting AG\Daten\pom+Education\RIS_2026\dashboard\data\Reglemente\ZH_Stadel.pdf,kein_online_treffer
102,Weiach,ZH,,not_found,,,C:\Users\peter.staub\OneDrive - pom+Consulting AG\Daten\pom+Education\RIS_2026\dashboard\data\Reglemente\ZH_Weiach.pdf,kein_online_treffer
101,Steinmaur,ZH,,not_found,,,C:\Users\peter.staub\OneDrive - pom+Consulting AG\Daten\pom+Education\RIS_2026\dashboard\data\Reglemente\ZH_Steinmaur.pdf,kein_online_treffer
83,Buchs (ZH),ZH,Stadt Buchs,ok,https://buchs-sg.ch/wp-content/uploads/2025/11/2025-11-14-Bedienungsanleitung-Stadt-Buchs-App.pdf,C:\Users\peter.staub\OneDrive - pom+Consulting AG\Daten\pom+Education\RIS_2026\dashboard\data\audit\bzo_downloads\Buchs_ZH.pdf,C:\Users\peter.staub\OneDrive - pom+Consulting AG\Daten\pom+Education\RIS_2026\dashboard\data\Reglemente\ZH_Buchs.pdf,online_neuer
86,Dielsdorf,ZH,,not_found,,,C:\Users\peter.staub\OneDrive - pom+Consulting AG\Daten\pom+Education\RIS_2026\dashboard\data\Reglemente\ZH_Dielsdorf.pdf,kein_online_treffer
84,Dällikon,ZH,,not_found,,,C:\Users\peter.staub\OneDrive - pom+Consulting AG\Daten\pom+Education\RIS_2026\dashboard\data\Reglemente\ZH_Dällikon.pdf,kein_online_treffer
85,Dänikon,ZH,,not_found,,,C:\Users\peter.staub\OneDrive - pom+Consulting AG\Daten\pom+Education\RIS_2026\dashboard\data\Reglemente\ZH_Dänikon.pdf,kein_online_treffer
81,Bachs,ZH,,not_found,,,C:\Users\peter.staub\OneDrive - pom+Consulting AG\Daten\pom+Education\RIS_2026\dashboard\data\Reglemente\ZH_Bachs.pdf,kein_online_treffer
82,Boppelsen,ZH,,not_found,,,C:\Users\peter.staub\OneDrive - pom+Consulting AG\Daten\pom+Education\RIS_2026\dashboard\data\Reglemente\ZH_Boppelsen.pdf,kein_online_treffer
87,Hüttikon,ZH,,not_found,,,C:\Users\peter.staub\OneDrive - pom+Consulting AG\Daten\pom+Education\RIS_2026\dashboard\data\Reglemente\ZH_Hüttikon.pdf,kein_online_treffer
93,Oberweningen,ZH,,not_found,,,C:\Users\peter.staub\OneDrive - pom+Consulting AG\Daten\pom+Education\RIS_2026\dashboard\data\Reglemente\ZH_Oberweningen.pdf,kein_online_treffer
92,Oberglatt,ZH,,not_found,,,C:\Users\peter.staub\OneDrive - pom+Consulting AG\Daten\pom+Education\RIS_2026\dashboard\data\Reglemente\ZH_Oberglatt.pdf,kein_online_treffer
89,Niederglatt,ZH,,not_found,,,C:\Users\peter.staub\OneDrive - pom+Consulting AG\Daten\pom+Education\RIS_2026\dashboard\data\Reglemente\ZH_Niederglatt.pdf,kein_online_treffer
88,Neerach,ZH,,not_found,,,C:\Users\peter.staub\OneDrive - pom+Consulting AG\Daten\pom+Education\RIS_2026\dashboard\data\Reglemente\ZH_Neerach.pdf,kein_online_treffer
90,Niederhasli,ZH,,not_found,,,C:\Users\peter.staub\OneDrive - pom+Consulting AG\Daten\pom+Education\RIS_2026\dashboard\data\Reglemente\ZH_Niederhasli.pdf,kein_online_treffer
91,Niederweningen,ZH,,not_found,,,C:\Users\peter.staub\OneDrive - pom+Consulting AG\Daten\pom+Education\RIS_2026\dashboard\data\Reglemente\ZH_Niederweningen.pdf,kein_online_treffer
97,Rümlang,ZH,,not_found,,,C:\Users\peter.staub\OneDrive - pom+Consulting AG\Daten\pom+Education\RIS_2026\dashboard\data\Reglemente\ZH_Rümlang.pdf,kein_online_treffer
99,Schöfflisdorf,ZH,,not_found,,,C:\Users\peter.staub\OneDrive - pom+Consulting AG\Daten\pom+Education\RIS_2026\dashboard\data\Reglemente\ZH_Schöfflisdorf.pdf,kein_online_treffer
98,Schleinikon,ZH,,not_found,,,C:\Users\peter.staub\OneDrive - pom+Consulting AG\Daten\pom+Education\RIS_2026\dashboard\data\Reglemente\ZH_Schleinikon.pdf,kein_online_treffer
94,Otelfingen,ZH,,not_found,,,C:\Users\peter.staub\OneDrive - pom+Consulting AG\Daten\pom+Education\RIS_2026\dashboard\data\Reglemente\ZH_Otelfingen.pdf,kein_online_treffer
95,Regensberg,ZH,,not_found,,,C:\Users\peter.staub\OneDrive - pom+Consulting AG\Daten\pom+Education\RIS_2026\dashboard\data\Reglemente\ZH_Regensberg.pdf,kein_online_treffer
96,Regensdorf,ZH,,not_found,,,C:\Users\peter.staub\OneDrive - pom+Consulting AG\Daten\pom+Education\RIS_2026\dashboard\data\Reglemente\ZH_Regensdorf.pdf,kein_online_treffer
71,Wil (ZH),ZH,,not_found,,,C:\Users\peter.staub\OneDrive - pom+Consulting AG\Daten\pom+Education\RIS_2026\dashboard\data\Reglemente\ZH_Wil.pdf,kein_online_treffer
72,Winkel,ZH,,not_found,,,C:\Users\peter.staub\OneDrive - pom+Consulting AG\Daten\pom+Education\RIS_2026\dashboard\data\Reglemente\ZH_Winkel.pdf,kein_online_treffer
70,Wasterkingen,ZH,,not_found,,,C:\Users\peter.staub\OneDrive - pom+Consulting AG\Daten\pom+Education\RIS_2026\dashboard\data\Reglemente\ZH_Wasterkingen.pdf,kein_online_treffer
69,Wallisellen,ZH,,not_found,,,C:\Users\peter.staub\OneDrive - pom+Consulting AG\Daten\pom+Education\RIS_2026\dashboard\data\Reglemente\ZH_Wallisellen.pdf,kein_online_treffer
53,Bülach,ZH,,not_found,,,C:\Users\peter.staub\OneDrive - pom+Consulting AG\Daten\pom+Education\RIS_2026\dashboard\data\Reglemente\ZH_Bülach.pdf,kein_online_treffer
54,Dietlikon,ZH,,not_found,,,C:\Users\peter.staub\OneDrive - pom+Consulting AG\Daten\pom+Education\RIS_2026\dashboard\data\Reglemente\ZH_Dietlikon.pdf,kein_online_treffer
51,Bachenbülach,ZH,,not_found,,,C:\Users\peter.staub\OneDrive - pom+Consulting AG\Daten\pom+Education\RIS_2026\dashboard\data\Reglemente\ZH_Bachenbülach.pdf,kein_online_treffer
52,Bassersdorf,ZH,,not_found,,,C:\Users\peter.staub\OneDrive - pom+Consulting AG\Daten\pom+Education\RIS_2026\dashboard\data\Reglemente\ZH_Bassersdorf.pdf,kein_online_treffer
57,Freienstein-Teufen,ZH,,not_found,,,C:\Users\peter.staub\OneDrive - pom+Consulting AG\Daten\pom+Education\RIS_2026\dashboard\data\Reglemente\ZH_FreiensteinTeufen.pdf,kein_online_treffer
58,Glattfelden,ZH,,not_found,,,C:\Users\peter.staub\OneDrive - pom+Consulting AG\Daten\pom+Education\RIS_2026\dashboard\data\Reglemente\ZH_Glattfelden.pdf,kein_online_treffer
59,Hochfelden,ZH,,not_found,,,C:\Users\peter.staub\OneDrive - pom+Consulting AG\Daten\pom+Education\RIS_2026\dashboard\data\Reglemente\ZH_Hochfelden.pdf,kein_online_treffer
55,Eglisau,ZH,,not_found,,,C:\Users\peter.staub\OneDrive - pom+Consulting AG\Daten\pom+Education\RIS_2026\dashboard\data\Reglemente\ZH_Eglisau.pdf,kein_online_treffer
61,Hüntwangen,ZH,,not_found,,,C:\Users\peter.staub\OneDrive - pom+Consulting AG\Daten\pom+Education\RIS_2026\dashboard\data\Reglemente\ZH_Hüntwangen.pdf,kein_online_treffer
60,Höri,ZH,,not_found,,,C:\Users\peter.staub\OneDrive - pom+Consulting AG\Daten\pom+Education\RIS_2026\dashboard\data\Reglemente\ZH_Höri.pdf,kein_online_treffer
56,Embrach,ZH,,not_found,,,C:\Users\peter.staub\OneDrive - pom+Consulting AG\Daten\pom+Education\RIS_2026\dashboard\data\Reglemente\ZH_Embrach.pdf,kein_online_treffer
66,Opfikon,ZH,,not_found,,,C:\Users\peter.staub\OneDrive - pom+Consulting AG\Daten\pom+Education\RIS_2026\dashboard\data\Reglemente\ZH_Opfikon.pdf,kein_online_treffer
65,Oberembrach,ZH,,not_found,,,C:\Users\peter.staub\OneDrive - pom+Consulting AG\Daten\pom+Education\RIS_2026\dashboard\data\Reglemente\ZH_Oberembrach.pdf,kein_online_treffer
63,Lufingen,ZH,,not_found,,,C:\Users\peter.staub\OneDrive - pom+Consulting AG\Daten\pom+Education\RIS_2026\dashboard\data\Reglemente\ZH_Lufingen.pdf,kein_online_treffer
68,Rorbas,ZH,,not_found,,,C:\Users\peter.staub\OneDrive - pom+Consulting AG\Daten\pom+Education\RIS_2026\dashboard\data\Reglemente\ZH_Rorbas.pdf,kein_online_treffer
67,Rafz,ZH,,not_found,,,C:\Users\peter.staub\OneDrive - pom+Consulting AG\Daten\pom+Education\RIS_2026\dashboard\data\Reglemente\ZH_Rafz.pdf,kein_online_treffer
62,Kloten,ZH,,not_found,,,C:\Users\peter.staub\OneDrive - pom+Consulting AG\Daten\pom+Education\RIS_2026\dashboard\data\Reglemente\ZH_Kloten.pdf,kein_online_treffer
64,Nürensdorf,ZH,,not_found,,,C:\Users\peter.staub\OneDrive - pom+Consulting AG\Daten\pom+Education\RIS_2026\dashboard\data\Reglemente\ZH_Nürensdorf.pdf,kein_online_treffer
43,Volken,ZH,,not_found,,,C:\Users\peter.staub\OneDrive - pom+Consulting AG\Daten\pom+Education\RIS_2026\dashboard\data\Reglemente\ZH_Volken.pdf,kein_online_treffer
39,Thalheim an der Thur,ZH,,not_found,,,C:\Users\peter.staub\OneDrive - pom+Consulting AG\Daten\pom+Education\RIS_2026\dashboard\data\Reglemente\ZH_ThalheimAnDerThur.pdf,kein_online_treffer
40,Trüllikon,ZH,,not_found,,,C:\Users\peter.staub\OneDrive - pom+Consulting AG\Daten\pom+Education\RIS_2026\dashboard\data\Reglemente\ZH_Trüllikon.pdf,kein_online_treffer
41,Truttikon,ZH,,not_found,,,C:\Users\peter.staub\OneDrive - pom+Consulting AG\Daten\pom+Education\RIS_2026\dashboard\data\Reglemente\ZH_Truttikon.pdf,kein_online_treffer
25,Dachsen,ZH,,not_found,,,C:\Users\peter.staub\OneDrive - pom+Consulting AG\Daten\pom+Education\RIS_2026\dashboard\data\Reglemente\ZH_Dachsen.pdf,kein_online_treffer
23,Berg am Irchel,ZH,,not_found,,,C:\Users\peter.staub\OneDrive - pom+Consulting AG\Daten\pom+Education\RIS_2026\dashboard\data\Reglemente\ZH_BergAmIrchel.pdf,kein_online_treffer
22,Benken (ZH),ZH,,not_found,,,C:\Users\peter.staub\OneDrive - pom+Consulting AG\Daten\pom+Education\RIS_2026\dashboard\data\Reglemente\ZH_Benken.pdf,kein_online_treffer
29,Flurlingen,ZH,,not_found,,,C:\Users\peter.staub\OneDrive - pom+Consulting AG\Daten\pom+Education\RIS_2026\dashboard\data\Reglemente\ZH_Flurlingen.pdf,kein_online_treffer
27,Feuerthalen,ZH,,not_found,,,C:\Users\peter.staub\OneDrive - pom+Consulting AG\Daten\pom+Education\RIS_2026\dashboard\data\Reglemente\ZH_Feuerthalen.pdf,kein_online_treffer
28,Flaach,ZH,,not_found,,,C:\Users\peter.staub\OneDrive - pom+Consulting AG\Daten\pom+Education\RIS_2026\dashboard\data\Reglemente\ZH_Flaach.pdf,kein_online_treffer
26,Dorf,ZH,,not_found,,,C:\Users\peter.staub\OneDrive - pom+Consulting AG\Daten\pom+Education\RIS_2026\dashboard\data\Reglemente\ZH_Dorf.pdf,kein_online_treffer
31,Henggart,ZH,,not_found,,,C:\Users\peter.staub\OneDrive - pom+Consulting AG\Daten\pom+Education\RIS_2026\dashboard\data\Reglemente\ZH_Henggart.pdf,kein_online_treffer
34,Laufen-Uhwiesen,ZH,,not_found,,,C:\Users\peter.staub\OneDrive - pom+Consulting AG\Daten\pom+Education\RIS_2026\dashboard\data\Reglemente\ZH_LaufenUhwiesen.pdf,kein_online_treffer
33,Kleinandelfingen,ZH,,not_found,,,C:\Users\peter.staub\OneDrive - pom+Consulting AG\Daten\pom+Education\RIS_2026\dashboard\data\Reglemente\ZH_Kleinandelfingen.pdf,kein_online_treffer
35,Marthalen,ZH,,not_found,,,C:\Users\peter.staub\OneDrive - pom+Consulting AG\Daten\pom+Education\RIS_2026\dashboard\data\Reglemente\ZH_Marthalen.pdf,kein_online_treffer
38,Rheinau,ZH,,not_found,,,C:\Users\peter.staub\OneDrive - pom+Consulting AG\Daten\pom+Education\RIS_2026\dashboard\data\Reglemente\ZH_Rheinau.pdf,kein_online_treffer
37,Ossingen,ZH,,not_found,,,C:\Users\peter.staub\OneDrive - pom+Consulting AG\Daten\pom+Education\RIS_2026\dashboard\data\Reglemente\ZH_Ossingen.pdf,kein_online_treffer
24,Buch am Irchel,ZH,,not_found,,,C:\Users\peter.staub\OneDrive - pom+Consulting AG\Daten\pom+Education\RIS_2026\dashboard\data\Reglemente\ZH_BuchAmIrchel.pdf,kein_online_treffer
292,Stammheim,ZH,,not_found,,,,
291,Andelfingen,ZH,,not_found,,,C:\Users\peter.staub\OneDrive - pom+Consulting AG\Daten\pom+Education\RIS_2026\dashboard\data\Reglemente\ZH_Andelfingen.pdf,kein_online_treffer
261,Zürich,ZH,,not_found,,,C:\Users\peter.staub\OneDrive - pom+Consulting AG\Daten\pom+Education\RIS_2026\dashboard\data\Reglemente\ZH_Zürich.pdf,kein_online_treffer
242,Birmensdorf (ZH),ZH,,not_found,,,C:\Users\peter.staub\OneDrive - pom+Consulting AG\Daten\pom+Education\RIS_2026\dashboard\data\Reglemente\ZH_Birmensdorf.pdf,kein_online_treffer
243,Dietikon,ZH,,not_found,,,C:\Users\peter.staub\OneDrive - pom+Consulting AG\Daten\pom+Education\RIS_2026\dashboard\data\Reglemente\ZH_Dietikon.pdf,kein_online_treffer
244,Geroldswil,ZH,,not_found,,,C:\Users\peter.staub\OneDrive - pom+Consulting AG\Daten\pom+Education\RIS_2026\dashboard\data\Reglemente\ZH_Geroldswil.pdf,kein_online_treffer
245,Oberengstringen,ZH,,not_found,,,C:\Users\peter.staub\OneDrive - pom+Consulting AG\Daten\pom+Education\RIS_2026\dashboard\data\Reglemente\ZH_Oberengstringen.pdf,kein_online_treffer
246,Oetwil an der Limmat,ZH,,not_found,,,C:\Users\peter.staub\OneDrive - pom+Consulting AG\Daten\pom+Education\RIS_2026\dashboard\data\Reglemente\ZH_OetwilAnDerLimmat.pdf,kein_online_treffer
247,Schlieren,ZH,,not_found,,,C:\Users\peter.staub\OneDrive - pom+Consulting AG\Daten\pom+Education\RIS_2026\dashboard\data\Reglemente\ZH_Schlieren.pdf,kein_online_treffer
248,Uitikon,ZH,,not_found,,,C:\Users\peter.staub\OneDrive - pom+Consulting AG\Daten\pom+Education\RIS_2026\dashboard\data\Reglemente\ZH_Uitikon.pdf,kein_online_treffer
249,Unterengstringen,ZH,,not_found,,,C:\Users\peter.staub\OneDrive - pom+Consulting AG\Daten\pom+Education\RIS_2026\dashboard\data\Reglemente\ZH_Unterengstringen.pdf,kein_online_treffer
250,Urdorf,ZH,,not_found,,,C:\Users\peter.staub\OneDrive - pom+Consulting AG\Daten\pom+Education\RIS_2026\dashboard\data\Reglemente\ZH_Urdorf.pdf,kein_online_treffer
251,Weiningen (ZH),ZH,,not_found,,,C:\Users\peter.staub\OneDrive - pom+Consulting AG\Daten\pom+Education\RIS_2026\dashboard\data\Reglemente\ZH_Weiningen.pdf,kein_online_treffer
241,Aesch (ZH),ZH,,not_found,,,C:\Users\peter.staub\OneDrive - pom+Consulting AG\Daten\pom+Education\RIS_2026\dashboard\data\Reglemente\ZH_Aesch.pdf,kein_online_treffer
431,Corgémont,BE,,not_found,,,,
432,Cormoret,BE,,not_found,,,,
433,Cortébert,BE,,not_found,,,,
434,Courtelary,BE,,not_found,,,,
435,La Ferrière,BE,,not_found,,,,
437,Mont-Tramelan,BE,,not_found,,,,
438,Orvin,BE,,not_found,,,,
441,Renan (BE),BE,,not_found,,,,
442,Romont (BE),BE,,not_found,,,,
443,Saint-Imier,BE,,not_found,,,,
444,Sonceboz-Sombeval,BE,,not_found,,,,
445,Sonvilier,BE,,not_found,,,,
446,Tramelan,BE,,not_found,,,,
448,Villeret,BE,,not_found,,,,
681,Belprahon,BE,,not_found,,,,
683,Champoz,BE,,not_found,,,,
687,Corcelles (BE),BE,,not_found,,,,
690,Court,BE,,not_found,,,,
691,Crémines,BE,,not_found,,,,
692,Eschert,BE,,not_found,,,,
694,Grandval,BE,,not_found,,,,
696,Loveresse,BE,,not_found,,,,
701,Perrefitte,BE,,not_found,,,,
703,Reconvilier,BE,,not_found,,,,
704,Roches (BE),BE,,not_found,,,,
706,Saicourt,BE,,not_found,,,,
707,Saules (BE),BE,,not_found,,,,
708,Schelten,BE,,not_found,,,,
709,Seehof,BE,,not_found,,,,
711,Sorvilier,BE,,not_found,,,,
713,Tavannes,BE,,not_found,,,,
715,Rebévelier,BE,,not_found,,,,
723,La Neuveville,BE,,not_found,,,,
724,Nods,BE,,not_found,,,,
449,Sauge,BE,,not_found,,,,
726,Plateau de Diesse,BE,,not_found,,,,
450,Péry-La Heutte,BE,,not_found,,,,
717,Valbirse,BE,,not_found,,,,
716,Petit-Val,BE,,not_found,,,,
756,Twann-Tüscherz,BE,,not_found,,,C:\Users\peter.staub\OneDrive - pom+Consulting AG\Daten\pom+Education\RIS_2026\dashboard\data\Reglemente\BE_TwannTüscherz.pdf,kein_online_treffer
371,Biel/Bienne,BE,,not_found,,,C:\Users\peter.staub\OneDrive - pom+Consulting AG\Daten\pom+Education\RIS_2026\dashboard\data\Reglemente\BE_BielBienne.pdf,kein_online_treffer
372,Evilard,BE,,not_found,,,C:\Users\peter.staub\OneDrive - pom+Consulting AG\Daten\pom+Education\RIS_2026\dashboard\data\Reglemente\BE_Evilard.pdf,kein_online_treffer
387,Lengnau (BE),BE,,not_found,,,C:\Users\peter.staub\OneDrive - pom+Consulting AG\Daten\pom+Education\RIS_2026\dashboard\data\Reglemente\BE_Lengnau.pdf,kein_online_treffer
390,Meinisberg,BE,,not_found,,,C:\Users\peter.staub\OneDrive - pom+Consulting AG\Daten\pom+Education\RIS_2026\dashboard\data\Reglemente\BE_Meinisberg.pdf,kein_online_treffer
392,Pieterlen,BE,,not_found,,,C:\Users\peter.staub\OneDrive - pom+Consulting AG\Daten\pom+Education\RIS_2026\dashboard\data\Reglemente\BE_Pieterlen.pdf,kein_online_treffer
731,Aegerten,BE,,not_found,,,C:\Users\peter.staub\OneDrive - pom+Consulting AG\Daten\pom+Education\RIS_2026\dashboard\data\Reglemente\BE_Aegerten.pdf,kein_online_treffer
732,Bellmund,BE,,not_found,,,C:\Users\peter.staub\OneDrive - pom+Consulting AG\Daten\pom+Education\RIS_2026\dashboard\data\Reglemente\BE_Bellmund.pdf,kein_online_treffer
733,Brügg,BE,,not_found,,,C:\Users\peter.staub\OneDrive - pom+Consulting AG\Daten\pom+Education\RIS_2026\dashboard\data\Reglemente\BE_Brügg.pdf,kein_online_treffer
739,Ipsach,BE,,not_found,,,C:\Users\peter.staub\OneDrive - pom+Consulting AG\Daten\pom+Education\RIS_2026\dashboard\data\Reglemente\BE_Ipsach.pdf,kein_online_treffer
740,Ligerz,BE,,not_found,,,C:\Users\peter.staub\OneDrive - pom+Consulting AG\Daten\pom+Education\RIS_2026\dashboard\data\Reglemente\BE_Ligerz.pdf,kein_online_treffer
742,Mörigen,BE,,not_found,,,C:\Users\peter.staub\OneDrive - pom+Consulting AG\Daten\pom+Education\RIS_2026\dashboard\data\Reglemente\BE_Mörigen.pdf,kein_online_treffer
743,Nidau,BE,,not_found,,,C:\Users\peter.staub\OneDrive - pom+Consulting AG\Daten\pom+Education\RIS_2026\dashboard\data\Reglemente\BE_Nidau.pdf,kein_online_treffer
744,Orpund,BE,,not_found,,,C:\Users\peter.staub\OneDrive - pom+Consulting AG\Daten\pom+Education\RIS_2026\dashboard\data\Reglemente\BE_Orpund.pdf,kein_online_treffer
745,Port,BE,,not_found,,,C:\Users\peter.staub\OneDrive - pom+Consulting AG\Daten\pom+Education\RIS_2026\dashboard\data\Reglemente\BE_Port.pdf,kein_online_treffer
746,Safnern,BE,,not_found,,,C:\Users\peter.staub\OneDrive - pom+Consulting AG\Daten\pom+Education\RIS_2026\dashboard\data\Reglemente\BE_Safnern.pdf,kein_online_treffer
747,Scheuren,BE,,not_found,,,C:\Users\peter.staub\OneDrive - pom+Consulting AG\Daten\pom+Education\RIS_2026\dashboard\data\Reglemente\BE_Scheuren.pdf,kein_online_treffer
748,Schwadernau,BE,,not_found,,,C:\Users\peter.staub\OneDrive - pom+Consulting AG\Daten\pom+Education\RIS_2026\dashboard\data\Reglemente\BE_Schwadernau.pdf,kein_online_treffer
750,Sutz-Lattrigen,BE,,not_found,,,C:\Users\peter.staub\OneDrive - pom+Consulting AG\Daten\pom+Education\RIS_2026\dashboard\data\Reglemente\BE_SutzLattrigen.pdf,kein_online_treffer
301,Aarberg,BE,,not_found,,,C:\Users\peter.staub\OneDrive - pom+Consulting AG\Daten\pom+Education\RIS_2026\dashboard\data\Reglemente\BE_Aarberg.pdf,kein_online_treffer
302,Bargen (BE),BE,,not_found,,,C:\Users\peter.staub\OneDrive - pom+Consulting AG\Daten\pom+Education\RIS_2026\dashboard\data\Reglemente\BE_Bargen.pdf,kein_online_treffer
303,Grossaffoltern,BE,,not_found,,,C:\Users\peter.staub\OneDrive - pom+Consulting AG\Daten\pom+Education\RIS_2026\dashboard\data\Reglemente\BE_Grossaffoltern.pdf,kein_online_treffer
305,Kappelen,BE,,not_found,,,C:\Users\peter.staub\OneDrive - pom+Consulting AG\Daten\pom+Education\RIS_2026\dashboard\data\Reglemente\BE_Kappelen.pdf,kein_online_treffer
309,Radelfingen,BE,,not_found,,,C:\Users\peter.staub\OneDrive - pom+Consulting AG\Daten\pom+Education\RIS_2026\dashboard\data\Reglemente\BE_Radelfingen.pdf,kein_online_treffer
311,Schüpfen,BE,,not_found,,,C:\Users\peter.staub\OneDrive - pom+Consulting AG\Daten\pom+Education\RIS_2026\dashboard\data\Reglemente\BE_Schüpfen.pdf,kein_online_treffer
312,Seedorf (BE),BE,,not_found,,,C:\Users\peter.staub\OneDrive - pom+Consulting AG\Daten\pom+Education\RIS_2026\dashboard\data\Reglemente\BE_Seedorf.pdf,kein_online_treffer
381,Arch,BE,,not_found,,,C:\Users\peter.staub\OneDrive - pom+Consulting AG\Daten\pom+Education\RIS_2026\dashboard\data\Reglemente\BE_Arch.pdf,kein_online_treffer
382,Büetigen,BE,,not_found,,,C:\Users\peter.staub\OneDrive - pom+Consulting AG\Daten\pom+Education\RIS_2026\dashboard\data\Reglemente\BE_Büetigen.pdf,kein_online_treffer
383,Büren an der Aare,BE,,not_found,,,C:\Users\peter.staub\OneDrive - pom+Consulting AG\Daten\pom+Education\RIS_2026\dashboard\data\Reglemente\BE_BürenanderAare.pdf,kein_online_treffer
385,Diessbach bei Büren,BE,,not_found,,,C:\Users\peter.staub\OneDrive - pom+Consulting AG\Daten\pom+Education\RIS_2026\dashboard\data\Reglemente\BE_DiessbachBeiBüren.pdf,kein_online_treffer
386,Dotzigen,BE,,not_found,,,C:\Users\peter.staub\OneDrive - pom+Consulting AG\Daten\pom+Education\RIS_2026\dashboard\data\Reglemente\BE_Dotzigen.pdf,kein_online_treffer
388,Leuzigen,BE,,not_found,,,C:\Users\peter.staub\OneDrive - pom+Consulting AG\Daten\pom+Education\RIS_2026\dashboard\data\Reglemente\BE_Leuzigen.pdf,kein_online_treffer
389,Meienried,BE,,not_found,,,C:\Users\peter.staub\OneDrive - pom+Consulting AG\Daten\pom+Education\RIS_2026\dashboard\data\Reglemente\BE_Meienried.pdf,kein_online_treffer
391,Oberwil bei Büren,BE,,not_found,,,C:\Users\peter.staub\OneDrive - pom+Consulting AG\Daten\pom+Education\RIS_2026\dashboard\data\Reglemente\BE_OberwilBeiBüren.pdf,kein_online_treffer
393,Rüti bei Büren,BE,Startseite Rüti bei Büren - Rüti bei Büren,ok,http://www.ruetibeibueren.ch/Spielgruppe-Kunterbunt.pdf,C:\Users\peter.staub\OneDrive - pom+Consulting AG\Daten\pom+Education\RIS_2026\dashboard\data\audit\bzo_downloads\Rüti_bei_Büren.pdf,C:\Users\peter.staub\OneDrive - pom+Consulting AG\Daten\pom+Education\RIS_2026\dashboard\data\Reglemente\BE_RütiBeiBüren.pdf,unbekannt
393,Rüti bei Büren,BE,Startseite Rüti bei Büren - Rüti bei Büren,ok,http://www.ruetibeibueren.ch/Meldung-Asiatische-Hornisse.pdf,C:\Users\peter.staub\OneDrive - pom+Consulting AG\Daten\pom+Education\RIS_2026\dashboard\data\audit\bzo_downloads\Rüti_bei_Büren_2.pdf,C:\Users\peter.staub\OneDrive - pom+Consulting AG\Daten\pom+Education\RIS_2026\dashboard\data\Reglemente\BE_RütiBeiBüren.pdf,unbekannt
394,Wengi,BE,,not_found,,,C:\Users\peter.staub\OneDrive - pom+Consulting AG\Daten\pom+Education\RIS_2026\dashboard\data\Reglemente\BE_Wengi.pdf,kein_online_treffer
491,Brüttelen,BE,,not_found,,,C:\Users\peter.staub\OneDrive - pom+Consulting AG\Daten\pom+Education\RIS_2026\dashboard\data\Reglemente\BE_Brüttelen.pdf,kein_online_treffer
492,Erlach,BE,,not_found,,,C:\Users\peter.staub\OneDrive - pom+Consulting AG\Daten\pom+Education\RIS_2026\dashboard\data\Reglemente\BE_Erlach.pdf,kein_online_treffer
493,Finsterhennen,BE,,not_found,,,C:\Users\peter.staub\OneDrive - pom+Consulting AG\Daten\pom+Education\RIS_2026\dashboard\data\Reglemente\BE_Finsterhennen.pdf,kein_online_treffer
494,Gals,BE,,not_found,,,C:\Users\peter.staub\OneDrive - pom+Consulting AG\Daten\pom+Education\RIS_2026\dashboard\data\Reglemente\BE_Gals.pdf,kein_online_treffer
495,Gampelen,BE,,not_found,,,C:\Users\peter.staub\OneDrive - pom+Consulting AG\Daten\pom+Education\RIS_2026\dashboard\data\Reglemente\BE_Gampelen.pdf,kein_online_treffer
496,Ins,BE,,not_found,,,C:\Users\peter.staub\OneDrive - pom+Consulting AG\Daten\pom+Education\RIS_2026\dashboard\data\Reglemente\BE_Ins.pdf,kein_online_treffer
497,Lüscherz,BE,,not_found,,,C:\Users\peter.staub\OneDrive - pom+Consulting AG\Daten\pom+Education\RIS_2026\dashboard\data\Reglemente\BE_Lüscherz.pdf,kein_online_treffer
498,Müntschemier,BE,,not_found,,,C:\Users\peter.staub\OneDrive - pom+Consulting AG\Daten\pom+Education\RIS_2026\dashboard\data\Reglemente\BE_Müntschemier.pdf,kein_online_treffer
499,Siselen,BE,,not_found,,,C:\Users\peter.staub\OneDrive - pom+Consulting AG\Daten\pom+Education\RIS_2026\dashboard\data\Reglemente\BE_Siselen.pdf,kein_online_treffer
500,Treiten,BE,,not_found,,,C:\Users\peter.staub\OneDrive - pom+Consulting AG\Daten\pom+Education\RIS_2026\dashboard\data\Reglemente\BE_Treiten.pdf,kein_online_treffer
501,Tschugg,BE,,not_found,,,C:\Users\peter.staub\OneDrive - pom+Consulting AG\Daten\pom+Education\RIS_2026\dashboard\data\Reglemente\BE_Tschugg.pdf,kein_online_treffer
502,Vinelz,BE,,not_found,,,C:\Users\peter.staub\OneDrive - pom+Consulting AG\Daten\pom+Education\RIS_2026\dashboard\data\Reglemente\BE_Vinelz.pdf,kein_online_treffer
734,Bühl,BE,,not_found,,,C:\Users\peter.staub\OneDrive - pom+Consulting AG\Daten\pom+Education\RIS_2026\dashboard\data\Reglemente\BE_Bühl.pdf,kein_online_treffer
735,Epsach,BE,,not_found,,,C:\Users\peter.staub\OneDrive - pom+Consulting AG\Daten\pom+Education\RIS_2026\dashboard\data\Reglemente\BE_Epsach.pdf,kein_online_treffer
736,Hagneck,BE,,not_found,,,C:\Users\peter.staub\OneDrive - pom+Consulting AG\Daten\pom+Education\RIS_2026\dashboard\data\Reglemente\BE_Hagneck.pdf,kein_online_treffer
737,Hermrigen,BE,,not_found,,,C:\Users\peter.staub\OneDrive - pom+Consulting AG\Daten\pom+Education\RIS_2026\dashboard\data\Reglemente\BE_Hermrigen.pdf,kein_online_treffer
738,Jens,BE,,not_found,,,C:\Users\peter.staub\OneDrive - pom+Consulting AG\Daten\pom+Education\RIS_2026\dashboard\data\Reglemente\BE_Jens.pdf,kein_online_treffer
741,Merzligen,BE,,not_found,,,C:\Users\peter.staub\OneDrive - pom+Consulting AG\Daten\pom+Education\RIS_2026\dashboard\data\Reglemente\BE_Merzligen.pdf,kein_online_treffer
749,Studen (BE),BE,,not_found,,,C:\Users\peter.staub\OneDrive - pom+Consulting AG\Daten\pom+Education\RIS_2026\dashboard\data\Reglemente\BE_Studen.pdf,kein_online_treffer
751,Täuffelen,BE,,not_found,,,C:\Users\peter.staub\OneDrive - pom+Consulting AG\Daten\pom+Education\RIS_2026\dashboard\data\Reglemente\BE_Täuffelen.pdf,kein_online_treffer
754,Walperswil,BE,,not_found,,,C:\Users\peter.staub\OneDrive - pom+Consulting AG\Daten\pom+Education\RIS_2026\dashboard\data\Reglemente\BE_Walperswil.pdf,kein_online_treffer
755,Worben,BE,,not_found,,,C:\Users\peter.staub\OneDrive - pom+Consulting AG\Daten\pom+Education\RIS_2026\dashboard\data\Reglemente\BE_Worben.pdf,kein_online_treffer
306,Lyss,BE,,not_found,,,C:\Users\peter.staub\OneDrive - pom+Consulting AG\Daten\pom+Education\RIS_2026\dashboard\data\Reglemente\BE_Lyss.pdf,kein_online_treffer
310,Rapperswil (BE),BE,,not_found,,,C:\Users\peter.staub\OneDrive - pom+Consulting AG\Daten\pom+Education\RIS_2026\dashboard\data\Reglemente\BE_Rapperswil.pdf,kein_online_treffer
304,Kallnach,BE,,not_found,,,C:\Users\peter.staub\OneDrive - pom+Consulting AG\Daten\pom+Education\RIS_2026\dashboard\data\Reglemente\BE_Kallnach.pdf,kein_online_treffer
321,Aarwangen,BE,,not_found,,,C:\Users\peter.staub\OneDrive - pom+Consulting AG\Daten\pom+Education\RIS_2026\dashboard\data\Reglemente\BE_Aarwangen.pdf,kein_online_treffer
322,Auswil,BE,,not_found,,,C:\Users\peter.staub\OneDrive - pom+Consulting AG\Daten\pom+Education\RIS_2026\dashboard\data\Reglemente\BE_Auswil.pdf,kein_online_treffer
323,Bannwil,BE,,not_found,,,C:\Users\peter.staub\OneDrive - pom+Consulting AG\Daten\pom+Education\RIS_2026\dashboard\data\Reglemente\BE_Bannwil.pdf,kein_online_treffer
324,Bleienbach,BE,,not_found,,,C:\Users\peter.staub\OneDrive - pom+Consulting AG\Daten\pom+Education\RIS_2026\dashboard\data\Reglemente\BE_Bleienbach.pdf,kein_online_treffer
325,Busswil bei Melchnau,BE,,not_found,,,C:\Users\peter.staub\OneDrive - pom+Consulting AG\Daten\pom+Education\RIS_2026\dashboard\data\Reglemente\BE_BusswilBeiMelchnau.pdf,kein_online_treffer
326,Gondiswil,BE,,not_found,,,C:\Users\peter.staub\OneDrive - pom+Consulting AG\Daten\pom+Education\RIS_2026\dashboard\data\Reglemente\BE_Gondiswil.pdf,kein_online_treffer
331,Lotzwil,BE,,not_found,,,C:\Users\peter.staub\OneDrive - pom+Consulting AG\Daten\pom+Education\RIS_2026\dashboard\data\Reglemente\BE_Lotzwil.pdf,kein_online_treffer
333,Melchnau,BE,,not_found,,,C:\Users\peter.staub\OneDrive - pom+Consulting AG\Daten\pom+Education\RIS_2026\dashboard\data\Reglemente\BE_Melchnau.pdf,kein_online_treffer
335,Oeschenbach,BE,,not_found,,,C:\Users\peter.staub\OneDrive - pom+Consulting AG\Daten\pom+Education\RIS_2026\dashboard\data\Reglemente\BE_Oeschenbach.pdf,kein_online_treffer
336,Reisiswil,BE,,not_found,,,C:\Users\peter.staub\OneDrive - pom+Consulting AG\Daten\pom+Education\RIS_2026\dashboard\data\Reglemente\BE_Reisiswil.pdf,kein_online_treffer
337,Roggwil (BE),BE,,not_found,,,C:\Users\peter.staub\OneDrive - pom+Consulting AG\Daten\pom+Education\RIS_2026\dashboard\data\Reglemente\BE_Roggwil.pdf,kein_online_treffer
338,Rohrbach,BE,,not_found,,,C:\Users\peter.staub\OneDrive - pom+Consulting AG\Daten\pom+Education\RIS_2026\dashboard\data\Reglemente\BE_Rohrbach.pdf,kein_online_treffer
339,Rohrbachgraben,BE,,not_found,,,C:\Users\peter.staub\OneDrive - pom+Consulting AG\Daten\pom+Education\RIS_2026\dashboard\data\Reglemente\BE_Rohrbachgraben.pdf,kein_online_treffer
340,Rütschelen,BE,,not_found,,,C:\Users\peter.staub\OneDrive - pom+Consulting AG\Daten\pom+Education\RIS_2026\dashboard\data\Reglemente\BE_Rütschelen.pdf,kein_online_treffer
341,Schwarzhäusern,BE,,not_found,,,C:\Users\peter.staub\OneDrive - pom+Consulting AG\Daten\pom+Education\RIS_2026\dashboard\data\Reglemente\BE_Schwarzhäusern.pdf,kein_online_treffer
342,Thunstetten,BE,,not_found,,,C:\Users\peter.staub\OneDrive - pom+Consulting AG\Daten\pom+Education\RIS_2026\dashboard\data\Reglemente\BE_Thunstetten.pdf,kein_online_treffer
344,Ursenbach,BE,,not_found,,,C:\Users\peter.staub\OneDrive - pom+Consulting AG\Daten\pom+Education\RIS_2026\dashboard\data\Reglemente\BE_Ursenbach.pdf,kein_online_treffer
345,Wynau,BE,,not_found,,,C:\Users\peter.staub\OneDrive - pom+Consulting AG\Daten\pom+Education\RIS_2026\dashboard\data\Reglemente\BE_Wynau.pdf,kein_online_treffer
953,Eriswil,BE,,not_found,,,C:\Users\peter.staub\OneDrive - pom+Consulting AG\Daten\pom+Education\RIS_2026\dashboard\data\Reglemente\BE_Eriswil.pdf,kein_online_treffer
954,Huttwil,BE,,not_found,,,C:\Users\peter.staub\OneDrive - pom+Consulting AG\Daten\pom+Education\RIS_2026\dashboard\data\Reglemente\BE_Huttwil.pdf,kein_online_treffer
959,Walterswil (BE),BE,,not_found,,,C:\Users\peter.staub\OneDrive - pom+Consulting AG\Daten\pom+Education\RIS_2026\dashboard\data\Reglemente\BE_Walterswil.pdf,kein_online_treffer
960,Wyssachen,BE,,not_found,,,C:\Users\peter.staub\OneDrive - pom+Consulting AG\Daten\pom+Education\RIS_2026\dashboard\data\Reglemente\BE_Wyssachen.pdf,kein_online_treffer
971,Attiswil,BE,,not_found,,,C:\Users\peter.staub\OneDrive - pom+Consulting AG\Daten\pom+Education\RIS_2026\dashboard\data\Reglemente\BE_Attiswil.pdf,kein_online_treffer
972,Berken,BE,,not_found,,,C:\Users\peter.staub\OneDrive - pom+Consulting AG\Daten\pom+Education\RIS_2026\dashboard\data\Reglemente\BE_Berken.pdf,kein_online_treffer
975,Farnern,BE,,not_found,,,C:\Users\peter.staub\OneDrive - pom+Consulting AG\Daten\pom+Education\RIS_2026\dashboard\data\Reglemente\BE_Farnern.pdf,kein_online_treffer
976,Graben,BE,,not_found,,,C:\Users\peter.staub\OneDrive - pom+Consulting AG\Daten\pom+Education\RIS_2026\dashboard\data\Reglemente\BE_Graben.pdf,kein_online_treffer
977,Heimenhausen,BE,,not_found,,,C:\Users\peter.staub\OneDrive - pom+Consulting AG\Daten\pom+Education\RIS_2026\dashboard\data\Reglemente\BE_Heimenhausen.pdf,kein_online_treffer
979,Herzogenbuchsee,BE,,not_found,,,C:\Users\peter.staub\OneDrive - pom+Consulting AG\Daten\pom+Education\RIS_2026\dashboard\data\Reglemente\BE_Herzogenbuchsee.pdf,kein_online_treffer
980,Inkwil,BE,,not_found,,,C:\Users\peter.staub\OneDrive - pom+Consulting AG\Daten\pom+Education\RIS_2026\dashboard\data\Reglemente\BE_Inkwil.pdf,kein_online_treffer
982,Niederönz,BE,,not_found,,,C:\Users\peter.staub\OneDrive - pom+Consulting AG\Daten\pom+Education\RIS_2026\dashboard\data\Reglemente\BE_Niederönz.pdf,kein_online_treffer
983,Oberbipp,BE,,not_found,,,C:\Users\peter.staub\OneDrive - pom+Consulting AG\Daten\pom+Education\RIS_2026\dashboard\data\Reglemente\BE_Oberbipp.pdf,kein_online_treffer
985,Ochlenberg,BE,,not_found,,,C:\Users\peter.staub\OneDrive - pom+Consulting AG\Daten\pom+Education\RIS_2026\dashboard\data\Reglemente\BE_Ochlenberg.pdf,kein_online_treffer
987,Rumisberg,BE,,not_found,,,C:\Users\peter.staub\OneDrive - pom+Consulting AG\Daten\pom+Education\RIS_2026\dashboard\data\Reglemente\BE_Rumisberg.pdf,kein_online_treffer
989,Thörigen,BE,,not_found,,,C:\Users\peter.staub\OneDrive - pom+Consulting AG\Daten\pom+Education\RIS_2026\dashboard\data\Reglemente\BE_Thörigen.pdf,kein_online_treffer
990,Walliswil bei Niederbipp,BE,,not_found,,,C:\Users\peter.staub\OneDrive - pom+Consulting AG\Daten\pom+Education\RIS_2026\dashboard\data\Reglemente\BE_WalliswilBeiNiederbipp.pdf,kein_online_treffer
991,Walliswil bei Wangen,BE,,not_found,,,C:\Users\peter.staub\OneDrive - pom+Consulting AG\Daten\pom+Education\RIS_2026\dashboard\data\Reglemente\BE_WalliswilBeiWangen.pdf,kein_online_treffer
995,Wiedlisbach,BE,,not_found,,,C:\Users\peter.staub\OneDrive - pom+Consulting AG\Daten\pom+Education\RIS_2026\dashboard\data\Reglemente\BE_Wiedlisbach.pdf,kein_online_treffer
332,Madiswil,BE,,not_found,,,C:\Users\peter.staub\OneDrive - pom+Consulting AG\Daten\pom+Education\RIS_2026\dashboard\data\Reglemente\BE_Madiswil.pdf,kein_online_treffer
973,Bettenhausen,BE,,not_found,,,C:\Users\peter.staub\OneDrive - pom+Consulting AG\Daten\pom+Education\RIS_2026\dashboard\data\Reglemente\BE_Bettenhausen.pdf,kein_online_treffer
988,Seeberg,BE,,not_found,,,C:\Users\peter.staub\OneDrive - pom+Consulting AG\Daten\pom+Education\RIS_2026\dashboard\data\Reglemente\BE_Seeberg.pdf,kein_online_treffer
981,Niederbipp,BE,,not_found,,,C:\Users\peter.staub\OneDrive - pom+Consulting AG\Daten\pom+Education\RIS_2026\dashboard\data\Reglemente\BE_Niederbipp.pdf,kein_online_treffer
329,Langenthal,BE,,not_found,,,C:\Users\peter.staub\OneDrive - pom+Consulting AG\Daten\pom+Education\RIS_2026\dashboard\data\Reglemente\BE_Langenthal.pdf,kein_online_treffer
992,Wangen an der Aare,BE,,not_found,,,C:\Users\peter.staub\OneDrive - pom+Consulting AG\Daten\pom+Education\RIS_2026\dashboard\data\Reglemente\BE_WangenAnDerAare.pdf,kein_online_treffer
401,Aefligen,BE,,not_found,,,C:\Users\peter.staub\OneDrive - pom+Consulting AG\Daten\pom+Education\RIS_2026\dashboard\data\Reglemente\BE_Aefligen.pdf,kein_online_treffer
402,Alchenstorf,BE,,not_found,,,C:\Users\peter.staub\OneDrive - pom+Consulting AG\Daten\pom+Education\RIS_2026\dashboard\data\Reglemente\BE_Alchenstorf.pdf,kein_online_treffer
404,Burgdorf,BE,,not_found,,,C:\Users\peter.staub\OneDrive - pom+Consulting AG\Daten\pom+Education\RIS_2026\dashboard\data\Reglemente\BE_Burgdorf.pdf,kein_online_treffer
406,Hasle bei Burgdorf,BE,,not_found,,,C:\Users\peter.staub\OneDrive - pom+Consulting AG\Daten\pom+Education\RIS_2026\dashboard\data\Reglemente\BE_HaslebeiBurgdorf.pdf,kein_online_treffer
407,Heimiswil,BE,,not_found,,,C:\Users\peter.staub\OneDrive - pom+Consulting AG\Daten\pom+Education\RIS_2026\dashboard\data\Reglemente\BE_Heimiswil.pdf,kein_online_treffer
408,Hellsau,BE,,not_found,,,C:\Users\peter.staub\OneDrive - pom+Consulting AG\Daten\pom+Education\RIS_2026\dashboard\data\Reglemente\BE_Hellsau.pdf,kein_online_treffer
410,Höchstetten,BE,,not_found,,,C:\Users\peter.staub\OneDrive - pom+Consulting AG\Daten\pom+Education\RIS_2026\dashboard\data\Reglemente\BE_Höchstetten.pdf,kein_online_treffer
411,Kernenried,BE,,not_found,,,C:\Users\peter.staub\OneDrive - pom+Consulting AG\Daten\pom+Education\RIS_2026\dashboard\data\Reglemente\BE_Kernenried.pdf,kein_online_treffer
412,Kirchberg (BE),BE,,not_found,,,C:\Users\peter.staub\OneDrive - pom+Consulting AG\Daten\pom+Education\RIS_2026\dashboard\data\Reglemente\BE_Kirchberg.pdf,kein_online_treffer
413,Koppigen,BE,,not_found,,,C:\Users\peter.staub\OneDrive - pom+Consulting AG\Daten\pom+Education\RIS_2026\dashboard\data\Reglemente\BE_Koppigen.pdf,kein_online_treffer
414,Krauchthal,BE,,not_found,,,C:\Users\peter.staub\OneDrive - pom+Consulting AG\Daten\pom+Education\RIS_2026\dashboard\data\Reglemente\BE_Krauchthal.pdf,kein_online_treffer
415,Lyssach,BE,,not_found,,,C:\Users\peter.staub\OneDrive - pom+Consulting AG\Daten\pom+Education\RIS_2026\dashboard\data\Reglemente\BE_Lyssach.pdf,kein_online_treffer
418,Oberburg,BE,Startseite - Einwohnergemeinde Oberburg,ok,https://www.oberburg.ch/wAssets/docs/politik-verwaltung/politik/behoerdenverzeichnis/behoerdenverzeichnis.pdf,C:\Users\peter.staub\OneDrive - pom+Consulting AG\Daten\pom+Education\RIS_2026\dashboard\data\audit\bzo_downloads\Oberburg.pdf,C:\Users\peter.staub\OneDrive - pom+Consulting AG\Daten\pom+Education\RIS_2026\dashboard\data\Reglemente\BE_Oberburg.pdf,unbekannt
418,Oberburg,BE,Startseite - Einwohnergemeinde Oberburg,ok,https://www.oberburg.ch/de/verwaltung/dokumente/dokumente/ferienplan.pdf,C:\Users\peter.staub\OneDrive - pom+Consulting AG\Daten\pom+Education\RIS_2026\dashboard\data\audit\bzo_downloads\Oberburg_2.pdf,C:\Users\peter.staub\OneDrive - pom+Consulting AG\Daten\pom+Education\RIS_2026\dashboard\data\Reglemente\BE_Oberburg.pdf,unbekannt
420,Rüdtligen-Alchenflüh,BE,,not_found,,,C:\Users\peter.staub\OneDrive - pom+Consulting AG\Daten\pom+Education\RIS_2026\dashboard\data\Reglemente\BE_RüdtligenAlchenflüh.pdf,kein_online_treffer
421,Rumendingen,BE,,not_found,,,C:\Users\peter.staub\OneDrive - pom+Consulting AG\Daten\pom+Education\RIS_2026\dashboard\data\Reglemente\BE_Rumendingen.pdf,kein_online_treffer
422,Rüti bei Lyssach,BE,Startseite Rüti bei Büren - Rüti bei Büren,ok,http://www.ruetibeibueren.ch/Spielgruppe-Kunterbunt.pdf,C:\Users\peter.staub\OneDrive - pom+Consulting AG\Daten\pom+Education\RIS_2026\dashboard\data\audit\bzo_downloads\Rüti_bei_Lyssach.pdf,C:\Users\peter.staub\OneDrive - pom+Consulting AG\Daten\pom+Education\RIS_2026\dashboard\data\Reglemente\BE_RütiBeiLyssach.pdf,unbekannt
422,Rüti bei Lyssach,BE,Startseite Rüti bei Büren - Rüti bei Büren,ok,http://www.ruetibeibueren.ch/Meldung-Asiatische-Hornisse.pdf,C:\Users\peter.staub\OneDrive - pom+Consulting AG\Daten\pom+Education\RIS_2026\dashboard\data\audit\bzo_downloads\Rüti_bei_Lyssach_2.pdf,C:\Users\peter.staub\OneDrive - pom+Consulting AG\Daten\pom+Education\RIS_2026\dashboard\data\Reglemente\BE_RütiBeiLyssach.pdf,unbekannt
423,Willadingen,BE,,not_found,,,C:\Users\peter.staub\OneDrive - pom+Consulting AG\Daten\pom+Education\RIS_2026\dashboard\data\Reglemente\BE_Willadingen.pdf,kein_online_treffer
424,Wynigen,BE,,not_found,,,C:\Users\peter.staub\OneDrive - pom+Consulting AG\Daten\pom+Education\RIS_2026\dashboard\data\Reglemente\BE_Wynigen.pdf,kein_online_treffer
533,Bätterkinden,BE,,not_found,,,C:\Users\peter.staub\OneDrive - pom+Consulting AG\Daten\pom+Education\RIS_2026\dashboard\data\Reglemente\BE_Bätterkinden.pdf,kein_online_treffer
552,Utzenstorf,BE,,not_found,,,C:\Users\peter.staub\OneDrive - pom+Consulting AG\Daten\pom+Education\RIS_2026\dashboard\data\Reglemente\BE_Utzenstorf.pdf,kein_online_treffer
554,Wiler bei Utzenstorf,BE,,not_found,,,C:\Users\peter.staub\OneDrive - pom+Consulting AG\Daten\pom+Education\RIS_2026\dashboard\data\Reglemente\BE_WilerbeiUtzenstorf.pdf,kein_online_treffer
556,Zielebach,BE,,not_found,,,C:\Users\peter.staub\OneDrive - pom+Consulting AG\Daten\pom+Education\RIS_2026\dashboard\data\Reglemente\BE_Zielebach.pdf,kein_online_treffer
901,Eggiwil,BE,,not_found,,,C:\Users\peter.staub\OneDrive - pom+Consulting AG\Daten\pom+Education\RIS_2026\dashboard\data\Reglemente\BE_Eggiwil.pdf,kein_online_treffer
902,Langnau im Emmental,BE,,not_found,,,C:\Users\peter.staub\OneDrive - pom+Consulting AG\Daten\pom+Education\RIS_2026\dashboard\data\Reglemente\BE_LangnauImEmmental.pdf,kein_online_treffer
903,Lauperswil,BE,,not_found,,,C:\Users\peter.staub\OneDrive - pom+Consulting AG\Daten\pom+Education\RIS_2026\dashboard\data\Reglemente\BE_Lauperswil.pdf,kein_online_treffer
904,Röthenbach im Emmental,BE,,not_found,,,C:\Users\peter.staub\OneDrive - pom+Consulting AG\Daten\pom+Education\RIS_2026\dashboard\data\Reglemente\BE_RöthenbachImEmmental.pdf,kein_online_treffer
905,Rüderswil,BE,Gemeinde Rüderswil (BE) – Nützliche Informationen für Sie,download_failed,https://gemeinde-schweiz.ch/kanton-bern/ruederswil/umzug-checkliste-schweiz.pdf,,C:\Users\peter.staub\OneDrive - pom+Consulting AG\Daten\pom+Education\RIS_2026\dashboard\data\Reglemente\BE_Rüderswil.pdf,unbekannt
905,Rüderswil,BE,Gemeinde Rüderswil (BE) – Nützliche Informationen für Sie,download_failed,https://gemeinde-schweiz.ch/kanton-bern/ruederswil/wohnungs-hausannahme-maengelliste-schweiz.pdf,,C:\Users\peter.staub\OneDrive - pom+Consulting AG\Daten\pom+Education\RIS_2026\dashboard\data\Reglemente\BE_Rüderswil.pdf,unbekannt
906,Schangnau,BE,,not_found,,,C:\Users\peter.staub\OneDrive - pom+Consulting AG\Daten\pom+Education\RIS_2026\dashboard\data\Reglemente\BE_Schangnau.pdf,kein_online_treffer
907,Signau,BE,,not_found,,,C:\Users\peter.staub\OneDrive - pom+Consulting AG\Daten\pom+Education\RIS_2026\dashboard\data\Reglemente\BE_Signau.pdf,kein_online_treffer
908,Trub,BE,,not_found,,,C:\Users\peter.staub\OneDrive - pom+Consulting AG\Daten\pom+Education\RIS_2026\dashboard\data\Reglemente\BE_Trub.pdf,kein_online_treffer
909,Trubschachen,BE,,not_found,,,C:\Users\peter.staub\OneDrive - pom+Consulting AG\Daten\pom+Education\RIS_2026\dashboard\data\Reglemente\BE_Trubschachen.pdf,kein_online_treffer
951,Affoltern im Emmental,BE,,not_found,,,C:\Users\peter.staub\OneDrive - pom+Consulting AG\Daten\pom+Education\RIS_2026\dashboard\data\Reglemente\BE_AffolternImEmmental.pdf,kein_online_treffer
952,Dürrenroth,BE,,not_found,,,C:\Users\peter.staub\OneDrive - pom+Consulting AG\Daten\pom+Education\RIS_2026\dashboard\data\Reglemente\BE_Dürrenroth.pdf,kein_online_treffer
955,Lützelflüh,BE,,not_found,,,C:\Users\peter.staub\OneDrive - pom+Consulting AG\Daten\pom+Education\RIS_2026\dashboard\data\Reglemente\BE_Lützelflüh.pdf,kein_online_treffer
956,Rüegsau,BE,,not_found,,,C:\Users\peter.staub\OneDrive - pom+Consulting AG\Daten\pom+Education\RIS_2026\dashboard\data\Reglemente\BE_Rüegsau.pdf,kein_online_treffer
957,Sumiswald,BE,,not_found,,,C:\Users\peter.staub\OneDrive - pom+Consulting AG\Daten\pom+Education\RIS_2026\dashboard\data\Reglemente\BE_Sumiswald.pdf,kein_online_treffer
958,Trachselwald,BE,,not_found,,,C:\Users\peter.staub\OneDrive - pom+Consulting AG\Daten\pom+Education\RIS_2026\dashboard\data\Reglemente\BE_Trachselwald.pdf,kein_online_treffer
405,Ersigen,BE,,not_found,,,C:\Users\peter.staub\OneDrive - pom+Consulting AG\Daten\pom+Education\RIS_2026\dashboard\data\Reglemente\BE_Ersigen.pdf,kein_online_treffer
409,Hindelbank,BE,Baureglement - Hindelbank,ok,https://www.hindelbank.ch/wAssets/docs/Aktuelles/20190704_Baureglement_Hindelbank.pdf,C:\Users\peter.staub\OneDrive - pom+Consulting AG\Daten\pom+Education\RIS_2026\dashboard\data\audit\bzo_downloads\Hindelbank.pdf,C:\Users\peter.staub\OneDrive - pom+Consulting AG\Daten\pom+Education\RIS_2026\dashboard\data\Reglemente\BE_Hindelbank.pdf,unbekannt
409,Hindelbank,BE,ZÖN G JVA HINDELBANK ÄNDERUNG ZONENPLAN UND BAUREGLEMENT,ok,https://www.hindelbank.ch/wAssets/docs/23051_Hindelbank_ZPAe_Auflage_Erlaeuterungsbericht.pdf,C:\Users\peter.staub\OneDrive - pom+Consulting AG\Daten\pom+Education\RIS_2026\dashboard\data\audit\bzo_downloads\Hindelbank_2.pdf,C:\Users\peter.staub\OneDrive - pom+Consulting AG\Daten\pom+Education\RIS_2026\dashboard\data\Reglemente\BE_Hindelbank.pdf,unbekannt
409,Hindelbank,BE,05633_EB_180428_B - hindelbank.ch,ok,https://www.hindelbank.ch/de/politik-und-verwaltung/verwaltung/Erlaeuterungsbericht-Baermatte.pdf,C:\Users\peter.staub\OneDrive - pom+Consulting AG\Daten\pom+Education\RIS_2026\dashboard\data\audit\bzo_downloads\Hindelbank_3.pdf,C:\Users\peter.staub\OneDrive - pom+Consulting AG\Daten\pom+Education\RIS_2026\dashboard\data\Reglemente\BE_Hindelbank.pdf,unbekannt
409,Hindelbank,BE,Finances Publiques - Hindelbank,ok,https://www.hindelbank.ch/wAssets/docs/Grundlagenbericht-Auflageexemplar.pdf,C:\Users\peter.staub\OneDrive - pom+Consulting AG\Daten\pom+Education\RIS_2026\dashboard\data\audit\bzo_downloads\Hindelbank_4.pdf,C:\Users\peter.staub\OneDrive - pom+Consulting AG\Daten\pom+Education\RIS_2026\dashboard\data\Reglemente\BE_Hindelbank.pdf,unbekannt
307,Meikirch,BE,,not_found,,,C:\Users\peter.staub\OneDrive - pom+Consulting AG\Daten\pom+Education\RIS_2026\dashboard\data\Reglemente\BE_Meikirch.pdf,kein_online_treffer
351,Bern,BE,,not_found,,,C:\Users\peter.staub\OneDrive - pom+Consulting AG\Daten\pom+Education\RIS_2026\dashboard\data\Reglemente\BE_Bern.pdf,kein_online_treffer
352,Bolligen,BE,,not_found,,,C:\Users\peter.staub\OneDrive - pom+Consulting AG\Daten\pom+Education\RIS_2026\dashboard\data\Reglemente\BE_Bolligen.pdf,kein_online_treffer
353,Bremgarten bei Bern,BE,,not_found,,,C:\Users\peter.staub\OneDrive - pom+Consulting AG\Daten\pom+Education\RIS_2026\dashboard\data\Reglemente\BE_BremgartenBeiBern.pdf,kein_online_treffer
354,Kirchlindach,BE,,not_found,,,C:\Users\peter.staub\OneDrive - pom+Consulting AG\Daten\pom+Education\RIS_2026\dashboard\data\Reglemente\BE_Kirchlindach.pdf,kein_online_treffer
355,Köniz,BE,,not_found,,,C:\Users\peter.staub\OneDrive - pom+Consulting AG\Daten\pom+Education\RIS_2026\dashboard\data\Reglemente\BE_Köniz.pdf,kein_online_treffer
356,Muri bei Bern,BE,,not_found,,,C:\Users\peter.staub\OneDrive - pom+Consulting AG\Daten\pom+Education\RIS_2026\dashboard\data\Reglemente\BE_MuriBeiBern.pdf,kein_online_treffer
357,Oberbalm,BE,,not_found,,,C:\Users\peter.staub\OneDrive - pom+Consulting AG\Daten\pom+Education\RIS_2026\dashboard\data\Reglemente\BE_Oberbalm.pdf,kein_online_treffer
358,Stettlen,BE,,not_found,,,C:\Users\peter.staub\OneDrive - pom+Consulting AG\Daten\pom+Education\RIS_2026\dashboard\data\Reglemente\BE_Stettlen.pdf,kein_online_treffer
359,Vechigen,BE,,not_found,,,C:\Users\peter.staub\OneDrive - pom+Consulting AG\Daten\pom+Education\RIS_2026\dashboard\data\Reglemente\BE_Vechigen.pdf,kein_online_treffer
360,Wohlen bei Bern,BE,,not_found,,,C:\Users\peter.staub\OneDrive - pom+Consulting AG\Daten\pom+Education\RIS_2026\dashboard\data\Reglemente\BE_WohlenBeiBern.pdf,kein_online_treffer
361,Zollikofen,BE,,not_found,,,C:\Users\peter.staub\OneDrive - pom+Consulting AG\Daten\pom+Education\RIS_2026\dashboard\data\Reglemente\BE_Zollikofen.pdf,kein_online_treffer
4320,Tegerfelden,AG,,not_found,,,C:\Users\peter.staub\OneDrive - pom+Consulting AG\Daten\pom+Education\RIS_2026\dashboard\data\Reglemente\AG_Tegerfelden.pdf,kein_online_treffer
4303,Böttstein,AG,,not_found,,,C:\Users\peter.staub\OneDrive - pom+Consulting AG\Daten\pom+Education\RIS_2026\dashboard\data\Reglemente\AG_Böttstein.pdf,kein_online_treffer
4306,Fisibach,AG,F_BNO - fisibach.ch,ok,https://www.fisibach.ch/_docn/175138/F_BNO.pdf,C:\Users\peter.staub\OneDrive - pom+Consulting AG\Daten\pom+Education\RIS_2026\dashboard\data\audit\bzo_downloads\Fisibach.pdf,C:\Users\peter.staub\OneDrive - pom+Consulting AG\Daten\pom+Education\RIS_2026\dashboard\data\Reglemente\AG_Fisibach.pdf,unbekannt
4306,Fisibach,AG,"Bericht, Anträge und Beschlüsse - bachs.ch",ok,https://www.bachs.ch/wp-content/uploads/2024/12/Budget_-2025.pdf,C:\Users\peter.staub\OneDrive - pom+Consulting AG\Daten\pom+Education\RIS_2026\dashboard\data\audit\bzo_downloads\Fisibach_2.pdf,C:\Users\peter.staub\OneDrive - pom+Consulting AG\Daten\pom+Education\RIS_2026\dashboard\data\Reglemente\AG_Fisibach.pdf,online_neuer
4306,Fisibach,AG,DEPARTEMENT VOLKSWIRTSCHAFT UND INNERES Amt für Wirtschaft ...,ok,https://www.fislisbach.ch/fileadmin/00_website/Online-Schalter/Bau_und_Planung/Merkblatt_-_BETRIEB_Ladenoeffnung_und_Beschaeftigung_von_Mitarbeitenden_an_Sonntagen_V02.pdf,C:\Users\peter.staub\OneDrive - pom+Consulting AG\Daten\pom+Education\RIS_2026\dashboard\data\audit\bzo_downloads\Fisibach_3.pdf,C:\Users\peter.staub\OneDrive - pom+Consulting AG\Daten\pom+Education\RIS_2026\dashboard\data\Reglemente\AG_Fisibach.pdf,lokal_aktuell
4306,Fisibach,AG,S 1,ok,https://www.ag.ch/media/kanton-aargau/bvu/raumentwicklung/grundlagen-und-kantonalplanung/richtplanung/richtplantext/s16.pdf,C:\Users\peter.staub\OneDrive - pom+Consulting AG\Daten\pom+Education\RIS_2026\dashboard\data\audit\bzo_downloads\Fisibach_4.pdf,C:\Users\peter.staub\OneDrive - pom+Consulting AG\Daten\pom+Education\RIS_2026\dashboard\data\Reglemente\AG_Fisibach.pdf,unbekannt
4306,Fisibach,AG,www.fisibach.ch,ok,https://www.fisibach.ch/_docn/3195904/2021_Teilanderung_BNO_Materialabbau-_und_Deponiezone.pdf,C:\Users\peter.staub\OneDrive - pom+Consulting AG\Daten\pom+Education\RIS_2026\dashboard\data\audit\bzo_downloads\Fisibach_5.pdf,C:\Users\peter.staub\OneDrive - pom+Consulting AG\Daten\pom+Education\RIS_2026\dashboard\data\Reglemente\AG_Fisibach.pdf,unbekannt
4307,Full-Reuenthal,AG,,not_found,,,C:\Users\peter.staub\OneDrive - pom+Consulting AG\Daten\pom+Education\RIS_2026\dashboard\data\Reglemente\AG_FullReuenthal.pdf,kein_online_treffer
4304,Döttingen,AG,,not_found,,,C:\Users\peter.staub\OneDrive - pom+Consulting AG\Daten\pom+Education\RIS_2026\dashboard\data\Reglemente\AG_Döttingen.pdf,kein_online_treffer
4314,Mellikon,AG,Bau- und Nutzungsordnung (BNO),ok,https://cms.e-mitwirkung.ch/media/kas/04_G_BNO_28.11.22.pdf,C:\Users\peter.staub\OneDrive - pom+Consulting AG\Daten\pom+Education\RIS_2026\dashboard\data\audit\bzo_downloads\Mellikon.pdf,C:\Users\peter.staub\OneDrive - pom+Consulting AG\Daten\pom+Education\RIS_2026\dashboard\data\Reglemente\AG_Mellikon.pdf,lokal_aktuell
4314,Mellikon,AG,Bau- und Nutzungsordnung (BNO) Gemäss § 15 BauG - Mellingen,download_failed,https://www.mellingen.ch/public/upload/assets/1683/Bau-und+Nutzungsordnung+(BNO).pdf,,C:\Users\peter.staub\OneDrive - pom+Consulting AG\Daten\pom+Education\RIS_2026\dashboard\data\Reglemente\AG_Mellikon.pdf,unbekannt
4314,Mellikon,AG,211215_REL_Zurzach_mit_Mellikon - Kanton Aargau,ok,https://www.ag.ch/media/kanton-aargau/bvu/raumentwicklung/innenentwicklung/werkzeugkasten/w3/zurzach-mellikon-rel.pdf,C:\Users\peter.staub\OneDrive - pom+Consulting AG\Daten\pom+Education\RIS_2026\dashboard\data\audit\bzo_downloads\Mellikon_3.pdf,C:\Users\peter.staub\OneDrive - pom+Consulting AG\Daten\pom+Education\RIS_2026\dashboard\data\Reglemente\AG_Mellikon.pdf,unbekannt
4314,Mellikon,AG,Zonenreglement,ok,https://www.dulliken.ch/_docn/5811634/Beilage_6_Zonenreglement_Änderungen_(Genehmigungsinhalt).pdf,C:\Users\peter.staub\OneDrive - pom+Consulting AG\Daten\pom+Education\RIS_2026\dashboard\data\audit\bzo_downloads\Mellikon_4.pdf,C:\Users\peter.staub\OneDrive - pom+Consulting AG\Daten\pom+Education\RIS_2026\dashboard\data\Reglemente\AG_Mellikon.pdf,unbekannt
4314,Mellikon,AG,Zonenreglement Siedlung - kanton.baselland.ch,ok,https://kanton.baselland.ch/gemeinden/oltingen/gemeindeverwaltung/formulare-gesuche/pdf-reglemente-1/zonenreglement-landschaft-rrb-nr-552-vom-25-04-201.pdf,C:\Users\peter.staub\OneDrive - pom+Consulting AG\Daten\pom+Education\RIS_2026\dashboard\data\audit\bzo_downloads\Mellikon_5.pdf,C:\Users\peter.staub\OneDrive - pom+Consulting AG\Daten\pom+Education\RIS_2026\dashboard\data\Reglemente\AG_Mellikon.pdf,online_neuer
4309,Klingnau,AG,,not_found,,,C:\Users\peter.staub\OneDrive - pom+Consulting AG\Daten\pom+Education\RIS_2026\dashboard\data\Reglemente\AG_Klingnau.pdf,kein_online_treffer
4310,Koblenz,AG,Bau- und Nutzungsordnung (BNO) - Koblenz,ok,https://www.koblenz.ch/fileadmin/user_upload/Dokumente/BNO_Koblenz_Entwurf.pdf,C:\Users\peter.staub\OneDrive - pom+Consulting AG\Daten\pom+Education\RIS_2026\dashboard\data\audit\bzo_downloads\Koblenz.pdf,C:\Users\peter.staub\OneDrive - pom+Consulting AG\Daten\pom+Education\RIS_2026\dashboard\data\Reglemente\AG_Koblenz.pdf,online_neuer
4310,Koblenz,AG,Gesamtrevision Nutzungsplanung Siedlung und Kulturland,ok,https://www.koblenz.ch/fileadmin/user_upload/Dokumente/20_Downloads/Gemeindeversammlung/EGV_13.06.2025/Planungsbericht.pdf,C:\Users\peter.staub\OneDrive - pom+Consulting AG\Daten\pom+Education\RIS_2026\dashboard\data\audit\bzo_downloads\Koblenz_2.pdf,C:\Users\peter.staub\OneDrive - pom+Consulting AG\Daten\pom+Education\RIS_2026\dashboard\data\Reglemente\AG_Koblenz.pdf,online_neuer
4310,Koblenz,AG,GEMEINDE KOBLENZ,ok,https://www.koblenz.ch/fileadmin/user_upload/Dokumente/20_Downloads/Reglemente___Formulare/Zonenplan.pdf,C:\Users\peter.staub\OneDrive - pom+Consulting AG\Daten\pom+Education\RIS_2026\dashboard\data\audit\bzo_downloads\Koblenz_3.pdf,C:\Users\peter.staub\OneDrive - pom+Consulting AG\Daten\pom+Education\RIS_2026\dashboard\data\Reglemente\AG_Koblenz.pdf,online_neuer
4310,Koblenz,AG,Gesamtrevision Nutzungsplanung Siedlung und Kulturland,ok,https://www.koblenz.ch/fileadmin/user_upload/Dokumente/Planungsbericht_Koblenz.pdf,C:\Users\peter.staub\OneDrive - pom+Consulting AG\Daten\pom+Education\RIS_2026\dashboard\data\audit\bzo_downloads\Koblenz_4.pdf,C:\Users\peter.staub\OneDrive - pom+Consulting AG\Daten\pom+Education\RIS_2026\dashboard\data\Reglemente\AG_Koblenz.pdf,online_neuer
4310,Koblenz,AG,Gemeinde Koblenz,ok,https://www.koblenz.ch/fileadmin/user_upload/Dokumente/20_Downloads/Reglemente___Formulare/BNO.pdf,C:\Users\peter.staub\OneDrive - pom+Consulting AG\Daten\pom+Education\RIS_2026\dashboard\data\audit\bzo_downloads\Koblenz_5.pdf,C:\Users\peter.staub\OneDrive - pom+Consulting AG\Daten\pom+Education\RIS_2026\dashboard\data\Reglemente\AG_Koblenz.pdf,online_neuer
4311,Leibstadt,AG,Unterdorf Planungsbericht - Oberwil-Lieli,ok,https://www.oberwil-lieli.ch/sites/default/files/2020-11/Gestaltungskonzept.pdf,C:\Users\peter.staub\OneDrive - pom+Consulting AG\Daten\pom+Education\RIS_2026\dashboard\data\audit\bzo_downloads\Leibstadt.pdf,C:\Users\peter.staub\OneDrive - pom+Consulting AG\Daten\pom+Education\RIS_2026\dashboard\data\Reglemente\AG_Leibstadt.pdf,lokal_aktuell
4313,Leuggern,AG,BVU - Kanton Aargau,ok,https://www.ag.ch/media/kanton-aargau/bvu/raumentwicklung/arbeitshilfen-empfehlungen/merkblaetter-empfehlungen/weilerplanung-arbeitshilfe.pdf,C:\Users\peter.staub\OneDrive - pom+Consulting AG\Daten\pom+Education\RIS_2026\dashboard\data\audit\bzo_downloads\Leuggern.pdf,C:\Users\peter.staub\OneDrive - pom+Consulting AG\Daten\pom+Education\RIS_2026\dashboard\data\Reglemente\AG_Leuggern.pdf,unbekannt
4313,Leuggern,AG,Bericht - klingnau.ch,ok,https://www.klingnau.ch/files/Grundlagenbericht_ARA-Klingnau.pdf,C:\Users\peter.staub\OneDrive - pom+Consulting AG\Daten\pom+Education\RIS_2026\dashboard\data\audit\bzo_downloads\Leuggern_2.pdf,C:\Users\peter.staub\OneDrive - pom+Consulting AG\Daten\pom+Education\RIS_2026\dashboard\data\Reglemente\AG_Leuggern.pdf,online_neuer
4313,Leuggern,AG,Teiländerung Nutzungsplanung Kulturlandplan / Bauzonenplan ...,ok,https://www.klingnau.ch/files/Planungsbericht_Teilaenderung-ARA-Klingn.pdf,C:\Users\peter.staub\OneDrive - pom+Consulting AG\Daten\pom+Education\RIS_2026\dashboard\data\audit\bzo_downloads\Leuggern_3.pdf,C:\Users\peter.staub\OneDrive - pom+Consulting AG\Daten\pom+Education\RIS_2026\dashboard\data\Reglemente\AG_Leuggern.pdf,online_neuer
4312,Lengnau (AG),AG,Microsoft Word - Bau- und Nutzungsordnung_2014 - lengnau-ag.ch,ok,https://www.lengnau-ag.ch/_docn/1794356/BNO_Bau-_und_Nutzungsordnung_2014.pdf,C:\Users\peter.staub\OneDrive - pom+Consulting AG\Daten\pom+Education\RIS_2026\dashboard\data\audit\bzo_downloads\Lengnau_AG.pdf,C:\Users\peter.staub\OneDrive - pom+Consulting AG\Daten\pom+Education\RIS_2026\dashboard\data\Reglemente\AG_Lengnau.pdf,unbekannt
4312,Lengnau (AG),AG,06223_eGBR_221205_GEE - Gemeinde Lengnau,ok,https://www.lengnau.ch/wp-content/uploads/2022/06/Baureglement.pdf,C:\Users\peter.staub\OneDrive - pom+Consulting AG\Daten\pom+Education\RIS_2026\dashboard\data\audit\bzo_downloads\Lengnau_AG_2.pdf,C:\Users\peter.staub\OneDrive - pom+Consulting AG\Daten\pom+Education\RIS_2026\dashboard\data\Reglemente\AG_Lengnau.pdf,lokal_aktuell
4312,Lengnau (AG),AG,06223_eGBR_230526_GE - lengnau.ch,ok,https://www.lengnau.ch/wp-content/uploads/2025/04/Baureglement_Artikel_418.pdf,C:\Users\peter.staub\OneDrive - pom+Consulting AG\Daten\pom+Education\RIS_2026\dashboard\data\audit\bzo_downloads\Lengnau_AG_3.pdf,C:\Users\peter.staub\OneDrive - pom+Consulting AG\Daten\pom+Education\RIS_2026\dashboard\data\Reglemente\AG_Lengnau.pdf,online_neuer
4312,Lengnau (AG),AG,Microsoft Word - 06223_MB_190910_221018.docx - Gemeinde Lengnau,ok,https://www.lengnau.ch/wp-content/uploads/2022/10/Teilrevision_Ortsplanung_Mitwirkungsbericht.pdf,C:\Users\peter.staub\OneDrive - pom+Consulting AG\Daten\pom+Education\RIS_2026\dashboard\data\audit\bzo_downloads\Lengnau_AG_4.pdf,C:\Users\peter.staub\OneDrive - pom+Consulting AG\Daten\pom+Education\RIS_2026\dashboard\data\Reglemente\AG_Lengnau.pdf,lokal_aktuell
4312,Lengnau (AG),AG,06604_ZPAe_221019_BE - lengnau.ch,ok,https://www.lengnau.ch/wp-content/uploads/2022/10/Zonenplanaenderung_Intensivlandwirtschaftszone_Eygatter_Ausschnitt_Zonenplan.pdf,C:\Users\peter.staub\OneDrive - pom+Consulting AG\Daten\pom+Education\RIS_2026\dashboard\data\audit\bzo_downloads\Lengnau_AG_5.pdf,C:\Users\peter.staub\OneDrive - pom+Consulting AG\Daten\pom+Education\RIS_2026\dashboard\data\Reglemente\AG_Lengnau.pdf,lokal_aktuell
4319,Siglistorf,AG,,not_found,,,C:\Users\peter.staub\OneDrive - pom+Consulting AG\Daten\pom+Education\RIS_2026\dashboard\data\Reglemente\AG_Siglistorf.pdf,kein_online_treffer
4318,Schneisingen,AG,,not_found,,,C:\Users\peter.staub\OneDrive - pom+Consulting AG\Daten\pom+Education\RIS_2026\dashboard\data\Reglemente\AG_Schneisingen.pdf,kein_online_treffer
4305,Endingen,AG,EIN SCHATZ WIRD GEORDNET UND ZUGÄNGLICH GEMACHT,ok,"https://www.urdorf.ch/_docn/7048012/Urdorf_aktuell,_Nr._148,_Juni_2026.pdf",C:\Users\peter.staub\OneDrive - pom+Consulting AG\Daten\pom+Education\RIS_2026\dashboard\data\audit\bzo_downloads\Endingen.pdf,C:\Users\peter.staub\OneDrive - pom+Consulting AG\Daten\pom+Education\RIS_2026\dashboard\data\Reglemente\AG_Endingen.pdf,unbekannt
4305,Endingen,AG,Microsoft Word - G_BNO_Endingen_Ausnahme.docx,ok,https://www.endingen.ch/_docn/1306751/BNO.pdf,C:\Users\peter.staub\OneDrive - pom+Consulting AG\Daten\pom+Education\RIS_2026\dashboard\data\audit\bzo_downloads\Endingen_2.pdf,C:\Users\peter.staub\OneDrive - pom+Consulting AG\Daten\pom+Education\RIS_2026\dashboard\data\Reglemente\AG_Endingen.pdf,unbekannt
4305,Endingen,AG,PB Endingen Final,ok,https://www.endingen.ch/_docn/1202141/031-Planungsbericht.pdf,C:\Users\peter.staub\OneDrive - pom+Consulting AG\Daten\pom+Education\RIS_2026\dashboard\data\audit\bzo_downloads\Endingen_3.pdf,C:\Users\peter.staub\OneDrive - pom+Consulting AG\Daten\pom+Education\RIS_2026\dashboard\data\Reglemente\AG_Endingen.pdf,unbekannt
4305,Endingen,AG,Rechenschaftsbericht 2023 - ehrendingen.ch,ok,https://www.ehrendingen.ch/fileadmin/00_website/PDF-Liste/Rechenschaftsberichte/Rechenschaftsbericht_2023.pdf,C:\Users\peter.staub\OneDrive - pom+Consulting AG\Daten\pom+Education\RIS_2026\dashboard\data\audit\bzo_downloads\Endingen_4.pdf,C:\Users\peter.staub\OneDrive - pom+Consulting AG\Daten\pom+Education\RIS_2026\dashboard\data\Reglemente\AG_Endingen.pdf,online_neuer
4305,Endingen,AG,S 1,ok,https://www.ag.ch/media/kanton-aargau/bvu/raumentwicklung/grundlagen-und-kantonalplanung/richtplanung/richtplantext/s16.pdf,C:\Users\peter.staub\OneDrive - pom+Consulting AG\Daten\pom+Education\RIS_2026\dashboard\data\audit\bzo_downloads\Endingen_5.pdf,C:\Users\peter.staub\OneDrive - pom+Consulting AG\Daten\pom+Education\RIS_2026\dashboard\data\Reglemente\AG_Endingen.pdf,unbekannt
4324,Zurzach,AG,Gemeinde Bad Zurzach Nutzungsplanung Kulturland,ok,https://www.zurzach.ch/_docn/4991869/BNO_Bad_Zurzach.pdf,C:\Users\peter.staub\OneDrive - pom+Consulting AG\Daten\pom+Education\RIS_2026\dashboard\data\audit\bzo_downloads\Zurzach.pdf,,neu_online_gefunden
4324,Zurzach,AG,A3 Bauzo 1_8000 - Zurzach,ok,https://www.zurzach.ch/_docn/3693028/Bauzonenplan_Bad_Zurzach.pdf,C:\Users\peter.staub\OneDrive - pom+Consulting AG\Daten\pom+Education\RIS_2026\dashboard\data\audit\bzo_downloads\Zurzach_2.pdf,,neu_online_gefunden
4324,Zurzach,AG,211215_REL_Zurzach_mit_Mellikon - Kanton Aargau,ok,https://www.ag.ch/media/kanton-aargau/bvu/raumentwicklung/innenentwicklung/werkzeugkasten/w3/zurzach-mellikon-rel.pdf,C:\Users\peter.staub\OneDrive - pom+Consulting AG\Daten\pom+Education\RIS_2026\dashboard\data\audit\bzo_downloads\Zurzach_3.pdf,,neu_online_gefunden
4324,Zurzach,AG,220715_Vertiefungsstudie Zurzach_Entwurf_Kurzbericht,ok,https://www.ag.ch/media/kanton-aargau/bvu/raumentwicklung/innenentwicklung/werkzeugkasten/w3/zurzach-vertiefungsstudie-bahnhofsumfelder-ortskerne.pdf,C:\Users\peter.staub\OneDrive - pom+Consulting AG\Daten\pom+Education\RIS_2026\dashboard\data\audit\bzo_downloads\Zurzach_4.pdf,,neu_online_gefunden
4288,Wiliberg,AG,BNO Vorlage GV - Oberwil-Lieli,download_failed,https://www.oberwil-lieli.ch/sites/default/files/2020-08/02+BNO.pdf,,C:\Users\peter.staub\OneDrive - pom+Consulting AG\Daten\pom+Education\RIS_2026\dashboard\data\Reglemente\AG_Wiliberg.pdf,online_neuer
4288,Wiliberg,AG,Zonenreglement - dulliken.ch,ok,https://www.dulliken.ch/_docn/5811634/Beilage_6_Zonenreglement_Änderungen_(Genehmigungsinhalt).pdf,C:\Users\peter.staub\OneDrive - pom+Consulting AG\Daten\pom+Education\RIS_2026\dashboard\data\audit\bzo_downloads\Wiliberg_2.pdf,C:\Users\peter.staub\OneDrive - pom+Consulting AG\Daten\pom+Education\RIS_2026\dashboard\data\Reglemente\AG_Wiliberg.pdf,unbekannt
4288,Wiliberg,AG,S 1,ok,https://www.ag.ch/media/kanton-aargau/bvu/raumentwicklung/grundlagen-und-kantonalplanung/richtplanung/richtplantext/s16.pdf,C:\Users\peter.staub\OneDrive - pom+Consulting AG\Daten\pom+Education\RIS_2026\dashboard\data\audit\bzo_downloads\Wiliberg_3.pdf,C:\Users\peter.staub\OneDrive - pom+Consulting AG\Daten\pom+Education\RIS_2026\dashboard\data\Reglemente\AG_Wiliberg.pdf,unbekannt
4288,Wiliberg,AG,Planungsbericht nach Art. 47 RPV - Holziken,ok,https://www.holziken.ch/sites/default/files/2020-11/201102_HOL_Planungsbericht_RPV_47.pdf,C:\Users\peter.staub\OneDrive - pom+Consulting AG\Daten\pom+Education\RIS_2026\dashboard\data\audit\bzo_downloads\Wiliberg_4.pdf,C:\Users\peter.staub\OneDrive - pom+Consulting AG\Daten\pom+Education\RIS_2026\dashboard\data\Reglemente\AG_Wiliberg.pdf,lokal_aktuell
4288,Wiliberg,AG,Landschaftsentwicklungsprogramm LEP Gemeindespiegel Wiliberg,ok,https://www.lep-aargau.ch/app/uploads/2026/05/LEP_Gemeindespiegel_Wiliberg_2026_02_25.pdf,C:\Users\peter.staub\OneDrive - pom+Consulting AG\Daten\pom+Education\RIS_2026\dashboard\data\audit\bzo_downloads\Wiliberg_5.pdf,C:\Users\peter.staub\OneDrive - pom+Consulting AG\Daten\pom+Education\RIS_2026\dashboard\data\Reglemente\AG_Wiliberg.pdf,online_neuer
4287,Vordemwald,AG,Bau- und Nutzungsordnung (BNO) - Vordemwald,ok,https://www.vordemwald.ch/_docn/2578088/Bau-_und_Nutzungsordnung.pdf,C:\Users\peter.staub\OneDrive - pom+Consulting AG\Daten\pom+Education\RIS_2026\dashboard\data\audit\bzo_downloads\Vordemwald.pdf,C:\Users\peter.staub\OneDrive - pom+Consulting AG\Daten\pom+Education\RIS_2026\dashboard\data\Reglemente\AG_Vordemwald.pdf,unbekannt
4287,Vordemwald,AG,Bau- und Nutzungsordnung (BNO) gemäss § 15 BauG - vordemwald.ch,ok,https://www.vordemwald.ch/_docn/6302674/Bau-_und_Nutzungsordnung_2020_DEF_Original.pdf,C:\Users\peter.staub\OneDrive - pom+Consulting AG\Daten\pom+Education\RIS_2026\dashboard\data\audit\bzo_downloads\Vordemwald_2.pdf,C:\Users\peter.staub\OneDrive - pom+Consulting AG\Daten\pom+Education\RIS_2026\dashboard\data\Reglemente\AG_Vordemwald.pdf,unbekannt
4287,Vordemwald,AG,1637_ZPL_396x228__mit_Legende_16 - a-welle.ch,ok,https://www.a-welle.ch/fileadmin/seiteninhalt/dokumente/2017/1637_ZPL_396x228__mit_Legende_16_high.pdf,C:\Users\peter.staub\OneDrive - pom+Consulting AG\Daten\pom+Education\RIS_2026\dashboard\data\audit\bzo_downloads\Vordemwald_3.pdf,C:\Users\peter.staub\OneDrive - pom+Consulting AG\Daten\pom+Education\RIS_2026\dashboard\data\Reglemente\AG_Vordemwald.pdf,lokal_aktuell
4287,Vordemwald,AG,Bau- und Nutzungsordnung (BNO) - vordemwald.ch,ok,https://www.vordemwald.ch/_docn/2578109/Bau-_und_Nutzungsordnung.pdf,C:\Users\peter.staub\OneDrive - pom+Consulting AG\Daten\pom+Education\RIS_2026\dashboard\data\audit\bzo_downloads\Vordemwald_4.pdf,C:\Users\peter.staub\OneDrive - pom+Consulting AG\Daten\pom+Education\RIS_2026\dashboard\data\Reglemente\AG_Vordemwald.pdf,unbekannt
4285,Strengelbach,AG,BAU- UND NUTZUNGSORDNUNG (BNO) gemäss § 15 BauG - Strengelbach,ok,https://www.strengelbach.ch/de/verwaltung/dokumente/dokumente/STR02-BNO-genehmigt-140120.pdf,C:\Users\peter.staub\OneDrive - pom+Consulting AG\Daten\pom+Education\RIS_2026\dashboard\data\audit\bzo_downloads\Strengelbach.pdf,C:\Users\peter.staub\OneDrive - pom+Consulting AG\Daten\pom+Education\RIS_2026\dashboard\data\Reglemente\AG_Strengelbach.pdf,unbekannt
4285,Strengelbach,AG,Immobilienstrategie Strengelbach,ok,https://www.strengelbach.ch/wAssets/docs/aktuelles/Aus-der-Gemeinde/Bericht.pdf,C:\Users\peter.staub\OneDrive - pom+Consulting AG\Daten\pom+Education\RIS_2026\dashboard\data\audit\bzo_downloads\Strengelbach_2.pdf,C:\Users\peter.staub\OneDrive - pom+Consulting AG\Daten\pom+Education\RIS_2026\dashboard\data\Reglemente\AG_Strengelbach.pdf,unbekannt
4285,Strengelbach,AG,Teilrevision der Nutzungsplanung «Oberwilerfeld»,ok,https://www.rothrist.ch/_docn/7050004/Mitwirkungsverfahren_Oberwilerfeld_Planungsbericht_vom_05.06.2026.pdf,C:\Users\peter.staub\OneDrive - pom+Consulting AG\Daten\pom+Education\RIS_2026\dashboard\data\audit\bzo_downloads\Strengelbach_3.pdf,C:\Users\peter.staub\OneDrive - pom+Consulting AG\Daten\pom+Education\RIS_2026\dashboard\data\Reglemente\AG_Strengelbach.pdf,unbekannt
4285,Strengelbach,AG,aoa2613_01-24 - anzeigeroberaargau.ch,ok,https://www.anzeigeroberaargau.ch/images/ausgaben/2026/KW13.pdf,C:\Users\peter.staub\OneDrive - pom+Consulting AG\Daten\pom+Education\RIS_2026\dashboard\data\audit\bzo_downloads\Strengelbach_4.pdf,C:\Users\peter.staub\OneDrive - pom+Consulting AG\Daten\pom+Education\RIS_2026\dashboard\data\Reglemente\AG_Strengelbach.pdf,online_neuer
4285,Strengelbach,AG,Kanton Aargau - brittnau.ch,ok,https://www.brittnau.ch/_docn/4968736/KGV_Erläuterungsbericht.pdf,C:\Users\peter.staub\OneDrive - pom+Consulting AG\Daten\pom+Education\RIS_2026\dashboard\data\audit\bzo_downloads\Strengelbach_5.pdf,C:\Users\peter.staub\OneDrive - pom+Consulting AG\Daten\pom+Education\RIS_2026\dashboard\data\Reglemente\AG_Strengelbach.pdf,unbekannt
4284,Staffelbach,AG,Bau- und Nutzungsordnung - Staffelbach,ok,https://staffelbach.ch/scms/upload///NUPLA_BNO.pdf,C:\Users\peter.staub\OneDrive - pom+Consulting AG\Daten\pom+Education\RIS_2026\dashboard\data\audit\bzo_downloads\Staffelbach.pdf,C:\Users\peter.staub\OneDrive - pom+Consulting AG\Daten\pom+Education\RIS_2026\dashboard\data\Reglemente\AG_Staffelbach.pdf,lokal_aktuell
4284,Staffelbach,AG,Bau- und Nutzungsordnung - staffelbach.ch,ok,https://staffelbach.ch/scms/upload/25-08-06_BNO_bereinigt___A_inkl_Anhang.pdf,C:\Users\peter.staub\OneDrive - pom+Consulting AG\Daten\pom+Education\RIS_2026\dashboard\data\audit\bzo_downloads\Staffelbach_2.pdf,C:\Users\peter.staub\OneDrive - pom+Consulting AG\Daten\pom+Education\RIS_2026\dashboard\data\Reglemente\AG_Staffelbach.pdf,online_neuer
4284,Staffelbach,AG,aktualisierte BNO Gesamtversion 2007 - Staffelbach,ok,https://staffelbach.ch/scms/upload///Dokumente/Reglemente/bau_nutzungsordnung.pdf,C:\Users\peter.staub\OneDrive - pom+Consulting AG\Daten\pom+Education\RIS_2026\dashboard\data\audit\bzo_downloads\Staffelbach_3.pdf,C:\Users\peter.staub\OneDrive - pom+Consulting AG\Daten\pom+Education\RIS_2026\dashboard\data\Reglemente\AG_Staffelbach.pdf,lokal_aktuell
4284,Staffelbach,AG,Gemeinde Staffelbach,ok,https://staffelbach.ch/scms/upload///NUPLASynopse_BNO_ohne_Anhang.pdf,C:\Users\peter.staub\OneDrive - pom+Consulting AG\Daten\pom+Education\RIS_2026\dashboard\data\audit\bzo_downloads\Staffelbach_4.pdf,C:\Users\peter.staub\OneDrive - pom+Consulting AG\Daten\pom+Education\RIS_2026\dashboard\data\Reglemente\AG_Staffelbach.pdf,lokal_aktuell
4284,Staffelbach,AG,Bau- und Nutzungsordnung (BNO),ok,https://cms.e-mitwirkung.ch/media/kas/04_G_BNO_28.11.22.pdf,C:\Users\peter.staub\OneDrive - pom+Consulting AG\Daten\pom+Education\RIS_2026\dashboard\data\audit\bzo_downloads\Staffelbach_5.pdf,C:\Users\peter.staub\OneDrive - pom+Consulting AG\Daten\pom+Education\RIS_2026\dashboard\data\Reglemente\AG_Staffelbach.pdf,lokal_aktuell
4286,Uerkheim,AG,,not_found,,,C:\Users\peter.staub\OneDrive - pom+Consulting AG\Daten\pom+Education\RIS_2026\dashboard\data\Reglemente\AG_Uerkheim.pdf,kein_online_treffer
4274,Brittnau,AG,Druckversion_BNO_Stand_September_2010 - brittnau.ch,ok,https://www.brittnau.ch/_docn/461486/Bau-_und_Nutzungsordnung.pdf,C:\Users\peter.staub\OneDrive - pom+Consulting AG\Daten\pom+Education\RIS_2026\dashboard\data\audit\bzo_downloads\Brittnau.pdf,C:\Users\peter.staub\OneDrive - pom+Consulting AG\Daten\pom+Education\RIS_2026\dashboard\data\Reglemente\AG_Brittnau.pdf,unbekannt
4274,Brittnau,AG,Kanton Aargau - brittnau.ch,ok,https://www.brittnau.ch/_docn/4968736/KGV_Erläuterungsbericht.pdf,C:\Users\peter.staub\OneDrive - pom+Consulting AG\Daten\pom+Education\RIS_2026\dashboard\data\audit\bzo_downloads\Brittnau_2.pdf,C:\Users\peter.staub\OneDrive - pom+Consulting AG\Daten\pom+Education\RIS_2026\dashboard\data\Reglemente\AG_Brittnau.pdf,unbekannt
4274,Brittnau,AG,Bau- und Nutzungsordnung (BNO) - E-Mitwirkung CMS,ok,https://cms.e-mitwirkung.ch/media/kas/04_G_BNO_05.04.24.pdf,C:\Users\peter.staub\OneDrive - pom+Consulting AG\Daten\pom+Education\RIS_2026\dashboard\data\audit\bzo_downloads\Brittnau_3.pdf,C:\Users\peter.staub\OneDrive - pom+Consulting AG\Daten\pom+Education\RIS_2026\dashboard\data\Reglemente\AG_Brittnau.pdf,online_neuer
4274,Brittnau,AG,Verfahren zur Teilrevision der Ortsplanung,ok,https://www.grosswangen.ch/files/pdf1/verfahren-zur-teilrevision-der-ortsplanung__2.pdf,C:\Users\peter.staub\OneDrive - pom+Consulting AG\Daten\pom+Education\RIS_2026\dashboard\data\audit\bzo_downloads\Brittnau_4.pdf,C:\Users\peter.staub\OneDrive - pom+Consulting AG\Daten\pom+Education\RIS_2026\dashboard\data\Reglemente\AG_Brittnau.pdf,online_neuer
4271,Aarburg,AG,CoLa-PDF - Kanton Aargau,ok,https://www.ag.ch/media/kanton-aargau/bvu/mobilitaet-und-verkehr/strasseninfrastruktur/strassenprojekte/rothrist-wiggertalstrasse/medienberichte/zt-29-juli-2023.pdf,C:\Users\peter.staub\OneDrive - pom+Consulting AG\Daten\pom+Education\RIS_2026\dashboard\data\audit\bzo_downloads\Aarburg.pdf,C:\Users\peter.staub\OneDrive - pom+Consulting AG\Daten\pom+Education\RIS_2026\dashboard\data\Reglemente\AG_Aarburg.pdf,unbekannt
4271,Aarburg,AG,Ein Leitfaden für die Praxis - Kanton Aargau,ok,https://www.ag.ch/media/kanton-aargau/dvi/dokumente/ga/gemeindezusammenarbeit/gesamter-leitfaden.pdf,C:\Users\peter.staub\OneDrive - pom+Consulting AG\Daten\pom+Education\RIS_2026\dashboard\data\audit\bzo_downloads\Aarburg_2.pdf,C:\Users\peter.staub\OneDrive - pom+Consulting AG\Daten\pom+Education\RIS_2026\dashboard\data\Reglemente\AG_Aarburg.pdf,unbekannt
4271,Aarburg,AG,3. Betreibungsamtliche Schätzung - bl-api.webcloud7.ch,download_failed,https://bl-api.webcloud7.ch/politik-und-behorden/direktionen/sicherheitsdirektion/zivilrechtsverwaltung/liegenschaftsverwertungen/pdf-casalus-gmbh/a2a-betreibungsamtl-schaetzung-laeufelfingen-353.pdf,,C:\Users\peter.staub\OneDrive - pom+Consulting AG\Daten\pom+Education\RIS_2026\dashboard\data\Reglemente\AG_Aarburg.pdf,unbekannt
4271,Aarburg,AG,Raum & Umwelt 3/2024 - espacesuisse.ch,ok,https://www.espacesuisse.ch/sites/default/files/documents/R&U-3-2024_dt-w.pdf,C:\Users\peter.staub\OneDrive - pom+Consulting AG\Daten\pom+Education\RIS_2026\dashboard\data\audit\bzo_downloads\Aarburg_4.pdf,C:\Users\peter.staub\OneDrive - pom+Consulting AG\Daten\pom+Education\RIS_2026\dashboard\data\Reglemente\AG_Aarburg.pdf,online_neuer
4271,Aarburg,AG,BAUZONENPLAN - Aarburg,ok,https://www.aarburg.ch/_docn/1810453/Bauzonenplan_10.05.2016_Format-A3.pdf,C:\Users\peter.staub\OneDrive - pom+Consulting AG\Daten\pom+Education\RIS_2026\dashboard\data\audit\bzo_downloads\Aarburg_5.pdf,C:\Users\peter.staub\OneDrive - pom+Consulting AG\Daten\pom+Education\RIS_2026\dashboard\data\Reglemente\AG_Aarburg.pdf,unbekannt
4273,Bottenwil,AG,Bättwil BauR - baettwil.ch,download_failed,https://baettwil.ch/download/GV_20251210/7_1_Baureglement.pdf,,C:\Users\peter.staub\OneDrive - pom+Consulting AG\Daten\pom+Education\RIS_2026\dashboard\data\Reglemente\AG_Bottenwil.pdf,online_neuer
4273,Bottenwil,AG,Bau- und Nutzungsordnung (BNO),ok,https://cms.e-mitwirkung.ch/media/kas/04_G_BNO_28.11.22.pdf,C:\Users\peter.staub\OneDrive - pom+Consulting AG\Daten\pom+Education\RIS_2026\dashboard\data\audit\bzo_downloads\Bottenwil_2.pdf,C:\Users\peter.staub\OneDrive - pom+Consulting AG\Daten\pom+Education\RIS_2026\dashboard\data\Reglemente\AG_Bottenwil.pdf,lokal_aktuell
4273,Bottenwil,AG,Synopse Bau- und Nutzungsordnung (BNO) - Gipf-Oberfrick,ok,https://www.gipf-oberfrick.ch/_docn/5255941/2024.08.05_Synopse_Bau-_und_Nutzungsordnung_(BNO).pdf,C:\Users\peter.staub\OneDrive - pom+Consulting AG\Daten\pom+Education\RIS_2026\dashboard\data\audit\bzo_downloads\Bottenwil_3.pdf,C:\Users\peter.staub\OneDrive - pom+Consulting AG\Daten\pom+Education\RIS_2026\dashboard\data\Reglemente\AG_Bottenwil.pdf,unbekannt
4273,Bottenwil,AG,Bau- und Nutzungsordnung (BNO) - E-Mitwirkung CMS,ok,https://cms.e-mitwirkung.ch/media/kas/04_G_BNO_05.04.24.pdf,C:\Users\peter.staub\OneDrive - pom+Consulting AG\Daten\pom+Education\RIS_2026\dashboard\data\audit\bzo_downloads\Bottenwil_4.pdf,C:\Users\peter.staub\OneDrive - pom+Consulting AG\Daten\pom+Education\RIS_2026\dashboard\data\Reglemente\AG_Bottenwil.pdf,online_neuer
4273,Bottenwil,AG,S 1,ok,https://www.ag.ch/media/kanton-aargau/bvu/raumentwicklung/grundlagen-und-kantonalplanung/richtplanung/richtplantext/s16.pdf,C:\Users\peter.staub\OneDrive - pom+Consulting AG\Daten\pom+Education\RIS_2026\dashboard\data\audit\bzo_downloads\Bottenwil_5.pdf,C:\Users\peter.staub\OneDrive - pom+Consulting AG\Daten\pom+Education\RIS_2026\dashboard\data\Reglemente\AG_Bottenwil.pdf,unbekannt
4277,Moosleerau,AG,,not_found,,,C:\Users\peter.staub\OneDrive - pom+Consulting AG\Daten\pom+Education\RIS_2026\dashboard\data\Reglemente\AG_Moosleerau.pdf,kein_online_treffer
4279,Murgenthal,AG,,not_found,,,C:\Users\peter.staub\OneDrive - pom+Consulting AG\Daten\pom+Education\RIS_2026\dashboard\data\Reglemente\AG_Murgenthal.pdf,kein_online_treffer
4280,Oftringen,AG,,not_found,,,C:\Users\peter.staub\OneDrive - pom+Consulting AG\Daten\pom+Education\RIS_2026\dashboard\data\Reglemente\AG_Oftringen.pdf,kein_online_treffer
4276,Kölliken,AG,Biodiversität und Landschaftsqualität im Siedlungsgebiet,ok,https://www.bafu.admin.ch/dam/de/sd-web/JaAOArKkL9-f/biodiversitaet-und-landschaftsqualitaet-im-siedlungsgebiet.pdf,C:\Users\peter.staub\OneDrive - pom+Consulting AG\Daten\pom+Education\RIS_2026\dashboard\data\audit\bzo_downloads\Kölliken.pdf,C:\Users\peter.staub\OneDrive - pom+Consulting AG\Daten\pom+Education\RIS_2026\dashboard\data\Reglemente\AG_Kölliken.pdf,online_neuer
4276,Kölliken,AG,Biodiversität und Landschaftsqualität im Siedlungsgebiet,ok,https://www.chgemeinden.ch/wAssets/docs/BAFU-Musterbestimmungen_BD_D.pdf,C:\Users\peter.staub\OneDrive - pom+Consulting AG\Daten\pom+Education\RIS_2026\dashboard\data\audit\bzo_downloads\Kölliken_2.pdf,C:\Users\peter.staub\OneDrive - pom+Consulting AG\Daten\pom+Education\RIS_2026\dashboard\data\Reglemente\AG_Kölliken.pdf,unbekannt
4275,Kirchleerau,AG,,not_found,,,C:\Users\peter.staub\OneDrive - pom+Consulting AG\Daten\pom+Education\RIS_2026\dashboard\data\Reglemente\AG_Kirchleerau.pdf,kein_online_treffer
4282,Rothrist,AG,,not_found,,,C:\Users\peter.staub\OneDrive - pom+Consulting AG\Daten\pom+Education\RIS_2026\dashboard\data\Reglemente\AG_Rothrist.pdf,kein_online_treffer
4283,Safenwil,AG,Bau- und Nutzungsordnung BNO der Gemeinde Safenwil,ok,https://www.safenwil.ch/_docn/4206179/3_Bau-_und_Nutzungsordnung_221109_2.pdf,C:\Users\peter.staub\OneDrive - pom+Consulting AG\Daten\pom+Education\RIS_2026\dashboard\data\audit\bzo_downloads\Safenwil.pdf,C:\Users\peter.staub\OneDrive - pom+Consulting AG\Daten\pom+Education\RIS_2026\dashboard\data\Reglemente\AG_Safenwil.pdf,unbekannt
4283,Safenwil,AG,Untitled [schupfart.ch],ok,https://schupfart.ch/cms/images/politik/gemeindeversammlungen/2026/2026.06.23_egv_jahresrechnung_2025.pdf,C:\Users\peter.staub\OneDrive - pom+Consulting AG\Daten\pom+Education\RIS_2026\dashboard\data\audit\bzo_downloads\Safenwil_2.pdf,C:\Users\peter.staub\OneDrive - pom+Consulting AG\Daten\pom+Education\RIS_2026\dashboard\data\Reglemente\AG_Safenwil.pdf,online_neuer
4283,Safenwil,AG,Bauzonenplan Gemeinde Safenwil,ok,https://www.safenwil.ch/_docn/755905/Zonenplan_Safenwil.pdf,C:\Users\peter.staub\OneDrive - pom+Consulting AG\Daten\pom+Education\RIS_2026\dashboard\data\audit\bzo_downloads\Safenwil_3.pdf,C:\Users\peter.staub\OneDrive - pom+Consulting AG\Daten\pom+Education\RIS_2026\dashboard\data\Reglemente\AG_Safenwil.pdf,unbekannt
4283,Safenwil,AG,www.safenwil.ch,ok,https://www.safenwil.ch/_docn/1358161/Zonenplan_Safenwil.pdf,C:\Users\peter.staub\OneDrive - pom+Consulting AG\Daten\pom+Education\RIS_2026\dashboard\data\audit\bzo_downloads\Safenwil_4.pdf,C:\Users\peter.staub\OneDrive - pom+Consulting AG\Daten\pom+Education\RIS_2026\dashboard\data\Reglemente\AG_Safenwil.pdf,unbekannt
4283,Safenwil,AG,Gemeinde Safenwil Revision allgemeine Nutzungsplanung,ok,https://www.safenwil.ch/_docn/4206185/5_Planungsbericht_221123_2.pdf,C:\Users\peter.staub\OneDrive - pom+Consulting AG\Daten\pom+Education\RIS_2026\dashboard\data\audit\bzo_downloads\Safenwil_5.pdf,C:\Users\peter.staub\OneDrive - pom+Consulting AG\Daten\pom+Education\RIS_2026\dashboard\data\Reglemente\AG_Safenwil.pdf,unbekannt
4289,Zofingen,AG,Bau- und Nutzungsordnung (BNO) - holziken.ch,ok,https://holziken.ch/sites/default/files/2025-12/251120_BNO_Synopse_öffentl_Auflage_erg.pdf,C:\Users\peter.staub\OneDrive - pom+Consulting AG\Daten\pom+Education\RIS_2026\dashboard\data\audit\bzo_downloads\Zofingen.pdf,C:\Users\peter.staub\OneDrive - pom+Consulting AG\Daten\pom+Education\RIS_2026\dashboard\data\Reglemente\AG_Zofingen.pdf,online_neuer
4289,Zofingen,AG,2416 FRIKART; Bauprojekt - forleo.ch,ok,https://www.forleo.ch/wp-content/uploads/2416_FRIKART-Bauprojekt_250424_red.pdf,C:\Users\peter.staub\OneDrive - pom+Consulting AG\Daten\pom+Education\RIS_2026\dashboard\data\audit\bzo_downloads\Zofingen_2.pdf,C:\Users\peter.staub\OneDrive - pom+Consulting AG\Daten\pom+Education\RIS_2026\dashboard\data\Reglemente\AG_Zofingen.pdf,online_neuer
4289,Zofingen,AG,Grundlagen 1 - Kanton Aargau,ok,https://www.ag.ch/media/kanton-aargau/bvu/umwelt-natur/abwasser/siedlungsentwaesserung/afu-ose-gesamt.pdf,C:\Users\peter.staub\OneDrive - pom+Consulting AG\Daten\pom+Education\RIS_2026\dashboard\data\audit\bzo_downloads\Zofingen_3.pdf,C:\Users\peter.staub\OneDrive - pom+Consulting AG\Daten\pom+Education\RIS_2026\dashboard\data\Reglemente\AG_Zofingen.pdf,unbekannt
4281,Reitnau,AG,,not_found,,,C:\Users\peter.staub\OneDrive - pom+Consulting AG\Daten\pom+Education\RIS_2026\dashboard\data\Reglemente\AG_Reitnau.pdf,kein_online_treffer
4263,Zeiningen,AG,,not_found,,,C:\Users\peter.staub\OneDrive - pom+Consulting AG\Daten\pom+Education\RIS_2026\dashboard\data\Reglemente\AG_Zeiningen.pdf,kein_online_treffer
4264,Zuzgen,AG,Bau- und Nutzungsordnung (BNO) - zuzgen.ch,ok,https://www.zuzgen.ch/_docn/6866590/BNO_nachgeführt_Februar2024.pdf,C:\Users\peter.staub\OneDrive - pom+Consulting AG\Daten\pom+Education\RIS_2026\dashboard\data\audit\bzo_downloads\Zuzgen.pdf,C:\Users\peter.staub\OneDrive - pom+Consulting AG\Daten\pom+Education\RIS_2026\dashboard\data\Reglemente\AG_Zuzgen.pdf,unbekannt
4264,Zuzgen,AG,Bauzonenplan - zuzgen.ch,ok,https://www.zuzgen.ch/_docn/1183386/Bauzonenplan.pdf,C:\Users\peter.staub\OneDrive - pom+Consulting AG\Daten\pom+Education\RIS_2026\dashboard\data\audit\bzo_downloads\Zuzgen_2.pdf,C:\Users\peter.staub\OneDrive - pom+Consulting AG\Daten\pom+Education\RIS_2026\dashboard\data\Reglemente\AG_Zuzgen.pdf,unbekannt
4264,Zuzgen,AG,Teilrevision Bau- und Nutzungsordnung - zuzgen.ch,ok,https://www.zuzgen.ch/_docn/4513730/Traktandum_5_Teilrevision_BNO.pdf,C:\Users\peter.staub\OneDrive - pom+Consulting AG\Daten\pom+Education\RIS_2026\dashboard\data\audit\bzo_downloads\Zuzgen_3.pdf,C:\Users\peter.staub\OneDrive - pom+Consulting AG\Daten\pom+Education\RIS_2026\dashboard\data\Reglemente\AG_Zuzgen.pdf,unbekannt
4262,Wegenstetten,AG,,not_found,,,C:\Users\peter.staub\OneDrive - pom+Consulting AG\Daten\pom+Education\RIS_2026\dashboard\data\Reglemente\AG_Wegenstetten.pdf,kein_online_treffer
4261,Wallbach,AG,Revidierte Bauordnung Zonenordnung ab 2010 - wallbach.ch,ok,https://www.wallbach.ch/_docn/2659342/Revidierte_Bauordnung_Zonenordnung_ab_2010.pdf,C:\Users\peter.staub\OneDrive - pom+Consulting AG\Daten\pom+Education\RIS_2026\dashboard\data\audit\bzo_downloads\Wallbach.pdf,C:\Users\peter.staub\OneDrive - pom+Consulting AG\Daten\pom+Education\RIS_2026\dashboard\data\Reglemente\AG_Wallbach.pdf,unbekannt
4261,Wallbach,AG,2025-10-28_Beurteilung und Interessenabwa ̈gung_RSGM_Zeiningen,ok,https://www.fricktal.ch/wp-content/uploads/2026/04/VORSTA1.pdf,C:\Users\peter.staub\OneDrive - pom+Consulting AG\Daten\pom+Education\RIS_2026\dashboard\data\audit\bzo_downloads\Wallbach_2.pdf,C:\Users\peter.staub\OneDrive - pom+Consulting AG\Daten\pom+Education\RIS_2026\dashboard\data\Reglemente\AG_Wallbach.pdf,online_neuer
4261,Wallbach,AG,Kommunaler Gesamtplan Verkehr Gemeinde Möhlin,ok,https://www.moehlin.ch/wAssets/docs/ABU/KGV/2021.09.17-KGV-Bericht.pdf,C:\Users\peter.staub\OneDrive - pom+Consulting AG\Daten\pom+Education\RIS_2026\dashboard\data\audit\bzo_downloads\Wallbach_3.pdf,C:\Users\peter.staub\OneDrive - pom+Consulting AG\Daten\pom+Education\RIS_2026\dashboard\data\Reglemente\AG_Wallbach.pdf,unbekannt
4261,Wallbach,AG,mumpf.ch,download_failed,https://mumpf.ch/cms/images/online-services/downloads/Räumliches+Entwicklungsleitbild_v20250707.pdf,,C:\Users\peter.staub\OneDrive - pom+Consulting AG\Daten\pom+Education\RIS_2026\dashboard\data\Reglemente\AG_Wallbach.pdf,online_neuer
4261,Wallbach,AG,Grundlagenbericht Wildtierkorridore 2.0 - Kanton Aargau,ok,https://www.ag.ch/media/kanton-aargau/bvu/umwelt-natur/natur-und-landschaftsschutz/wildtierkorridore-vernetzung/uag-so-57.pdf,C:\Users\peter.staub\OneDrive - pom+Consulting AG\Daten\pom+Education\RIS_2026\dashboard\data\audit\bzo_downloads\Wallbach_5.pdf,C:\Users\peter.staub\OneDrive - pom+Consulting AG\Daten\pom+Education\RIS_2026\dashboard\data\Reglemente\AG_Wallbach.pdf,unbekannt
4260,Stein (AG),AG,700-100_Bau_Nutzungsordnung - Stein am Rhein,ok,https://www.steinamrhein.ch/public/upload/assets/352/700-100_Bau_Nutzungsordnung.pdf,C:\Users\peter.staub\OneDrive - pom+Consulting AG\Daten\pom+Education\RIS_2026\dashboard\data\audit\bzo_downloads\Stein_AG.pdf,C:\Users\peter.staub\OneDrive - pom+Consulting AG\Daten\pom+Education\RIS_2026\dashboard\data\Reglemente\AG_Stein.pdf,lokal_aktuell
4260,Stein (AG),AG,BAU- UND ZONENREGLEMENT,ok,https://werthenstein.ch/wp-content/uploads/2025/07/Bau-und-Zonenreglement.pdf,C:\Users\peter.staub\OneDrive - pom+Consulting AG\Daten\pom+Education\RIS_2026\dashboard\data\audit\bzo_downloads\Stein_AG_2.pdf,C:\Users\peter.staub\OneDrive - pom+Consulting AG\Daten\pom+Education\RIS_2026\dashboard\data\Reglemente\AG_Stein.pdf,online_neuer
4260,Stein (AG),AG,BAU- UND ZONENORDNUNG - eglisau.ch,ok,https://www.eglisau.ch/fileadmin/user_upload/GEMEINDEVERSAMMLUNGEN/20250909/Bau-_und_Zonenordnung__Synopse__20250716.pdf,C:\Users\peter.staub\OneDrive - pom+Consulting AG\Daten\pom+Education\RIS_2026\dashboard\data\audit\bzo_downloads\Stein_AG_3.pdf,C:\Users\peter.staub\OneDrive - pom+Consulting AG\Daten\pom+Education\RIS_2026\dashboard\data\Reglemente\AG_Stein.pdf,online_neuer
4260,Stein (AG),AG,BAUREGLEMENT_08 - Bellwald,ok,https://gemeinde.bellwald.ch/fileadmin/Mediendatenbank_BellwaldGemeinde/Dokumente/Reglemente/bau-undzonenreglement.pdf,C:\Users\peter.staub\OneDrive - pom+Consulting AG\Daten\pom+Education\RIS_2026\dashboard\data\audit\bzo_downloads\Stein_AG_4.pdf,C:\Users\peter.staub\OneDrive - pom+Consulting AG\Daten\pom+Education\RIS_2026\dashboard\data\Reglemente\AG_Stein.pdf,lokal_aktuell
4251,Hellikon,AG,HEL02_DIV_2502513_BNO_Reinversion - hellikon.ch,ok,https://www.hellikon.ch/uploads/news/0566e9c89f17677dcce726c905961c08.pdf,C:\Users\peter.staub\OneDrive - pom+Consulting AG\Daten\pom+Education\RIS_2026\dashboard\data\audit\bzo_downloads\Hellikon.pdf,C:\Users\peter.staub\OneDrive - pom+Consulting AG\Daten\pom+Education\RIS_2026\dashboard\data\Reglemente\AG_Hellikon.pdf,online_neuer
4251,Hellikon,AG,BNO_Hellikon_Genehmigung,ok,https://www.hellikon.ch/uploads/news/91a9de133cdf82ba0661e52642529bc0.pdf,C:\Users\peter.staub\OneDrive - pom+Consulting AG\Daten\pom+Education\RIS_2026\dashboard\data\audit\bzo_downloads\Hellikon_2.pdf,C:\Users\peter.staub\OneDrive - pom+Consulting AG\Daten\pom+Education\RIS_2026\dashboard\data\Reglemente\AG_Hellikon.pdf,lokal_aktuell
4251,Hellikon,AG,HEL02_DIV_250513_BNO_Synopse - hellikon.ch,ok,https://www.hellikon.ch/uploads/news/8caee25eeca96055b6967c0598c1d156.pdf,C:\Users\peter.staub\OneDrive - pom+Consulting AG\Daten\pom+Education\RIS_2026\dashboard\data\audit\bzo_downloads\Hellikon_3.pdf,C:\Users\peter.staub\OneDrive - pom+Consulting AG\Daten\pom+Education\RIS_2026\dashboard\data\Reglemente\AG_Hellikon.pdf,online_neuer
4251,Hellikon,AG,Gemeinde Hellikon,ok,https://www.hellikon.ch/uploads/news/8f8c96f735a02c90b1af39efaa33f59e.pdf,C:\Users\peter.staub\OneDrive - pom+Consulting AG\Daten\pom+Education\RIS_2026\dashboard\data\audit\bzo_downloads\Hellikon_4.pdf,C:\Users\peter.staub\OneDrive - pom+Consulting AG\Daten\pom+Education\RIS_2026\dashboard\data\Reglemente\AG_Hellikon.pdf,online_neuer
4251,Hellikon,AG,Bau- und Nutzungsordnung (BNO) - E-Mitwirkung CMS,ok,https://cms.e-mitwirkung.ch/media/kas/04_G_BNO_05.04.24.pdf,C:\Users\peter.staub\OneDrive - pom+Consulting AG\Daten\pom+Education\RIS_2026\dashboard\data\audit\bzo_downloads\Hellikon_5.pdf,C:\Users\peter.staub\OneDrive - pom+Consulting AG\Daten\pom+Education\RIS_2026\dashboard\data\Reglemente\AG_Hellikon.pdf,online_neuer
4255,Mumpf,AG,BNO_Mumpf_2024,ok,https://mumpf.ch/cms/images/online-services/downloads/BNO-Mumpf_2024.pdf,C:\Users\peter.staub\OneDrive - pom+Consulting AG\Daten\pom+Education\RIS_2026\dashboard\data\audit\bzo_downloads\Mumpf.pdf,C:\Users\peter.staub\OneDrive - pom+Consulting AG\Daten\pom+Education\RIS_2026\dashboard\data\Reglemente\AG_Mumpf.pdf,online_neuer
4255,Mumpf,AG,GEMEINDE OBERMUMPF,download_failed,https://www.obermumpf.ch/public/upload/assets/302/Bau-+und+Nutzungsordnung+BNO.pdf,,C:\Users\peter.staub\OneDrive - pom+Consulting AG\Daten\pom+Education\RIS_2026\dashboard\data\Reglemente\AG_Mumpf.pdf,online_neuer
4255,Mumpf,AG,Gebührenreglement - mumpf.ch,ok,https://www.mumpf.ch/cms/images/online-services/downloads/Gebührenreglement_BNO.pdf,C:\Users\peter.staub\OneDrive - pom+Consulting AG\Daten\pom+Education\RIS_2026\dashboard\data\audit\bzo_downloads\Mumpf_3.pdf,C:\Users\peter.staub\OneDrive - pom+Consulting AG\Daten\pom+Education\RIS_2026\dashboard\data\Reglemente\AG_Mumpf.pdf,online_neuer
4255,Mumpf,AG,2025-10-28_Beurteilung und Interessenabwa ̈gung_RSGM_Zeiningen,ok,https://www.fricktal.ch/wp-content/uploads/2026/04/VORSTA1.pdf,C:\Users\peter.staub\OneDrive - pom+Consulting AG\Daten\pom+Education\RIS_2026\dashboard\data\audit\bzo_downloads\Mumpf_4.pdf,C:\Users\peter.staub\OneDrive - pom+Consulting AG\Daten\pom+Education\RIS_2026\dashboard\data\Reglemente\AG_Mumpf.pdf,online_neuer
4255,Mumpf,AG,CoLa-PDF - Volketswiler Nachrichten,ok,https://volketswiler-nachrichten.ch/fileadmin/user_upload/VN_04_03_2022.pdf,C:\Users\peter.staub\OneDrive - pom+Consulting AG\Daten\pom+Education\RIS_2026\dashboard\data\audit\bzo_downloads\Mumpf_5.pdf,C:\Users\peter.staub\OneDrive - pom+Consulting AG\Daten\pom+Education\RIS_2026\dashboard\data\Reglemente\AG_Mumpf.pdf,lokal_aktuell
4254,Möhlin,AG,,not_found,,,C:\Users\peter.staub\OneDrive - pom+Consulting AG\Daten\pom+Education\RIS_2026\dashboard\data\Reglemente\AG_Möhlin.pdf,kein_online_treffer
4256,Obermumpf,AG,,not_found,,,C:\Users\peter.staub\OneDrive - pom+Consulting AG\Daten\pom+Education\RIS_2026\dashboard\data\Reglemente\AG_Obermumpf.pdf,kein_online_treffer
4257,Olsberg,AG,,not_found,,,C:\Users\peter.staub\OneDrive - pom+Consulting AG\Daten\pom+Education\RIS_2026\dashboard\data\Reglemente\AG_Olsberg.pdf,kein_online_treffer
4252,Kaiseraugst,AG,,not_found,,,C:\Users\peter.staub\OneDrive - pom+Consulting AG\Daten\pom+Education\RIS_2026\dashboard\data\Reglemente\AG_Kaiseraugst.pdf,kein_online_treffer
4253,Magden,AG,MAG05_BNO_170614_ohne_PLANAR_Logo - Magden,ok,https://www.magden.ch/_docn/4949497/Bau-_und_Nutzungsordnung.pdf,C:\Users\peter.staub\OneDrive - pom+Consulting AG\Daten\pom+Education\RIS_2026\dashboard\data\audit\bzo_downloads\Magden.pdf,C:\Users\peter.staub\OneDrive - pom+Consulting AG\Daten\pom+Education\RIS_2026\dashboard\data\Reglemente\AG_Magden.pdf,unbekannt
4253,Magden,AG,Gebührenreglement zur Bau- und Nutzungsordnung (BNO) - Magden,ok,https://www.magden.ch/_docn/4949887/Gebuhrenreglement_Bau-undNutzungsordnung.pdf,C:\Users\peter.staub\OneDrive - pom+Consulting AG\Daten\pom+Education\RIS_2026\dashboard\data\audit\bzo_downloads\Magden_2.pdf,C:\Users\peter.staub\OneDrive - pom+Consulting AG\Daten\pom+Education\RIS_2026\dashboard\data\Reglemente\AG_Magden.pdf,unbekannt
4253,Magden,AG,2025-10-28_Beurteilung und Interessenabwa ̈gung_RSGM_Zeiningen,ok,https://www.fricktal.ch/wp-content/uploads/2026/04/VORSTA1.pdf,C:\Users\peter.staub\OneDrive - pom+Consulting AG\Daten\pom+Education\RIS_2026\dashboard\data\audit\bzo_downloads\Magden_3.pdf,C:\Users\peter.staub\OneDrive - pom+Consulting AG\Daten\pom+Education\RIS_2026\dashboard\data\Reglemente\AG_Magden.pdf,online_neuer
4253,Magden,AG,Holzbau – Aufstocken - Lignum,ok,https://www.lignum.ch/files/images/Downloads_deutsch/Broschuere_Aufstocken_2020.pdf,C:\Users\peter.staub\OneDrive - pom+Consulting AG\Daten\pom+Education\RIS_2026\dashboard\data\audit\bzo_downloads\Magden_4.pdf,C:\Users\peter.staub\OneDrive - pom+Consulting AG\Daten\pom+Education\RIS_2026\dashboard\data\Reglemente\AG_Magden.pdf,online_neuer
4253,Magden,AG,MAG05_Nutzungsplan_Bauzonenplan_160822 - Magden,ok,https://www.magden.ch/_docn/4949569/Bauzonenplan.pdf,C:\Users\peter.staub\OneDrive - pom+Consulting AG\Daten\pom+Education\RIS_2026\dashboard\data\audit\bzo_downloads\Magden_5.pdf,C:\Users\peter.staub\OneDrive - pom+Consulting AG\Daten\pom+Education\RIS_2026\dashboard\data\Reglemente\AG_Magden.pdf,unbekannt
4258,Rheinfelden,AG,Richtplan Landschaft und Erholung - rheinfelden.ch,ok,https://www.rheinfelden.ch/wAssets/docs/aktuelles/2025/7.2.4-1.1-1-1.de.pdf,C:\Users\peter.staub\OneDrive - pom+Consulting AG\Daten\pom+Education\RIS_2026\dashboard\data\audit\bzo_downloads\Rheinfelden.pdf,C:\Users\peter.staub\OneDrive - pom+Consulting AG\Daten\pom+Education\RIS_2026\dashboard\data\Reglemente\AG_Rheinfelden.pdf,unbekannt
4258,Rheinfelden,AG,Bau- und Nutzungs ordnung - BirdLife Zürich,ok,https://birdlife-zuerich.ch/wp-content/uploads/2022/10/BNO_Rhf_1_1_2010_def.pdf,C:\Users\peter.staub\OneDrive - pom+Consulting AG\Daten\pom+Education\RIS_2026\dashboard\data\audit\bzo_downloads\Rheinfelden_2.pdf,C:\Users\peter.staub\OneDrive - pom+Consulting AG\Daten\pom+Education\RIS_2026\dashboard\data\Reglemente\AG_Rheinfelden.pdf,lokal_aktuell
4259,Schupfart,AG,Bau- und Nutzungsordnung - Möhlin,ok,https://www.moehlin.ch/wAssets/docs/ABU/BNO-2023/_Bau-und-Nutzungsordnung-2023.pdf,C:\Users\peter.staub\OneDrive - pom+Consulting AG\Daten\pom+Education\RIS_2026\dashboard\data\audit\bzo_downloads\Schupfart_2.pdf,C:\Users\peter.staub\OneDrive - pom+Consulting AG\Daten\pom+Education\RIS_2026\dashboard\data\Reglemente\AG_Schupfart.pdf,unbekannt
4259,Schupfart,AG,Bau- und Nutzungsordnung (BNO) - E-Mitwirkung CMS,ok,https://cms.e-mitwirkung.ch/media/kas/04_G_BNO_05.04.24.pdf,C:\Users\peter.staub\OneDrive - pom+Consulting AG\Daten\pom+Education\RIS_2026\dashboard\data\audit\bzo_downloads\Schupfart_3.pdf,C:\Users\peter.staub\OneDrive - pom+Consulting AG\Daten\pom+Education\RIS_2026\dashboard\data\Reglemente\AG_Schupfart.pdf,online_neuer
4259,Schupfart,AG,Rechnung 2025 Einwohnergemeinde - schupfart.ch,ok,https://schupfart.ch/cms/images/politik/gemeindeversammlungen/2026/2026.06.23_egv_jahresrechnung_2025.pdf,C:\Users\peter.staub\OneDrive - pom+Consulting AG\Daten\pom+Education\RIS_2026\dashboard\data\audit\bzo_downloads\Schupfart_4.pdf,C:\Users\peter.staub\OneDrive - pom+Consulting AG\Daten\pom+Education\RIS_2026\dashboard\data\Reglemente\AG_Schupfart.pdf,online_neuer
4259,Schupfart,AG,SUP02_DIV_230420_BNO - Schupfart,ok,https://schupfart.ch/cms/images/news/2023/0508_bno/03_SUP02_DIV_230420_BNO.pdf,C:\Users\peter.staub\OneDrive - pom+Consulting AG\Daten\pom+Education\RIS_2026\dashboard\data\audit\bzo_downloads\Schupfart_5.pdf,C:\Users\peter.staub\OneDrive - pom+Consulting AG\Daten\pom+Education\RIS_2026\dashboard\data\Reglemente\AG_Schupfart.pdf,lokal_aktuell
4240,Waltenschwil,AG,,not_found,,,C:\Users\peter.staub\OneDrive - pom+Consulting AG\Daten\pom+Education\RIS_2026\dashboard\data\Reglemente\AG_Waltenschwil.pdf,kein_online_treffer
4229,Bünzen,AG,Bau- und Nutzungsordnung (BNO),download_failed,https://www.buenzen.ch/sites/default/files/service-2023/BNO+Bünzen+2012.pdf,,C:\Users\peter.staub\OneDrive - pom+Consulting AG\Daten\pom+Education\RIS_2026\dashboard\data\Reglemente\AG_Bünzen.pdf,online_neuer
4229,Bünzen,AG,Bau- und Nutzungsordnung (BNO),ok,https://cms.e-mitwirkung.ch/media/kas/04_G_BNO_28.11.22.pdf,C:\Users\peter.staub\OneDrive - pom+Consulting AG\Daten\pom+Education\RIS_2026\dashboard\data\audit\bzo_downloads\Bünzen_2.pdf,C:\Users\peter.staub\OneDrive - pom+Consulting AG\Daten\pom+Education\RIS_2026\dashboard\data\Reglemente\AG_Bünzen.pdf,lokal_aktuell
4229,Bünzen,AG,Baugebührenreglement der Gemeinde Bünzen,download_failed,https://www.buenzen.ch/sites/default/files/article-2025/Baugebührenreglement+der+Gemeinde+Bünzen_0.pdf,,C:\Users\peter.staub\OneDrive - pom+Consulting AG\Daten\pom+Education\RIS_2026\dashboard\data\Reglemente\AG_Bünzen.pdf,online_neuer
4229,Bünzen,AG,Bau- und Nutzungsordnung (BNO) - E-Mitwirkung CMS,ok,https://cms.e-mitwirkung.ch/media/kas/04_G_BNO_05.04.24.pdf,C:\Users\peter.staub\OneDrive - pom+Consulting AG\Daten\pom+Education\RIS_2026\dashboard\data\audit\bzo_downloads\Bünzen_4.pdf,C:\Users\peter.staub\OneDrive - pom+Consulting AG\Daten\pom+Education\RIS_2026\dashboard\data\Reglemente\AG_Bünzen.pdf,online_neuer
4229,Bünzen,AG,Baureglement - Einsiedeln,ok,https://www.einsiedeln.ch/libraries.files/sre_610100.pdf,C:\Users\peter.staub\OneDrive - pom+Consulting AG\Daten\pom+Education\RIS_2026\dashboard\data\audit\bzo_downloads\Bünzen_5.pdf,C:\Users\peter.staub\OneDrive - pom+Consulting AG\Daten\pom+Education\RIS_2026\dashboard\data\Reglemente\AG_Bünzen.pdf,online_neuer
4230,Buttwil,AG,,not_found,,,C:\Users\peter.staub\OneDrive - pom+Consulting AG\Daten\pom+Education\RIS_2026\dashboard\data\Reglemente\AG_Buttwil.pdf,kein_online_treffer
4231,Dietwil,AG,Bau- und Nutzungsordnung (BNO),ok,https://cms.e-mitwirkung.ch/media/kas/04_G_BNO_28.11.22.pdf,C:\Users\peter.staub\OneDrive - pom+Consulting AG\Daten\pom+Education\RIS_2026\dashboard\data\audit\bzo_downloads\Dietwil.pdf,C:\Users\peter.staub\OneDrive - pom+Consulting AG\Daten\pom+Education\RIS_2026\dashboard\data\Reglemente\AG_Dietwil.pdf,lokal_aktuell
4231,Dietwil,AG,Gebührenreglement zur Bau- und Nutzungsordnung (BNO),download_failed,https://oeschgen.ch/sites/default/files/2025-03/Entwurf+revidiertes+Gebührenreglement+BNO+Stand+März+2025.pdf,,C:\Users\peter.staub\OneDrive - pom+Consulting AG\Daten\pom+Education\RIS_2026\dashboard\data\Reglemente\AG_Dietwil.pdf,online_neuer
4231,Dietwil,AG,Gesamtrevision der Bau- und Zonenordnung - dietikon.ch,ok,https://www.dietikon.ch/_docn/5341771/Publikationstext_BZO_Limmattalerzeitung.pdf,C:\Users\peter.staub\OneDrive - pom+Consulting AG\Daten\pom+Education\RIS_2026\dashboard\data\audit\bzo_downloads\Dietwil_3.pdf,C:\Users\peter.staub\OneDrive - pom+Consulting AG\Daten\pom+Education\RIS_2026\dashboard\data\Reglemente\AG_Dietwil.pdf,unbekannt
4231,Dietwil,AG,S 1,ok,https://www.ag.ch/media/kanton-aargau/bvu/raumentwicklung/grundlagen-und-kantonalplanung/richtplanung/richtplantext/s16.pdf,C:\Users\peter.staub\OneDrive - pom+Consulting AG\Daten\pom+Education\RIS_2026\dashboard\data\audit\bzo_downloads\Dietwil_4.pdf,C:\Users\peter.staub\OneDrive - pom+Consulting AG\Daten\pom+Education\RIS_2026\dashboard\data\Reglemente\AG_Dietwil.pdf,unbekannt
4223,Auw,AG,untitled [hoengger.ch],ok,https://hoengger.ch/wp-content/uploads/2014/09/071206endfassung.pdf,C:\Users\peter.staub\OneDrive - pom+Consulting AG\Daten\pom+Education\RIS_2026\dashboard\data\audit\bzo_downloads\Auw.pdf,C:\Users\peter.staub\OneDrive - pom+Consulting AG\Daten\pom+Education\RIS_2026\dashboard\data\Reglemente\AG_Auw.pdf,lokal_aktuell
4221,Abtwil,AG,,not_found,,,C:\Users\peter.staub\OneDrive - pom+Consulting AG\Daten\pom+Education\RIS_2026\dashboard\data\Reglemente\AG_Abtwil.pdf,kein_online_treffer
4222,Aristau,AG,Bau- und Nutzungsordnung (BNO),ok,https://cms.e-mitwirkung.ch/media/kas/04_G_BNO_28.11.22.pdf,C:\Users\peter.staub\OneDrive - pom+Consulting AG\Daten\pom+Education\RIS_2026\dashboard\data\audit\bzo_downloads\Aristau.pdf,C:\Users\peter.staub\OneDrive - pom+Consulting AG\Daten\pom+Education\RIS_2026\dashboard\data\Reglemente\AG_Aristau.pdf,lokal_aktuell
4222,Aristau,AG,Synopse Bau- und Nutzungsordnung (BNO) - Gipf-Oberfrick,ok,https://www.gipf-oberfrick.ch/_docn/5255941/2024.08.05_Synopse_Bau-_und_Nutzungsordnung_(BNO).pdf,C:\Users\peter.staub\OneDrive - pom+Consulting AG\Daten\pom+Education\RIS_2026\dashboard\data\audit\bzo_downloads\Aristau_2.pdf,C:\Users\peter.staub\OneDrive - pom+Consulting AG\Daten\pom+Education\RIS_2026\dashboard\data\Reglemente\AG_Aristau.pdf,unbekannt
4222,Aristau,AG,Bau- und Nutzungsordnung (BNO) - E-Mitwirkung CMS,ok,https://cms.e-mitwirkung.ch/media/kas/04_G_BNO_05.04.24.pdf,C:\Users\peter.staub\OneDrive - pom+Consulting AG\Daten\pom+Education\RIS_2026\dashboard\data\audit\bzo_downloads\Aristau_3.pdf,C:\Users\peter.staub\OneDrive - pom+Consulting AG\Daten\pom+Education\RIS_2026\dashboard\data\Reglemente\AG_Aristau.pdf,online_neuer
4222,Aristau,AG,"GESETZLICHE VORSCHRIFTEN: MAUERN, EINFRIEDUNGEN UND HECKEN",ok,https://www.giffers.ch/_docn/5052133/Gesetzliche_Vorschriften_Mauern-Zäune-Hecken(03.2024).pdf,C:\Users\peter.staub\OneDrive - pom+Consulting AG\Daten\pom+Education\RIS_2026\dashboard\data\audit\bzo_downloads\Aristau_4.pdf,C:\Users\peter.staub\OneDrive - pom+Consulting AG\Daten\pom+Education\RIS_2026\dashboard\data\Reglemente\AG_Aristau.pdf,unbekannt
4228,Boswil,AG,,not_found,,,C:\Users\peter.staub\OneDrive - pom+Consulting AG\Daten\pom+Education\RIS_2026\dashboard\data\Reglemente\AG_Boswil.pdf,kein_online_treffer
4224,Beinwil (Freiamt),AG,BNO v 26.11.2010 bzw. 06.04.2011 - beinwil.ch,ok,https://www.beinwil.ch/sites/default/files/2020-02/BNO_0_0.pdf,C:\Users\peter.staub\OneDrive - pom+Consulting AG\Daten\pom+Education\RIS_2026\dashboard\data\audit\bzo_downloads\Beinwil_Freiamt.pdf,,neu_online_gefunden
4224,Beinwil (Freiamt),AG,Gemeinde Beinwil (Freiamt),download_failed,"https://beinwil.ch/sites/default/files/2025-01/BNO+Beinwil+bereinigt,+per+01.01.2025.pdf",,,neu_online_gefunden
4224,Beinwil (Freiamt),AG,230621_BN3961_Planungsbericht_Beschluss - beinwil.ch,download_failed,https://beinwil.ch/sites/default/files/2023-06/Planungsbericht+Beschluss_0.pdf,,,neu_online_gefunden
4224,Beinwil (Freiamt),AG,BNO_BeinwilamSee_Entwurf_2019-03-04,download_failed,https://www.beinwilamsee.ch/public/upload/assets/721/Bau-+und+Nutzungsordung_04.03.2019.pdf,,,neu_online_gefunden
4224,Beinwil (Freiamt),AG,Bauzone - Beinwil,ok,https://www.beinwil-so.ch/images/Reglemente/Bauzonenreglement.pdf,C:\Users\peter.staub\OneDrive - pom+Consulting AG\Daten\pom+Education\RIS_2026\dashboard\data\audit\bzo_downloads\Beinwil_Freiamt_5.pdf,,neu_online_gefunden
4226,Besenbüren,AG,,not_found,,,C:\Users\peter.staub\OneDrive - pom+Consulting AG\Daten\pom+Education\RIS_2026\dashboard\data\Reglemente\AG_Besenbüren.pdf,kein_online_treffer
4227,Bettwil,AG,Bau- und Nutzungsordnung (BNO) - Bettwil,ok,https://www.bettwil.ch/public/upload/assets/206/Bau-_und_Nutzungsordnung_BNO_mit__Stichwortverzeichnis_Stand_Sept._06.pdf1165252717148.pdf,C:\Users\peter.staub\OneDrive - pom+Consulting AG\Daten\pom+Education\RIS_2026\dashboard\data\audit\bzo_downloads\Bettwil.pdf,C:\Users\peter.staub\OneDrive - pom+Consulting AG\Daten\pom+Education\RIS_2026\dashboard\data\Reglemente\AG_Bettwil.pdf,lokal_aktuell
4227,Bettwil,AG,Gemeindm ~ättwil,ok,https://planregister-data.so.ch/public/baettwil/110-BR.pdf,C:\Users\peter.staub\OneDrive - pom+Consulting AG\Daten\pom+Education\RIS_2026\dashboard\data\audit\bzo_downloads\Bettwil_2.pdf,C:\Users\peter.staub\OneDrive - pom+Consulting AG\Daten\pom+Education\RIS_2026\dashboard\data\Reglemente\AG_Bettwil.pdf,online_neuer
4227,Bettwil,AG,Bettwil NuPla-ERP_Objektblatt - martipartner.ch,ok,https://martipartner.ch/wAssets/docs/Bettwil-NuPla-ERP_Objektblatt.pdf,C:\Users\peter.staub\OneDrive - pom+Consulting AG\Daten\pom+Education\RIS_2026\dashboard\data\audit\bzo_downloads\Bettwil_3.pdf,C:\Users\peter.staub\OneDrive - pom+Consulting AG\Daten\pom+Education\RIS_2026\dashboard\data\Reglemente\AG_Bettwil.pdf,unbekannt
4232,Geltwil,AG,BNO - Geltwil,ok,https://www.geltwil.ch/public/upload/assets/46/BNO.pdf,C:\Users\peter.staub\OneDrive - pom+Consulting AG\Daten\pom+Education\RIS_2026\dashboard\data\audit\bzo_downloads\Geltwil.pdf,C:\Users\peter.staub\OneDrive - pom+Consulting AG\Daten\pom+Education\RIS_2026\dashboard\data\Reglemente\AG_Geltwil.pdf,lokal_aktuell
4232,Geltwil,AG,Bau- und Nutzungsordnung (BNO),ok,https://cms.e-mitwirkung.ch/media/kas/04_G_BNO_28.11.22.pdf,C:\Users\peter.staub\OneDrive - pom+Consulting AG\Daten\pom+Education\RIS_2026\dashboard\data\audit\bzo_downloads\Geltwil_2.pdf,C:\Users\peter.staub\OneDrive - pom+Consulting AG\Daten\pom+Education\RIS_2026\dashboard\data\Reglemente\AG_Geltwil.pdf,lokal_aktuell
4232,Geltwil,AG,230621_BN3961_Planungsbericht_Beschluss - beinwil.ch,download_failed,https://beinwil.ch/sites/default/files/2023-06/Planungsbericht+Beschluss_0.pdf,,C:\Users\peter.staub\OneDrive - pom+Consulting AG\Daten\pom+Education\RIS_2026\dashboard\data\Reglemente\AG_Geltwil.pdf,online_neuer
4232,Geltwil,AG,S 1,ok,https://www.ag.ch/media/kanton-aargau/bvu/raumentwicklung/grundlagen-und-kantonalplanung/richtplanung/richtplantext/s16.pdf,C:\Users\peter.staub\OneDrive - pom+Consulting AG\Daten\pom+Education\RIS_2026\dashboard\data\audit\bzo_downloads\Geltwil_4.pdf,C:\Users\peter.staub\OneDrive - pom+Consulting AG\Daten\pom+Education\RIS_2026\dashboard\data\Reglemente\AG_Geltwil.pdf,unbekannt
4232,Geltwil,AG,Gemeinderäte Root - staatsarchiv.lu.ch,ok,https://staatsarchiv.lu.ch/-/media/Staatsarchiv/Dokumente/projekte/citizen/Gemeinderaete/Root.pdf,C:\Users\peter.staub\OneDrive - pom+Consulting AG\Daten\pom+Education\RIS_2026\dashboard\data\audit\bzo_downloads\Geltwil_5.pdf,C:\Users\peter.staub\OneDrive - pom+Consulting AG\Daten\pom+Education\RIS_2026\dashboard\data\Reglemente\AG_Geltwil.pdf,lokal_aktuell
4235,Mühlau,AG,MM02 Regelung Parkierung in kommunaler Nutzungsplanung,ok,https://www.ag.ch/media/kanton-aargau/bvu/mobilitaet-und-verkehr/gesamtverkehrsplanung/gvk-region-ostaargau/raum-baden-und-umgebung/projektdokumentation/gvk-massnahmenblaetter/mm02.pdf,C:\Users\peter.staub\OneDrive - pom+Consulting AG\Daten\pom+Education\RIS_2026\dashboard\data\audit\bzo_downloads\Mühlau.pdf,C:\Users\peter.staub\OneDrive - pom+Consulting AG\Daten\pom+Education\RIS_2026\dashboard\data\Reglemente\AG_Mühlau.pdf,unbekannt
4235,Mühlau,AG,Das BLN: Objektkategorien und geomorphologische Typologie,ok,https://www.bafu.admin.ch/dam/de/sd-web/kJCSRD3hkNOq/das-bnl-objektkategorien-und-geomorphologische-typologie.pdf,C:\Users\peter.staub\OneDrive - pom+Consulting AG\Daten\pom+Education\RIS_2026\dashboard\data\audit\bzo_downloads\Mühlau_2.pdf,C:\Users\peter.staub\OneDrive - pom+Consulting AG\Daten\pom+Education\RIS_2026\dashboard\data\Reglemente\AG_Mühlau.pdf,online_neuer
4236,Muri (AG),AG,,not_found,,,C:\Users\peter.staub\OneDrive - pom+Consulting AG\Daten\pom+Education\RIS_2026\dashboard\data\Reglemente\AG_Muri.pdf,kein_online_treffer
4237,Oberrüti,AG,"Verkauf von Bauland in Horw (LU), Oberrüti",ok,https://www.alfred-mueller.ch/de/raeume-finden/projekt/verkauf-von-bauland-in-horw-lu-oberruti?file=files/content/Projekte-Raeume-finden/ab/BBG_Broschuere_Bauland_Grundstück_20230516.pdf,C:\Users\peter.staub\OneDrive - pom+Consulting AG\Daten\pom+Education\RIS_2026\dashboard\data\audit\bzo_downloads\Oberrüti.pdf,C:\Users\peter.staub\OneDrive - pom+Consulting AG\Daten\pom+Education\RIS_2026\dashboard\data\Reglemente\AG_Oberrüti.pdf,lokal_aktuell
4237,Oberrüti,AG,Gemischte Gemeinde Oberried am Brienzersee Ortsplanung,ok,https://oberried.ch/images/2024_04_22_Gemeindebaureglement_Gemischte_Gemeinde_Oberried-komprimiert.pdf,C:\Users\peter.staub\OneDrive - pom+Consulting AG\Daten\pom+Education\RIS_2026\dashboard\data\audit\bzo_downloads\Oberrüti_2.pdf,C:\Users\peter.staub\OneDrive - pom+Consulting AG\Daten\pom+Education\RIS_2026\dashboard\data\Reglemente\AG_Oberrüti.pdf,online_neuer
4237,Oberrüti,AG,DEPARTEMENT BFSE/LKBG VERKEHR UND UMWELT Zentrum Rössli ...,ok,https://www.ag.ch/media/kanton-aargau/bvu/raumentwicklung/orts-siedlungs-und-regionalplanung/ortsplanung/oeffentliche-auflage/22-74-oberrueti-bdv.pdf,C:\Users\peter.staub\OneDrive - pom+Consulting AG\Daten\pom+Education\RIS_2026\dashboard\data\audit\bzo_downloads\Oberrüti_3.pdf,C:\Users\peter.staub\OneDrive - pom+Consulting AG\Daten\pom+Education\RIS_2026\dashboard\data\Reglemente\AG_Oberrüti.pdf,unbekannt
4237,Oberrüti,AG,Gemeinde Oberr ti Kanton argau,ok,https://www.ag.ch/media/kanton-aargau/bvu/raumentwicklung/orts-siedlungs-und-regionalplanung/ortsplanung/oeffentliche-auflage/22-74-oberrueti-snv.pdf,C:\Users\peter.staub\OneDrive - pom+Consulting AG\Daten\pom+Education\RIS_2026\dashboard\data\audit\bzo_downloads\Oberrüti_4.pdf,C:\Users\peter.staub\OneDrive - pom+Consulting AG\Daten\pom+Education\RIS_2026\dashboard\data\Reglemente\AG_Oberrüti.pdf,unbekannt
4233,Kallern,AG,,not_found,,,C:\Users\peter.staub\OneDrive - pom+Consulting AG\Daten\pom+Education\RIS_2026\dashboard\data\Reglemente\AG_Kallern.pdf,kein_online_treffer
4238,Rottenschwil,AG,BAU- UND NUTZUNGSORDNUNG DER GEMEINDE ROTTENSCHWIL,download_failed,https://rottenschwil.ch/files/rottenschwil/uploads/verwaltung/online-schalter/Bau-+und+Nutzungsordnung.pdf,,C:\Users\peter.staub\OneDrive - pom+Consulting AG\Daten\pom+Education\RIS_2026\dashboard\data\Reglemente\AG_Rottenschwil.pdf,unbekannt
4238,Rottenschwil,AG,Bau- und Nutzungsordnung (BNO),ok,https://cms.e-mitwirkung.ch/media/kas/04_G_BNO_28.11.22.pdf,C:\Users\peter.staub\OneDrive - pom+Consulting AG\Daten\pom+Education\RIS_2026\dashboard\data\audit\bzo_downloads\Rottenschwil_2.pdf,C:\Users\peter.staub\OneDrive - pom+Consulting AG\Daten\pom+Education\RIS_2026\dashboard\data\Reglemente\AG_Rottenschwil.pdf,lokal_aktuell
4238,Rottenschwil,AG,S 1,ok,https://www.ag.ch/media/kanton-aargau/bvu/raumentwicklung/grundlagen-und-kantonalplanung/richtplanung/richtplantext/s16.pdf,C:\Users\peter.staub\OneDrive - pom+Consulting AG\Daten\pom+Education\RIS_2026\dashboard\data\audit\bzo_downloads\Rottenschwil_3.pdf,C:\Users\peter.staub\OneDrive - pom+Consulting AG\Daten\pom+Education\RIS_2026\dashboard\data\Reglemente\AG_Rottenschwil.pdf,unbekannt
4238,Rottenschwil,AG,Musterreglement Erschliessungsfinanzierung 2026,ok,https://www.ag.ch/media/kanton-aargau/bvu/bauen/baurecht/musterreglement-erschliessungsfinanzierung-2026.pdf,C:\Users\peter.staub\OneDrive - pom+Consulting AG\Daten\pom+Education\RIS_2026\dashboard\data\audit\bzo_downloads\Rottenschwil_4.pdf,C:\Users\peter.staub\OneDrive - pom+Consulting AG\Daten\pom+Education\RIS_2026\dashboard\data\Reglemente\AG_Rottenschwil.pdf,unbekannt
4239,Sins,AG,Baugesuch A4 für Internet - Möriken-Wildegg,ok,https://www.rtb-wildegg.ch/media/files/Baugesuch.pdf,C:\Users\peter.staub\OneDrive - pom+Consulting AG\Daten\pom+Education\RIS_2026\dashboard\data\audit\bzo_downloads\Sins.pdf,C:\Users\peter.staub\OneDrive - pom+Consulting AG\Daten\pom+Education\RIS_2026\dashboard\data\Reglemente\AG_Sins.pdf,lokal_aktuell
4239,Sins,AG,Metron Bericht A4 (Sept 99) - Kanton Aargau,ok,https://www.ag.ch/media/kanton-aargau/portal/aktuell/anhoerungen/kanton/archiv/richtplan-sins/planungsbericht-sins.pdf,C:\Users\peter.staub\OneDrive - pom+Consulting AG\Daten\pom+Education\RIS_2026\dashboard\data\audit\bzo_downloads\Sins_2.pdf,C:\Users\peter.staub\OneDrive - pom+Consulting AG\Daten\pom+Education\RIS_2026\dashboard\data\Reglemente\AG_Sins.pdf,unbekannt
4239,Sins,AG,Gemeinderäte Root - staatsarchiv.lu.ch,ok,https://staatsarchiv.lu.ch/-/media/Staatsarchiv/Dokumente/projekte/citizen/Gemeinderaete/Root.pdf,C:\Users\peter.staub\OneDrive - pom+Consulting AG\Daten\pom+Education\RIS_2026\dashboard\data\audit\bzo_downloads\Sins_3.pdf,C:\Users\peter.staub\OneDrive - pom+Consulting AG\Daten\pom+Education\RIS_2026\dashboard\data\Reglemente\AG_Sins.pdf,lokal_aktuell
4239,Sins,AG,Musterreglement Erschliessungsfinanzierung 2026,ok,https://www.ag.ch/media/kanton-aargau/bvu/bauen/baurecht/musterreglement-erschliessungsfinanzierung-2026.pdf,C:\Users\peter.staub\OneDrive - pom+Consulting AG\Daten\pom+Education\RIS_2026\dashboard\data\audit\bzo_downloads\Sins_4.pdf,C:\Users\peter.staub\OneDrive - pom+Consulting AG\Daten\pom+Education\RIS_2026\dashboard\data\Reglemente\AG_Sins.pdf,unbekannt
4239,Sins,AG,095-2012 - So,ok,https://so.ch/fileadmin/internet/bjd/bjd-dsbjd/pdf/Mitteilungsblaetter/Botschaft___Entwurf_KBV.pdf,C:\Users\peter.staub\OneDrive - pom+Consulting AG\Daten\pom+Education\RIS_2026\dashboard\data\audit\bzo_downloads\Sins_5.pdf,C:\Users\peter.staub\OneDrive - pom+Consulting AG\Daten\pom+Education\RIS_2026\dashboard\data\Reglemente\AG_Sins.pdf,unbekannt
4234,Merenschwand,AG,Küsnachter Bote,ok,https://kuesnachter-bote.ch/wp-content/uploads/2025/12/49-2025_Kuebo.pdf,C:\Users\peter.staub\OneDrive - pom+Consulting AG\Daten\pom+Education\RIS_2026\dashboard\data\audit\bzo_downloads\Merenschwand.pdf,C:\Users\peter.staub\OneDrive - pom+Consulting AG\Daten\pom+Education\RIS_2026\dashboard\data\Reglemente\AG_Merenschwand.pdf,online_neuer
4234,Merenschwand,AG,Merenschwand NuPla_Objektblatt-neu,ok,https://www.martipartner.ch/wAssets/docs/Merenschwand-NuPla_Objektblatt-neu.pdf,C:\Users\peter.staub\OneDrive - pom+Consulting AG\Daten\pom+Education\RIS_2026\dashboard\data\audit\bzo_downloads\Merenschwand_2.pdf,C:\Users\peter.staub\OneDrive - pom+Consulting AG\Daten\pom+Education\RIS_2026\dashboard\data\Reglemente\AG_Merenschwand.pdf,unbekannt
4210,Staufen,AG,Bau- und Nutzungsordnung - Staufen,ok,https://www.staufen.ch/public/upload/assets/288/Bau_und_Nutzungsordnung.pdf,C:\Users\peter.staub\OneDrive - pom+Consulting AG\Daten\pom+Education\RIS_2026\dashboard\data\audit\bzo_downloads\Staufen.pdf,C:\Users\peter.staub\OneDrive - pom+Consulting AG\Daten\pom+Education\RIS_2026\dashboard\data\Reglemente\AG_Staufen.pdf,lokal_aktuell
4210,Staufen,AG,Ausschnitt Bauzone_2500_A3 - Staufen,ok,https://www.staufen.ch/public/upload/assets/345/Bauzonenplan_Ausschnitt_Bauzone_2500_A3.pdf,C:\Users\peter.staub\OneDrive - pom+Consulting AG\Daten\pom+Education\RIS_2026\dashboard\data\audit\bzo_downloads\Staufen_2.pdf,C:\Users\peter.staub\OneDrive - pom+Consulting AG\Daten\pom+Education\RIS_2026\dashboard\data\Reglemente\AG_Staufen.pdf,lokal_aktuell
4210,Staufen,AG,Bau- und Nutzungsordnung (BNO) - E-Mitwirkung CMS,ok,https://cms.e-mitwirkung.ch/media/kas/04_G_BNO_05.04.24.pdf,C:\Users\peter.staub\OneDrive - pom+Consulting AG\Daten\pom+Education\RIS_2026\dashboard\data\audit\bzo_downloads\Staufen_3.pdf,C:\Users\peter.staub\OneDrive - pom+Consulting AG\Daten\pom+Education\RIS_2026\dashboard\data\Reglemente\AG_Staufen.pdf,online_neuer
4210,Staufen,AG,Einwohnergemeinde Niederlenz,download_failed,https://www.niederlenz.ch/domains/niederlenz_tpl_128/data/free_docs/Rechenschaftsbericht+EG+2024.pdf,,C:\Users\peter.staub\OneDrive - pom+Consulting AG\Daten\pom+Education\RIS_2026\dashboard\data\Reglemente\AG_Staufen.pdf,unbekannt
4193,Brunegg,AG,Microsoft Word - Brunegg_BNO_genehmigt_RRB 20230503_20230627.docx,download_failed,https://www.brunegg.ch/sites/default/files/2023-06/Bau-+und+Nutzungsordnung+BNO+2023_0.pdf,,C:\Users\peter.staub\OneDrive - pom+Consulting AG\Daten\pom+Education\RIS_2026\dashboard\data\Reglemente\AG_Brunegg.pdf,unbekannt
4193,Brunegg,AG,Bau- und Nutzungsordnung der Gemeinde Brunegg,download_failed,https://www.brunegg.ch/sites/default/files/2021-03/Bau-+und+Nutzungsordnung+mit+Änderungen.pdf,,C:\Users\peter.staub\OneDrive - pom+Consulting AG\Daten\pom+Education\RIS_2026\dashboard\data\Reglemente\AG_Brunegg.pdf,unbekannt
4193,Brunegg,AG,Brunegg_BNO_Entwurf Mitwirkung_2020-04-20,download_failed,https://www.brunegg.ch/sites/default/files/2020-08/Bau-+und+Nutzungsordnung+(BNO).pdf,,C:\Users\peter.staub\OneDrive - pom+Consulting AG\Daten\pom+Education\RIS_2026\dashboard\data\Reglemente\AG_Brunegg.pdf,unbekannt
4193,Brunegg,AG,Brunegg_BNO-Entwurf Mitwirkung-Vergleich_2020-04-20,download_failed,https://www.brunegg.ch/sites/default/files/2020-08/BNO+-+synoptische+Darstellung+(rechtsgültige+BNO+und+Entwurf).pdf,,C:\Users\peter.staub\OneDrive - pom+Consulting AG\Daten\pom+Education\RIS_2026\dashboard\data\Reglemente\AG_Brunegg.pdf,unbekannt
4193,Brunegg,AG,Musterreglement Erschliessungsfinanzierung 2026,ok,https://www.ag.ch/media/kanton-aargau/bvu/bauen/baurecht/musterreglement-erschliessungsfinanzierung-2026.pdf,C:\Users\peter.staub\OneDrive - pom+Consulting AG\Daten\pom+Education\RIS_2026\dashboard\data\audit\bzo_downloads\Brunegg_5.pdf,C:\Users\peter.staub\OneDrive - pom+Consulting AG\Daten\pom+Education\RIS_2026\dashboard\data\Reglemente\AG_Brunegg.pdf,unbekannt
4194,Dintikon,AG,,not_found,,,C:\Users\peter.staub\OneDrive - pom+Consulting AG\Daten\pom+Education\RIS_2026\dashboard\data\Reglemente\AG_Dintikon.pdf,kein_online_treffer
4191,Ammerswil,AG,,not_found,,,C:\Users\peter.staub\OneDrive - pom+Consulting AG\Daten\pom+Education\RIS_2026\dashboard\data\Reglemente\AG_Ammerswil.pdf,kein_online_treffer
4192,Boniswil,AG,Bau- und Nutzungsordnung (BNO),ok,https://cms.e-mitwirkung.ch/media/kas/04_G_BNO_28.11.22.pdf,C:\Users\peter.staub\OneDrive - pom+Consulting AG\Daten\pom+Education\RIS_2026\dashboard\data\audit\bzo_downloads\Boniswil.pdf,C:\Users\peter.staub\OneDrive - pom+Consulting AG\Daten\pom+Education\RIS_2026\dashboard\data\Reglemente\AG_Boniswil.pdf,lokal_aktuell
4192,Boniswil,AG,Baureglement (BauR) - Bowil,ok,https://www.bowil.ch/fileadmin/user_upload/Gemeinde/Downloads/Reglemente_Verordnungen/Baureglement_Bowil_2021.pdf,C:\Users\peter.staub\OneDrive - pom+Consulting AG\Daten\pom+Education\RIS_2026\dashboard\data\audit\bzo_downloads\Boniswil_2.pdf,C:\Users\peter.staub\OneDrive - pom+Consulting AG\Daten\pom+Education\RIS_2026\dashboard\data\Reglemente\AG_Boniswil.pdf,lokal_aktuell
4192,Boniswil,AG,Kommunale Gebühren im Bauwesen - federas.ch,ok,https://federas.ch/sites/default/files/newsletterartikel/2019_2_pbg_aktuell_thema_seiler_germanier_katharina_kommunale_gebuehren_im_bauwesen.pdf,C:\Users\peter.staub\OneDrive - pom+Consulting AG\Daten\pom+Education\RIS_2026\dashboard\data\audit\bzo_downloads\Boniswil_3.pdf,C:\Users\peter.staub\OneDrive - pom+Consulting AG\Daten\pom+Education\RIS_2026\dashboard\data\Reglemente\AG_Boniswil.pdf,online_neuer
4197,Hallwil,AG,,not_found,,,C:\Users\peter.staub\OneDrive - pom+Consulting AG\Daten\pom+Education\RIS_2026\dashboard\data\Reglemente\AG_Hallwil.pdf,kein_online_treffer
4199,Holderbank (AG),AG,,not_found,,,C:\Users\peter.staub\OneDrive - pom+Consulting AG\Daten\pom+Education\RIS_2026\dashboard\data\Reglemente\AG_Holderbank.pdf,kein_online_treffer
4195,Egliswil,AG,,not_found,,,C:\Users\peter.staub\OneDrive - pom+Consulting AG\Daten\pom+Education\RIS_2026\dashboard\data\Reglemente\AG_Egliswil.pdf,kein_online_treffer
4200,Hunzenschwil,AG,,not_found,,,C:\Users\peter.staub\OneDrive - pom+Consulting AG\Daten\pom+Education\RIS_2026\dashboard\data\Reglemente\AG_Hunzenschwil.pdf,kein_online_treffer
4198,Hendschiken,AG,,not_found,,,C:\Users\peter.staub\OneDrive - pom+Consulting AG\Daten\pom+Education\RIS_2026\dashboard\data\Reglemente\AG_Hendschiken.pdf,kein_online_treffer
4196,Fahrwangen,AG,,not_found,,,C:\Users\peter.staub\OneDrive - pom+Consulting AG\Daten\pom+Education\RIS_2026\dashboard\data\Reglemente\AG_Fahrwangen.pdf,kein_online_treffer
4203,Möriken-Wildegg,AG,Möriken-Wildegg_BNO_20170531,download_failed,https://www.rtb-wildegg.ch/media/documents/390/Bau-+und+Nutzungsordnung+(BNO)+Möriken-Wildegg.pdf,,C:\Users\peter.staub\OneDrive - pom+Consulting AG\Daten\pom+Education\RIS_2026\dashboard\data\Reglemente\AG_MörikenWildegg.pdf,unbekannt
4203,Möriken-Wildegg,AG,Bau- und Nutzungsordnung (BNO) - Möriken-Wildegg,download_failed,https://www.rtb-wildegg.ch/media/documents/364/Bau-+und+Nutzungsordnung+(BNO)+Othmarsingen.pdf,,C:\Users\peter.staub\OneDrive - pom+Consulting AG\Daten\pom+Education\RIS_2026\dashboard\data\Reglemente\AG_MörikenWildegg.pdf,unbekannt
4202,Meisterschwanden,AG,S itua on 1:5 0 EEnnttwwuurrff - meisterschwanden.ch,download_failed,https://www.meisterschwanden.ch/public/upload/assets/2965/Bauzonenplan+öA.pdf,,C:\Users\peter.staub\OneDrive - pom+Consulting AG\Daten\pom+Education\RIS_2026\dashboard\data\Reglemente\AG_Meisterschwanden.pdf,online_neuer
4202,Meisterschwanden,AG,4 | 2026 Zürcher Hauseigentüm,download_failed,https://www.hev-zuerich.ch/hubfs/Magazin+-+Zürcher+Hauseigentümer+-+aktuelle+Ausgaben/2026-04-DZHE.pdf,,C:\Users\peter.staub\OneDrive - pom+Consulting AG\Daten\pom+Education\RIS_2026\dashboard\data\Reglemente\AG_Meisterschwanden.pdf,lokal_aktuell
4202,Meisterschwanden,AG,Agglomerations- programm Limmattal - Kanton Zürich,ok,https://www.zh.ch/content/dam/zhweb/bilder-dokumente/themen/mobilitaet/mobilitaetsplanung/agglomerationsprogramme/ap3/KTZH_AFV_AP3_Limmattal_Bericht_2016.12.14.pdf,C:\Users\peter.staub\OneDrive - pom+Consulting AG\Daten\pom+Education\RIS_2026\dashboard\data\audit\bzo_downloads\Meisterschwanden_3.pdf,C:\Users\peter.staub\OneDrive - pom+Consulting AG\Daten\pom+Education\RIS_2026\dashboard\data\Reglemente\AG_Meisterschwanden.pdf,lokal_aktuell
4204,Niederlenz,AG,Bau- und Nutzungsordnung - niederlenz.ch,download_failed,https://www.niederlenz.ch/domains/niederlenz_tpl_128/data/free_docs/Synopse+Bau-+und+Nutzungsordnung(2).pdf,,C:\Users\peter.staub\OneDrive - pom+Consulting AG\Daten\pom+Education\RIS_2026\dashboard\data\Reglemente\AG_Niederlenz.pdf,unbekannt
4204,Niederlenz,AG,Bau- und Nutzungsordnung - niederlenz.ch,download_failed,https://www.niederlenz.ch/domains/niederlenz_tpl_128/data/free_docs/260610_BNO_Vorlage+Gemeindeversammlung_Niederlenz_def_sw.pdf,,C:\Users\peter.staub\OneDrive - pom+Consulting AG\Daten\pom+Education\RIS_2026\dashboard\data\Reglemente\AG_Niederlenz.pdf,unbekannt
4204,Niederlenz,AG,Landschaftsentwicklungsprogramm LEP Gemeindespiegel Niederlenz,ok,https://www.lep-aargau.ch/app/uploads/2026/03/LEP_Gemeindespiegel_Niederlenz_2025_08_19.pdf,C:\Users\peter.staub\OneDrive - pom+Consulting AG\Daten\pom+Education\RIS_2026\dashboard\data\audit\bzo_downloads\Niederlenz_3.pdf,C:\Users\peter.staub\OneDrive - pom+Consulting AG\Daten\pom+Education\RIS_2026\dashboard\data\Reglemente\AG_Niederlenz.pdf,online_neuer
4204,Niederlenz,AG,Baugesuch A4 für Internet - Möriken-Wildegg,ok,https://www.rtb-wildegg.ch/media/files/Baugesuch.pdf,C:\Users\peter.staub\OneDrive - pom+Consulting AG\Daten\pom+Education\RIS_2026\dashboard\data\audit\bzo_downloads\Niederlenz_4.pdf,C:\Users\peter.staub\OneDrive - pom+Consulting AG\Daten\pom+Education\RIS_2026\dashboard\data\Reglemente\AG_Niederlenz.pdf,lokal_aktuell
4204,Niederlenz,AG,BAURECHTSVERTRAG - niederlenz.ch,download_failed,https://www.niederlenz.ch/domains/niederlenz_tpl_128/data/free_docs/Entwurf+Baurechtsvertrag+Kies+Lenz+AG.pdf,,C:\Users\peter.staub\OneDrive - pom+Consulting AG\Daten\pom+Education\RIS_2026\dashboard\data\Reglemente\AG_Niederlenz.pdf,unbekannt
4201,Lenzburg,AG,RÄUMLICHE ENTWICKLUNGSSTRATEGIE LENZBURG Mit Qualität nach ...,download_failed,https://www.ag.ch/media/kanton-aargau/bvu/raumentwicklung/innenentwicklung/werkzeugkasten/w3/wk3-lenzburg-res.pdf,,C:\Users\peter.staub\OneDrive - pom+Consulting AG\Daten\pom+Education\RIS_2026\dashboard\data\Reglemente\AG_Lenzburg.pdf,unbekannt
4201,Lenzburg,AG,BAURECHT SVERTRAG - lenzburg.ch,ok,https://www.lenzburg.ch/_docn/5326906/3.3_Kies_Lenz_AG_Baurechtsvertrag_Entwurf.pdf,C:\Users\peter.staub\OneDrive - pom+Consulting AG\Daten\pom+Education\RIS_2026\dashboard\data\audit\bzo_downloads\Lenzburg_2.pdf,C:\Users\peter.staub\OneDrive - pom+Consulting AG\Daten\pom+Education\RIS_2026\dashboard\data\Reglemente\AG_Lenzburg.pdf,unbekannt
4201,Lenzburg,AG,REGIERUNGSRAT REGIERUNGSRATSBESCHLUSS NR. 2026-001170 migung ...,download_failed,https://www.ag.ch/media/kanton-aargau/bvu/raumentwicklung/orts-siedlungs-und-regionalplanung/ortsplanung/oeffentliche-auflage/25-276-lenzburg-rrb.pdf,,C:\Users\peter.staub\OneDrive - pom+Consulting AG\Daten\pom+Education\RIS_2026\dashboard\data\Reglemente\AG_Lenzburg.pdf,unbekannt
4206,Rupperswil,AG,,not_found,,,C:\Users\peter.staub\OneDrive - pom+Consulting AG\Daten\pom+Education\RIS_2026\dashboard\data\Reglemente\AG_Rupperswil.pdf,kein_online_treffer
4208,Seengen,AG,,not_found,,,C:\Users\peter.staub\OneDrive - pom+Consulting AG\Daten\pom+Education\RIS_2026\dashboard\data\Reglemente\AG_Seengen.pdf,kein_online_treffer
4209,Seon,AG,,not_found,,,C:\Users\peter.staub\OneDrive - pom+Consulting AG\Daten\pom+Education\RIS_2026\dashboard\data\Reglemente\AG_Seon.pdf,kein_online_treffer
4207,Schafisheim,AG,BZP A3 - Gränichen,ok,https://www.graenichen.ch/wAssets/docs/Abteilungen/Bau-Planung-Umwelt/Reglemente/Zonenplan-A3.pdf,C:\Users\peter.staub\OneDrive - pom+Consulting AG\Daten\pom+Education\RIS_2026\dashboard\data\audit\bzo_downloads\Schafisheim.pdf,C:\Users\peter.staub\OneDrive - pom+Consulting AG\Daten\pom+Education\RIS_2026\dashboard\data\Reglemente\AG_Schafisheim.pdf,unbekannt
4207,Schafisheim,AG,Nutzungsplanung «NVZ COOP» Umweltverträglichkeitsbericht,ok,https://so.ch/fileadmin/internet/bjd/bjd-arp/Mitwirkung/NVZ_Coop/05-Beilage_4_1_KNP_NVZ_Coop_UVB_Mitwirkungsexemplar.pdf,C:\Users\peter.staub\OneDrive - pom+Consulting AG\Daten\pom+Education\RIS_2026\dashboard\data\audit\bzo_downloads\Schafisheim_2.pdf,C:\Users\peter.staub\OneDrive - pom+Consulting AG\Daten\pom+Education\RIS_2026\dashboard\data\Reglemente\AG_Schafisheim.pdf,unbekannt
4205,Othmarsingen,AG,,not_found,,,C:\Users\peter.staub\OneDrive - pom+Consulting AG\Daten\pom+Education\RIS_2026\dashboard\data\Reglemente\AG_Othmarsingen.pdf,kein_online_treffer
4183,Zeihen,AG,,not_found,,,C:\Users\peter.staub\OneDrive - pom+Consulting AG\Daten\pom+Education\RIS_2026\dashboard\data\Reglemente\AG_Zeihen.pdf,kein_online_treffer
4181,Wittnau,AG,,not_found,,,C:\Users\peter.staub\OneDrive - pom+Consulting AG\Daten\pom+Education\RIS_2026\dashboard\data\Reglemente\AG_Wittnau.pdf,kein_online_treffer
4182,Wölflinswil,AG,,not_found,,,C:\Users\peter.staub\OneDrive - pom+Consulting AG\Daten\pom+Education\RIS_2026\dashboard\data\Reglemente\AG_Wölflinswil.pdf,kein_online_treffer
4163,Frick,AG,Bau- und Nutzungsordnung - frick.ch,ok,https://www.frick.ch/_docn/6564341/BNO_Frick_nachgeführt_2025.pdf,C:\Users\peter.staub\OneDrive - pom+Consulting AG\Daten\pom+Education\RIS_2026\dashboard\data\audit\bzo_downloads\Frick.pdf,C:\Users\peter.staub\OneDrive - pom+Consulting AG\Daten\pom+Education\RIS_2026\dashboard\data\Reglemente\AG_Frick.pdf,unbekannt
4163,Frick,AG,Teilrevision der Nutzungsplanung 2024 Änderung der Bau- und ...,ok,"https://www.frick.ch/_docn/5787664/Traktandum_4,_Teilrevision_Nutzungsplanung,_BNO,_Synopse_mit_Erläuterun.pdf",C:\Users\peter.staub\OneDrive - pom+Consulting AG\Daten\pom+Education\RIS_2026\dashboard\data\audit\bzo_downloads\Frick_2.pdf,C:\Users\peter.staub\OneDrive - pom+Consulting AG\Daten\pom+Education\RIS_2026\dashboard\data\Reglemente\AG_Frick.pdf,unbekannt
4163,Frick,AG,2025-10-28_Beurteilung und Interessenabwa ̈gung_RSGM_Zeiningen,ok,https://www.fricktal.ch/wp-content/uploads/2026/04/VORSTA1.pdf,C:\Users\peter.staub\OneDrive - pom+Consulting AG\Daten\pom+Education\RIS_2026\dashboard\data\audit\bzo_downloads\Frick_3.pdf,C:\Users\peter.staub\OneDrive - pom+Consulting AG\Daten\pom+Education\RIS_2026\dashboard\data\Reglemente\AG_Frick.pdf,online_neuer
4163,Frick,AG,Metron Bericht A4 (Sept 99) - gipf-oberfrick.ch,ok,https://www.gipf-oberfrick.ch/_docn/5255902/2016.02.15_Räumliches_Gesamtkonzept_-_RGK.pdf,C:\Users\peter.staub\OneDrive - pom+Consulting AG\Daten\pom+Education\RIS_2026\dashboard\data\audit\bzo_downloads\Frick_4.pdf,C:\Users\peter.staub\OneDrive - pom+Consulting AG\Daten\pom+Education\RIS_2026\dashboard\data\Reglemente\AG_Frick.pdf,unbekannt
4163,Frick,AG,Juni 2026 - witterswil.ch,download_failed,https://www.witterswil.ch/sites/default/files/article-2026/Dorfzeitung+-+Ausgabe+Juni.pdf,,C:\Users\peter.staub\OneDrive - pom+Consulting AG\Daten\pom+Education\RIS_2026\dashboard\data\Reglemente\AG_Frick.pdf,online_neuer
4165,Gipf-Oberfrick,AG,Bau- und Nutzungsordnung (BNO) - gipf-oberfrick.ch,ok,https://www.gipf-oberfrick.ch/_docn/5712736/2025.04.08_BNO.pdf,C:\Users\peter.staub\OneDrive - pom+Consulting AG\Daten\pom+Education\RIS_2026\dashboard\data\audit\bzo_downloads\Gipf-Oberfrick.pdf,C:\Users\peter.staub\OneDrive - pom+Consulting AG\Daten\pom+Education\RIS_2026\dashboard\data\Reglemente\AG_GipfOberfrick.pdf,unbekannt
4165,Gipf-Oberfrick,AG,Synopse Bau- und Nutzungsordnung (BNO)1 - gipf-oberfrick.ch,ok,https://www.gipf-oberfrick.ch/_docn/5712742/2025.04.08_Synopse.pdf,C:\Users\peter.staub\OneDrive - pom+Consulting AG\Daten\pom+Education\RIS_2026\dashboard\data\audit\bzo_downloads\Gipf-Oberfrick_2.pdf,C:\Users\peter.staub\OneDrive - pom+Consulting AG\Daten\pom+Education\RIS_2026\dashboard\data\Reglemente\AG_GipfOberfrick.pdf,unbekannt
4165,Gipf-Oberfrick,AG,Bau- und Nutzungsordnung Gipf-Oberfrick - UekenDatendokumentation - Kanton AargauStartseite Kanton AargauSchlussrangliste Fricktaler Abendschwinget Gipf-2025-10-28_Beurteilung und Interessenabwa ̈gung_RSGM_Zeiningen,ok,https://herznach-ueken.ch/fileadmin/seiteninhalt/dateien/gemeinde/reglemente/2017.11.24_bau-_und_nutzungsordnung_bno_ueken.pdf,C:\Users\peter.staub\OneDrive - pom+Consulting AG\Daten\pom+Education\RIS_2026\dashboard\data\audit\bzo_downloads\Gipf-Oberfrick_3.pdf,C:\Users\peter.staub\OneDrive - pom+Consulting AG\Daten\pom+Education\RIS_2026\dashboard\data\Reglemente\AG_GipfOberfrick.pdf,lokal_aktuell
4165,Gipf-Oberfrick,AG,Schlussrangliste Fricktaler Abendschwinget Gipf-,ok,https://office.schlussgang.ch/sites/default/files/event-ranking-list/47788-final.pdf,C:\Users\peter.staub\OneDrive - pom+Consulting AG\Daten\pom+Education\RIS_2026\dashboard\data\audit\bzo_downloads\Gipf-Oberfrick_4.pdf,C:\Users\peter.staub\OneDrive - pom+Consulting AG\Daten\pom+Education\RIS_2026\dashboard\data\Reglemente\AG_GipfOberfrick.pdf,online_neuer
4165,Gipf-Oberfrick,AG,2025-10-28_Beurteilung und Interessenabwa ̈gung_RSGM_Zeiningen,ok,https://www.fricktal.ch/wp-content/uploads/2026/04/VORSTA1.pdf,C:\Users\peter.staub\OneDrive - pom+Consulting AG\Daten\pom+Education\RIS_2026\dashboard\data\audit\bzo_downloads\Gipf-Oberfrick_5.pdf,C:\Users\peter.staub\OneDrive - pom+Consulting AG\Daten\pom+Education\RIS_2026\dashboard\data\Reglemente\AG_GipfOberfrick.pdf,online_neuer
4164,Gansingen,AG,,not_found,,,C:\Users\peter.staub\OneDrive - pom+Consulting AG\Daten\pom+Education\RIS_2026\dashboard\data\Reglemente\AG_Gansingen.pdf,kein_online_treffer
4161,Eiken,AG,Bau- und Nutzungsordnung Wil - Eiken,ok,https://www.eiken.ch/_docn/2676916/BNO_Eiken.pdf,C:\Users\peter.staub\OneDrive - pom+Consulting AG\Daten\pom+Education\RIS_2026\dashboard\data\audit\bzo_downloads\Eiken.pdf,C:\Users\peter.staub\OneDrive - pom+Consulting AG\Daten\pom+Education\RIS_2026\dashboard\data\Reglemente\AG_Eiken.pdf,unbekannt
4161,Eiken,AG,2025-10-28_Beurteilung und Interessenabwa ̈gung_RSGM_Zeiningen,ok,https://www.fricktal.ch/wp-content/uploads/2026/04/VORSTA1.pdf,C:\Users\peter.staub\OneDrive - pom+Consulting AG\Daten\pom+Education\RIS_2026\dashboard\data\audit\bzo_downloads\Eiken_2.pdf,C:\Users\peter.staub\OneDrive - pom+Consulting AG\Daten\pom+Education\RIS_2026\dashboard\data\Reglemente\AG_Eiken.pdf,online_neuer
4161,Eiken,AG,Änderung Bau- und Nutzungsordnung Eiken - mettauertal.ch,ok,https://www.mettauertal.ch/fileadmin/user_upload/Dokumente/PDF/Onlineschalter/Teilrevision_Nupla__OEffentl._Auflage/Teilaenderungen_BNO.pdf,C:\Users\peter.staub\OneDrive - pom+Consulting AG\Daten\pom+Education\RIS_2026\dashboard\data\audit\bzo_downloads\Eiken_3.pdf,C:\Users\peter.staub\OneDrive - pom+Consulting AG\Daten\pom+Education\RIS_2026\dashboard\data\Reglemente\AG_Eiken.pdf,online_neuer
4161,Eiken,AG,Perspektive Sisslerfeld 1 Perspektive Sisslerfeld Perspektive ...,ok,https://www.ag.ch/media/kanton-aargau/bvu/raumentwicklung/projekte/sisslerfeld/perspektive-sisslerfeld-1-broschuere.pdf,C:\Users\peter.staub\OneDrive - pom+Consulting AG\Daten\pom+Education\RIS_2026\dashboard\data\audit\bzo_downloads\Eiken_4.pdf,C:\Users\peter.staub\OneDrive - pom+Consulting AG\Daten\pom+Education\RIS_2026\dashboard\data\Reglemente\AG_Eiken.pdf,unbekannt
4161,Eiken,AG,Green City House – die vertikale Lös,ok,https://www.haring.ch/assets/Downloads/k+a-Haering_green-city-house_LowRes.pdf,C:\Users\peter.staub\OneDrive - pom+Consulting AG\Daten\pom+Education\RIS_2026\dashboard\data\audit\bzo_downloads\Eiken_5.pdf,C:\Users\peter.staub\OneDrive - pom+Consulting AG\Daten\pom+Education\RIS_2026\dashboard\data\Reglemente\AG_Eiken.pdf,online_neuer
4172,Münchwilen (AG),AG,PLANUNGS- UND BAUREGLEMENT - muenchwilen-tg.ch,ok,https://www.muenchwilen-tg.ch/public/upload/assets/306/Planungs_und_Baureglement_Stand_2012.pdf,C:\Users\peter.staub\OneDrive - pom+Consulting AG\Daten\pom+Education\RIS_2026\dashboard\data\audit\bzo_downloads\Münchwilen_AG.pdf,C:\Users\peter.staub\OneDrive - pom+Consulting AG\Daten\pom+Education\RIS_2026\dashboard\data\Reglemente\AG_Münchwilen.pdf,lokal_aktuell
4172,Münchwilen (AG),AG,Gemeinde Münchwilen AG Räumliches Entwicklungsleitbild (RE,ok,https://www.ag.ch/media/kanton-aargau/bvu/raumentwicklung/innenentwicklung/werkzeugkasten/w3/wk3-muenchwilen-rel.pdf,C:\Users\peter.staub\OneDrive - pom+Consulting AG\Daten\pom+Education\RIS_2026\dashboard\data\audit\bzo_downloads\Münchwilen_AG_2.pdf,C:\Users\peter.staub\OneDrive - pom+Consulting AG\Daten\pom+Education\RIS_2026\dashboard\data\Reglemente\AG_Münchwilen.pdf,unbekannt
4172,Münchwilen (AG),AG,140734_JR_2013_Gemeinde.indd - muenchwilen-tg.ch,ok,https://www.muenchwilen-tg.ch/public/upload/assets/336/Jahresrechnung_2013_Kurzfassung.pdf,C:\Users\peter.staub\OneDrive - pom+Consulting AG\Daten\pom+Education\RIS_2026\dashboard\data\audit\bzo_downloads\Münchwilen_AG_3.pdf,C:\Users\peter.staub\OneDrive - pom+Consulting AG\Daten\pom+Education\RIS_2026\dashboard\data\Reglemente\AG_Münchwilen.pdf,lokal_aktuell
4173,Oberhof,AG,,not_found,,,C:\Users\peter.staub\OneDrive - pom+Consulting AG\Daten\pom+Education\RIS_2026\dashboard\data\Reglemente\AG_Oberhof.pdf,kein_online_treffer
4175,Oeschgen,AG,Bau- und Nutzungsordnung (BNO) - Oeschgen,download_failed,https://www.oeschgen.ch/sites/default/files/2021-06/Bau-+und+Nutzungsordnung+Oeschgen+(BNO).pdf,,C:\Users\peter.staub\OneDrive - pom+Consulting AG\Daten\pom+Education\RIS_2026\dashboard\data\Reglemente\AG_Oeschgen.pdf,online_neuer
4175,Oeschgen,AG,GEMEINDE OESCHGEN,download_failed,https://oeschgen.ch/sites/default/files/2025-12/Benützungsreglement+mit+Gebührentarif+für+Gemeindeliegenschaften+und+PlätzeJanuar+2026_0.pdf,,C:\Users\peter.staub\OneDrive - pom+Consulting AG\Daten\pom+Education\RIS_2026\dashboard\data\Reglemente\AG_Oeschgen.pdf,online_neuer
4175,Oeschgen,AG,Bauzonenplan - Oeschgen,download_failed,https://www.oeschgen.ch/sites/default/files/2021-06/Bauzonenplan+Oeschgen-komprimiert.pdf,,C:\Users\peter.staub\OneDrive - pom+Consulting AG\Daten\pom+Education\RIS_2026\dashboard\data\Reglemente\AG_Oeschgen.pdf,online_neuer
4175,Oeschgen,AG,GEMEINDE OESCHGEN,download_failed,https://www.oeschgen.ch/sites/default/files/2025-11/Benützungsreglement+Entwurf_VSeptember.pdf,,C:\Users\peter.staub\OneDrive - pom+Consulting AG\Daten\pom+Education\RIS_2026\dashboard\data\Reglemente\AG_Oeschgen.pdf,online_neuer
4175,Oeschgen,AG,ARCHITEKTURBUERO TSCHUDIN + URECH - oeschgen.ch,ok,https://oeschgen.ch/sites/default/files/2022-03/220214_Fachbericht_GP_Müllerai_Oeschgen_0.pdf,C:\Users\peter.staub\OneDrive - pom+Consulting AG\Daten\pom+Education\RIS_2026\dashboard\data\audit\bzo_downloads\Oeschgen_5.pdf,C:\Users\peter.staub\OneDrive - pom+Consulting AG\Daten\pom+Education\RIS_2026\dashboard\data\Reglemente\AG_Oeschgen.pdf,lokal_aktuell
4176,Schwaderloch,AG,,not_found,,,C:\Users\peter.staub\OneDrive - pom+Consulting AG\Daten\pom+Education\RIS_2026\dashboard\data\Reglemente\AG_Schwaderloch.pdf,kein_online_treffer
4177,Sisseln,AG,,not_found,,,C:\Users\peter.staub\OneDrive - pom+Consulting AG\Daten\pom+Education\RIS_2026\dashboard\data\Reglemente\AG_Sisseln.pdf,kein_online_treffer
4184,Mettauertal,AG,Bau- und Nutzungsordnung (BNO) - Mettauertal,ok,https://www.mettauertal.ch/fileadmin/user_upload/Dokumente/PDF/Onlineschalter/Reglemente/Bau-_und_Nutzungsordnung_-_inkl._Teilaenderung_BNO.pdf,C:\Users\peter.staub\OneDrive - pom+Consulting AG\Daten\pom+Education\RIS_2026\dashboard\data\audit\bzo_downloads\Mettauertal.pdf,C:\Users\peter.staub\OneDrive - pom+Consulting AG\Daten\pom+Education\RIS_2026\dashboard\data\Reglemente\AG_Mettauertal.pdf,online_neuer
4184,Mettauertal,AG,Bau- und Nutzungsordnung (BNO),ok,https://cms.e-mitwirkung.ch/media/kas/04_G_BNO_28.11.22.pdf,C:\Users\peter.staub\OneDrive - pom+Consulting AG\Daten\pom+Education\RIS_2026\dashboard\data\audit\bzo_downloads\Mettauertal_2.pdf,C:\Users\peter.staub\OneDrive - pom+Consulting AG\Daten\pom+Education\RIS_2026\dashboard\data\Reglemente\AG_Mettauertal.pdf,lokal_aktuell
4184,Mettauertal,AG,Die BZO funktioniert genauso wie der Rahmen für ein Kunstwerk,ok,https://www.wiesendangen.ch/_docn/1364778/Wisidanger_Juli_17.pdf,C:\Users\peter.staub\OneDrive - pom+Consulting AG\Daten\pom+Education\RIS_2026\dashboard\data\audit\bzo_downloads\Mettauertal_3.pdf,C:\Users\peter.staub\OneDrive - pom+Consulting AG\Daten\pom+Education\RIS_2026\dashboard\data\Reglemente\AG_Mettauertal.pdf,unbekannt
4184,Mettauertal,AG,Änderung Bau- und Nutzungsordnung Eiken - mettauertal.ch,ok,https://www.mettauertal.ch/fileadmin/user_upload/Dokumente/PDF/Onlineschalter/Teilrevision_Nupla__OEffentl._Auflage/Teilaenderungen_BNO.pdf,C:\Users\peter.staub\OneDrive - pom+Consulting AG\Daten\pom+Education\RIS_2026\dashboard\data\audit\bzo_downloads\Mettauertal_4.pdf,C:\Users\peter.staub\OneDrive - pom+Consulting AG\Daten\pom+Education\RIS_2026\dashboard\data\Reglemente\AG_Mettauertal.pdf,online_neuer
4184,Mettauertal,AG,Bau- und Nutzungsordnung (BNO) - E-Mitwirkung CMS,ok,https://cms.e-mitwirkung.ch/media/kas/04_G_BNO_05.04.24.pdf,C:\Users\peter.staub\OneDrive - pom+Consulting AG\Daten\pom+Education\RIS_2026\dashboard\data\audit\bzo_downloads\Mettauertal_5.pdf,C:\Users\peter.staub\OneDrive - pom+Consulting AG\Daten\pom+Education\RIS_2026\dashboard\data\Reglemente\AG_Mettauertal.pdf,online_neuer
4169,Kaisten,AG,,not_found,,,C:\Users\peter.staub\OneDrive - pom+Consulting AG\Daten\pom+Education\RIS_2026\dashboard\data\Reglemente\AG_Kaisten.pdf,kein_online_treffer
4170,Laufenburg,AG,Microsoft Word - BNO 06.doc - Laufenburg,ok,https://www.laufenburg.ch/_docn/422311/BNO_06.pdf,C:\Users\peter.staub\OneDrive - pom+Consulting AG\Daten\pom+Education\RIS_2026\dashboard\data\audit\bzo_downloads\Laufenburg.pdf,C:\Users\peter.staub\OneDrive - pom+Consulting AG\Daten\pom+Education\RIS_2026\dashboard\data\Reglemente\AG_Laufenburg.pdf,unbekannt
4170,Laufenburg,AG,Das Bauinventar des Kantons Aargau - Kanton Aargau,ok,https://www.ag.ch/media/kanton-aargau/bks/kultur/denkmalpflege/bksdp-merkblatt-bauinventar.pdf,C:\Users\peter.staub\OneDrive - pom+Consulting AG\Daten\pom+Education\RIS_2026\dashboard\data\audit\bzo_downloads\Laufenburg_2.pdf,C:\Users\peter.staub\OneDrive - pom+Consulting AG\Daten\pom+Education\RIS_2026\dashboard\data\Reglemente\AG_Laufenburg.pdf,unbekannt
4170,Laufenburg,AG,Gesamtrevision Nutzungsplanung Siedlung und Kulturland,ok,https://www.koblenz.ch/fileadmin/user_upload/Dokumente/20_Downloads/Gemeindeversammlung/EGV_13.06.2025/Planungsbericht.pdf,C:\Users\peter.staub\OneDrive - pom+Consulting AG\Daten\pom+Education\RIS_2026\dashboard\data\audit\bzo_downloads\Laufenburg_3.pdf,C:\Users\peter.staub\OneDrive - pom+Consulting AG\Daten\pom+Education\RIS_2026\dashboard\data\Reglemente\AG_Laufenburg.pdf,online_neuer
4170,Laufenburg,AG,dorfziitig d - winkel.ch,ok,https://www.winkel.ch/_docn/5959993/dorfziitig_August_2025_web.pdf,C:\Users\peter.staub\OneDrive - pom+Consulting AG\Daten\pom+Education\RIS_2026\dashboard\data\audit\bzo_downloads\Laufenburg_4.pdf,C:\Users\peter.staub\OneDrive - pom+Consulting AG\Daten\pom+Education\RIS_2026\dashboard\data\Reglemente\AG_Laufenburg.pdf,unbekannt
4170,Laufenburg,AG,52098_QP_Gottesacker_PLANUNGSBERICHT_Beschlussfassung_20210803,ok,https://www.pratteln.ch/_docn/3533396/3297_QP_Gottesacker_PLANUNGSBERICHT.pdf,C:\Users\peter.staub\OneDrive - pom+Consulting AG\Daten\pom+Education\RIS_2026\dashboard\data\audit\bzo_downloads\Laufenburg_5.pdf,C:\Users\peter.staub\OneDrive - pom+Consulting AG\Daten\pom+Education\RIS_2026\dashboard\data\Reglemente\AG_Laufenburg.pdf,unbekannt
4185,Böztal,AG,,not_found,,,,
4186,Herznach-Ueken,AG,Bau- und Nutzungsordnung Gipf-Oberfrick - Ueken,ok,https://herznach-ueken.ch/fileadmin/seiteninhalt/dateien/gemeinde/reglemente/2017.11.24_bau-_und_nutzungsordnung_bno_ueken.pdf,C:\Users\peter.staub\OneDrive - pom+Consulting AG\Daten\pom+Education\RIS_2026\dashboard\data\audit\bzo_downloads\Herznach-Ueken.pdf,,neu_online_gefunden
4186,Herznach-Ueken,AG,Bau- und Nutzungsordnung Gemeinde Herznach (BNO),ok,https://herznach-ueken.ch/fileadmin/seiteninhalt/dateien/gemeinde/reglemente/2014.01.16_bau-_und_nutzungsordnung_bno_herznach.pdf,C:\Users\peter.staub\OneDrive - pom+Consulting AG\Daten\pom+Education\RIS_2026\dashboard\data\audit\bzo_downloads\Herznach-Ueken_2.pdf,,neu_online_gefunden
4186,Herznach-Ueken,AG,der Gemeinde Herznach - herznach-ueken.ch,ok,https://herznach-ueken.ch/fileadmin/seiteninhalt/dateien/dokumente_gemeinde/gemeindeversammlungen/2023.04.27_einwohnergemeindeverwsammlung/2017.06.02_bno_herznach_gebuehrenreglement_gueltig_ab_01.08.17.pdf,C:\Users\peter.staub\OneDrive - pom+Consulting AG\Daten\pom+Education\RIS_2026\dashboard\data\audit\bzo_downloads\Herznach-Ueken_3.pdf,,neu_online_gefunden
4186,Herznach-Ueken,AG,Gebührenreglement BNO Herznach-Ueke,ok,https://herznach-ueken.ch/fileadmin/seiteninhalt/dateien/gemeinde/reglemente/2022.11.18_gebuehrenreglement_bno_herznach-ueken_gueltig_ab_01.01.2023.pdf,C:\Users\peter.staub\OneDrive - pom+Consulting AG\Daten\pom+Education\RIS_2026\dashboard\data\audit\bzo_downloads\Herznach-Ueken_4.pdf,,neu_online_gefunden
4186,Herznach-Ueken,AG,2025-10-28_Beurteilung und Interessenabwa ̈gung_RSGM_Zeiningen,ok,https://www.fricktal.ch/wp-content/uploads/2026/04/VORSTA1.pdf,C:\Users\peter.staub\OneDrive - pom+Consulting AG\Daten\pom+Education\RIS_2026\dashboard\data\audit\bzo_downloads\Herznach-Ueken_5.pdf,,neu_online_gefunden
4147,Zetzwil,AG,Bau- und Nutzungsordnung (BNO),ok,https://cms.e-mitwirkung.ch/media/kas/04_G_BNO_28.11.22.pdf,C:\Users\peter.staub\OneDrive - pom+Consulting AG\Daten\pom+Education\RIS_2026\dashboard\data\audit\bzo_downloads\Zetzwil.pdf,C:\Users\peter.staub\OneDrive - pom+Consulting AG\Daten\pom+Education\RIS_2026\dashboard\data\Reglemente\AG_Zetzwil.pdf,lokal_aktuell
4147,Zetzwil,AG,Musterwasserreglement - zetzwil.ch,download_failed,https://www.zetzwil.ch/public/upload/assets/68/Zetzwil_+Wasserreglement+neu.pdf,,C:\Users\peter.staub\OneDrive - pom+Consulting AG\Daten\pom+Education\RIS_2026\dashboard\data\Reglemente\AG_Zetzwil.pdf,online_neuer
4147,Zetzwil,AG,Bau- und Nutzungsordnung BNO mit Stichwortverzeichnis Stand Sept,ok,https://www.bettwil.ch/public/upload/assets/206/Bau-_und_Nutzungsordnung_BNO_mit__Stichwortverzeichnis_Stand_Sept._06.pdf1165252717148.pdf,C:\Users\peter.staub\OneDrive - pom+Consulting AG\Daten\pom+Education\RIS_2026\dashboard\data\audit\bzo_downloads\Zetzwil_3.pdf,C:\Users\peter.staub\OneDrive - pom+Consulting AG\Daten\pom+Education\RIS_2026\dashboard\data\Reglemente\AG_Zetzwil.pdf,lokal_aktuell
4147,Zetzwil,AG,GEMEINDE ZETZWIL,download_failed,https://www.zetzwil.ch/public/upload/assets/231/Publikation+Abstimmungsergebnis+im+Amtsblatt.pdf,,C:\Users\peter.staub\OneDrive - pom+Consulting AG\Daten\pom+Education\RIS_2026\dashboard\data\Reglemente\AG_Zetzwil.pdf,online_neuer
4145,Teufenthal (AG),AG,,not_found,,,C:\Users\peter.staub\OneDrive - pom+Consulting AG\Daten\pom+Education\RIS_2026\dashboard\data\Reglemente\AG_Teufenthal.pdf,kein_online_treffer
4146,Unterkulm,AG,BAU- UND NUTZUNGSORDNUNG DER GEMEINDE UNTERKULM,download_failed,https://www.unterkulm.ch/public/upload/assets/4180/BNO+-+Bau-+und+Nutzungsordung.pdf,,C:\Users\peter.staub\OneDrive - pom+Consulting AG\Daten\pom+Education\RIS_2026\dashboard\data\Reglemente\AG_Unterkulm.pdf,online_neuer
4146,Unterkulm,AG,BNO Unterkulm neu,download_failed,https://www.unterkulm.ch/public/upload/assets/3368/3+-+Bau-+und+Nutzungsordnung+BNO+-+Stand+GV.pdf,,C:\Users\peter.staub\OneDrive - pom+Consulting AG\Daten\pom+Education\RIS_2026\dashboard\data\Reglemente\AG_Unterkulm.pdf,online_neuer
4146,Unterkulm,AG,CoLa-PDF - volketswiler-nachrichten.ch,ok,https://volketswiler-nachrichten.ch/fileadmin/user_upload/VN_09_05_2025.pdf,C:\Users\peter.staub\OneDrive - pom+Consulting AG\Daten\pom+Education\RIS_2026\dashboard\data\audit\bzo_downloads\Unterkulm_3.pdf,C:\Users\peter.staub\OneDrive - pom+Consulting AG\Daten\pom+Education\RIS_2026\dashboard\data\Reglemente\AG_Unterkulm.pdf,online_neuer
4146,Unterkulm,AG,Leitfaden-ESI-Version-1-4 - die-agv.ch,ok,https://die-agv.ch/media/filer_public/16/d1/16d12e3f-768e-44e9-a307-0df539801562/leitfaden-esi-version-1-4.pdf,C:\Users\peter.staub\OneDrive - pom+Consulting AG\Daten\pom+Education\RIS_2026\dashboard\data\audit\bzo_downloads\Unterkulm_4.pdf,C:\Users\peter.staub\OneDrive - pom+Consulting AG\Daten\pom+Education\RIS_2026\dashboard\data\Reglemente\AG_Unterkulm.pdf,lokal_aktuell
4146,Unterkulm,AG,AKTUELL - gemeinde.graechen.ch,ok,https://gemeinde.graechen.ch/wp-content/uploads/2024/10/graechen-aktuell-herbst-2024.pdf,C:\Users\peter.staub\OneDrive - pom+Consulting AG\Daten\pom+Education\RIS_2026\dashboard\data\audit\bzo_downloads\Unterkulm_5.pdf,C:\Users\peter.staub\OneDrive - pom+Consulting AG\Daten\pom+Education\RIS_2026\dashboard\data\Reglemente\AG_Unterkulm.pdf,online_neuer
4131,Beinwil am See,AG,BNO_BeinwilamSee_Entwurf_2019-03-04,download_failed,https://www.beinwilamsee.ch/public/upload/assets/721/Bau-+und+Nutzungsordung_04.03.2019.pdf,,C:\Users\peter.staub\OneDrive - pom+Consulting AG\Daten\pom+Education\RIS_2026\dashboard\data\Reglemente\AG_BeinwilAmSee.pdf,online_neuer
4131,Beinwil am See,AG,BNO v 26.11.2010 bzw. 06.04.2011 - beinwil.ch,ok,https://www.beinwil.ch/sites/default/files/2020-02/BNO_0_0.pdf,C:\Users\peter.staub\OneDrive - pom+Consulting AG\Daten\pom+Education\RIS_2026\dashboard\data\audit\bzo_downloads\Beinwil_am_See_2.pdf,C:\Users\peter.staub\OneDrive - pom+Consulting AG\Daten\pom+Education\RIS_2026\dashboard\data\Reglemente\AG_BeinwilAmSee.pdf,lokal_aktuell
4131,Beinwil am See,AG,Gemeinde Beinwil (Freiamt),download_failed,"https://beinwil.ch/sites/default/files/2025-01/BNO+Beinwil+bereinigt,+per+01.01.2025.pdf",,C:\Users\peter.staub\OneDrive - pom+Consulting AG\Daten\pom+Education\RIS_2026\dashboard\data\Reglemente\AG_BeinwilAmSee.pdf,online_neuer
4131,Beinwil am See,AG,BeinwilamSee_BNO-Vorlage GV_2019-12-09,download_failed,https://www.beinwilamsee.ch/public/upload/assets/800/03_BeinwilamSee_BNO-Vorlage+GV_2019-12-09.pdf,,C:\Users\peter.staub\OneDrive - pom+Consulting AG\Daten\pom+Education\RIS_2026\dashboard\data\Reglemente\AG_BeinwilAmSee.pdf,online_neuer
4131,Beinwil am See,AG,Bauzone - Beinwil,ok,https://www.beinwil-so.ch/images/Reglemente/Bauzonenreglement.pdf,C:\Users\peter.staub\OneDrive - pom+Consulting AG\Daten\pom+Education\RIS_2026\dashboard\data\audit\bzo_downloads\Beinwil_am_See_5.pdf,C:\Users\peter.staub\OneDrive - pom+Consulting AG\Daten\pom+Education\RIS_2026\dashboard\data\Reglemente\AG_BeinwilAmSee.pdf,online_neuer
4132,Birrwil,AG,,not_found,,,C:\Users\peter.staub\OneDrive - pom+Consulting AG\Daten\pom+Education\RIS_2026\dashboard\data\Reglemente\AG_Birrwil.pdf,kein_online_treffer
4135,Gontenschwil,AG,Rechenschaftsbericht Einwohner- und Ortsbürgergemeinde 2025,ok,https://www.graenichen.ch/wAssets/docs/gemeindeversammlung/2026/Juni/Rechenschaftsbericht-Einwohner-und-Ortsbuergergeme.pdf,C:\Users\peter.staub\OneDrive - pom+Consulting AG\Daten\pom+Education\RIS_2026\dashboard\data\audit\bzo_downloads\Gontenschwil.pdf,C:\Users\peter.staub\OneDrive - pom+Consulting AG\Daten\pom+Education\RIS_2026\dashboard\data\Reglemente\AG_Gontenschwil.pdf,unbekannt
4135,Gontenschwil,AG,Ref_Ortsplanungen AG_2018_Mei - Marti Partner,ok,https://www.martipartner.ch/wAssets/docs/Referenzliste_Ortsplanungen.pdf,C:\Users\peter.staub\OneDrive - pom+Consulting AG\Daten\pom+Education\RIS_2026\dashboard\data\audit\bzo_downloads\Gontenschwil_2.pdf,C:\Users\peter.staub\OneDrive - pom+Consulting AG\Daten\pom+Education\RIS_2026\dashboard\data\Reglemente\AG_Gontenschwil.pdf,unbekannt
4135,Gontenschwil,AG,"Departement Bau, Verkehr und Umwelt - Kanton Aargau",ok,https://www.ag.ch/media/kanton-aargau/portal/aktuell/anhoerungen/kanton/archiv/richtplan-gontenschwil/information.pdf,C:\Users\peter.staub\OneDrive - pom+Consulting AG\Daten\pom+Education\RIS_2026\dashboard\data\audit\bzo_downloads\Gontenschwil_3.pdf,C:\Users\peter.staub\OneDrive - pom+Consulting AG\Daten\pom+Education\RIS_2026\dashboard\data\Reglemente\AG_Gontenschwil.pdf,unbekannt
4134,Dürrenäsch,AG,Bau- und Nutzungsordnung (BNO) - Würenlos,ok,https://www.wuerenlos.ch/fileadmin/00_website/Online-Schalter/Rechtserlasse/Einwohnergemeinde/bau_und_nutzungsordnung.pdf,C:\Users\peter.staub\OneDrive - pom+Consulting AG\Daten\pom+Education\RIS_2026\dashboard\data\audit\bzo_downloads\Dürrenäsch.pdf,C:\Users\peter.staub\OneDrive - pom+Consulting AG\Daten\pom+Education\RIS_2026\dashboard\data\Reglemente\AG_Dürrenäsch.pdf,online_neuer
4134,Dürrenäsch,AG,Bau- und Nutzungsordnung (BNO) - E-Mitwirkung CMS,ok,https://cms.e-mitwirkung.ch/media/kas/04_G_BNO_05.04.24.pdf,C:\Users\peter.staub\OneDrive - pom+Consulting AG\Daten\pom+Education\RIS_2026\dashboard\data\audit\bzo_downloads\Dürrenäsch_2.pdf,C:\Users\peter.staub\OneDrive - pom+Consulting AG\Daten\pom+Education\RIS_2026\dashboard\data\Reglemente\AG_Dürrenäsch.pdf,online_neuer
4134,Dürrenäsch,AG,"GESETZLICHE VORSCHRIFTEN: MAUERN, EINFRIEDUNGEN UND HECKEN",ok,https://www.giffers.ch/_docn/5052133/Gesetzliche_Vorschriften_Mauern-Zäune-Hecken(03.2024).pdf,C:\Users\peter.staub\OneDrive - pom+Consulting AG\Daten\pom+Education\RIS_2026\dashboard\data\audit\bzo_downloads\Dürrenäsch_3.pdf,C:\Users\peter.staub\OneDrive - pom+Consulting AG\Daten\pom+Education\RIS_2026\dashboard\data\Reglemente\AG_Dürrenäsch.pdf,unbekannt
4134,Dürrenäsch,AG,Bau- und Nutzungsordnung (BNO) - Gebenstorf,ok,https://www.gebenstorf.ch/de/verwaltung/dokumente/dokumente/Bau-und-Nutzungsordnung.pdf,C:\Users\peter.staub\OneDrive - pom+Consulting AG\Daten\pom+Education\RIS_2026\dashboard\data\audit\bzo_downloads\Dürrenäsch_4.pdf,C:\Users\peter.staub\OneDrive - pom+Consulting AG\Daten\pom+Education\RIS_2026\dashboard\data\Reglemente\AG_Dürrenäsch.pdf,unbekannt
4134,Dürrenäsch,AG,Verkaufsdokumentation Fabrikantenvilla mit Baulandreserve ...,ok,https://media2.homegate.ch/listings/v2/visv/4002896913/document/753966f4e9eb50b479d6eed94de2a581.pdf,C:\Users\peter.staub\OneDrive - pom+Consulting AG\Daten\pom+Education\RIS_2026\dashboard\data\audit\bzo_downloads\Dürrenäsch_5.pdf,C:\Users\peter.staub\OneDrive - pom+Consulting AG\Daten\pom+Education\RIS_2026\dashboard\data\Reglemente\AG_Dürrenäsch.pdf,unbekannt
4136,Holziken,AG,,not_found,,,C:\Users\peter.staub\OneDrive - pom+Consulting AG\Daten\pom+Education\RIS_2026\dashboard\data\Reglemente\AG_Holziken.pdf,kein_online_treffer
4140,Oberkulm,AG,OKU04_DIV_210412_BNO_Synopse_bereinigt - Oberkulm,download_failed,https://www.oberkulm.ch/public/upload/assets/1019/Bau-+und+Nutzungsordnung+Synopse.pdf,,C:\Users\peter.staub\OneDrive - pom+Consulting AG\Daten\pom+Education\RIS_2026\dashboard\data\Reglemente\AG_Oberkulm.pdf,unbekannt
4140,Oberkulm,AG,BAU- UND NUTZUNGSORDNUNG DER GEMEINDE UNTERKULM,download_failed,https://www.unterkulm.ch/public/upload/assets/4180/BNO+-+Bau-+und+Nutzungsordung.pdf,,C:\Users\peter.staub\OneDrive - pom+Consulting AG\Daten\pom+Education\RIS_2026\dashboard\data\Reglemente\AG_Oberkulm.pdf,online_neuer
4140,Oberkulm,AG,Rechenschaftsbericht Einwohner- und Ortsbürgergemeinde 2025,ok,https://www.graenichen.ch/wAssets/docs/gemeindeversammlung/2026/Juni/Rechenschaftsbericht-Einwohner-und-Ortsbuergergeme.pdf,C:\Users\peter.staub\OneDrive - pom+Consulting AG\Daten\pom+Education\RIS_2026\dashboard\data\audit\bzo_downloads\Oberkulm_3.pdf,C:\Users\peter.staub\OneDrive - pom+Consulting AG\Daten\pom+Education\RIS_2026\dashboard\data\Reglemente\AG_Oberkulm.pdf,unbekannt
4140,Oberkulm,AG,Spenglerei & Flachdacharbeiten Däniken 062 291 46 46 Spenglerei,ok,https://www.niederaemter-anzeiger.ch/images/Archiv/2023/NAZ-Wo-16-2023-04-20-web.pdf,C:\Users\peter.staub\OneDrive - pom+Consulting AG\Daten\pom+Education\RIS_2026\dashboard\data\audit\bzo_downloads\Oberkulm_4.pdf,C:\Users\peter.staub\OneDrive - pom+Consulting AG\Daten\pom+Education\RIS_2026\dashboard\data\Reglemente\AG_Oberkulm.pdf,online_neuer
4138,Leutwil,AG,Bau- und Nutzungsordnung (BNO),ok,https://cms.e-mitwirkung.ch/media/kas/04_G_BNO_28.11.22.pdf,C:\Users\peter.staub\OneDrive - pom+Consulting AG\Daten\pom+Education\RIS_2026\dashboard\data\audit\bzo_downloads\Leutwil.pdf,C:\Users\peter.staub\OneDrive - pom+Consulting AG\Daten\pom+Education\RIS_2026\dashboard\data\Reglemente\AG_Leutwil.pdf,lokal_aktuell
4138,Leutwil,AG,ZONENREGLEMENT,ok,http://geoshop.lu.ch/pdf/rusw_BZR.pdf,C:\Users\peter.staub\OneDrive - pom+Consulting AG\Daten\pom+Education\RIS_2026\dashboard\data\audit\bzo_downloads\Leutwil_2.pdf,C:\Users\peter.staub\OneDrive - pom+Consulting AG\Daten\pom+Education\RIS_2026\dashboard\data\Reglemente\AG_Leutwil.pdf,online_neuer
4138,Leutwil,AG,Leutwil NuPla-ERP_Objektblatt - martipartner.ch,ok,https://www.martipartner.ch/wAssets/docs/Leutwil-NuPla-ERP_Objektblatt.pdf,C:\Users\peter.staub\OneDrive - pom+Consulting AG\Daten\pom+Education\RIS_2026\dashboard\data\audit\bzo_downloads\Leutwil_3.pdf,C:\Users\peter.staub\OneDrive - pom+Consulting AG\Daten\pom+Education\RIS_2026\dashboard\data\Reglemente\AG_Leutwil.pdf,unbekannt
4137,Leimbach (AG),AG,Ergänzungsplan Kernzone Mittel-Leimbach Kernzonenplan,ok,https://www.stadt-zuerich.ch/content/dam/web/de/planen-bauen/stadtplanung/dokumente/bzo/ergaenzungsplaene/kernzonen/ep-kernzone-a2-mittel-leimbach-1250.pdf,C:\Users\peter.staub\OneDrive - pom+Consulting AG\Daten\pom+Education\RIS_2026\dashboard\data\audit\bzo_downloads\Leimbach_AG.pdf,C:\Users\peter.staub\OneDrive - pom+Consulting AG\Daten\pom+Education\RIS_2026\dashboard\data\Reglemente\AG_Leimbach.pdf,online_neuer
4137,Leimbach (AG),AG,ABZ Jahres- und Finanzbericht 2025,ok,https://www.abz.ch/content/uploads/2026/04/abz_jahresbericht_2025.pdf,C:\Users\peter.staub\OneDrive - pom+Consulting AG\Daten\pom+Education\RIS_2026\dashboard\data\audit\bzo_downloads\Leimbach_AG_2.pdf,C:\Users\peter.staub\OneDrive - pom+Consulting AG\Daten\pom+Education\RIS_2026\dashboard\data\Reglemente\AG_Leimbach.pdf,online_neuer
4137,Leimbach (AG),AG,Teilrevision Bau- und Zonenordnung «Hochhäuser»,ok,https://www.stadt-zuerich.ch/content/dam/web/de/planen-bauen/stadtplanung/dokumente/bzo/hochhausrichtlinien/teilrevision-erlaeuterungsbericht.pdf,C:\Users\peter.staub\OneDrive - pom+Consulting AG\Daten\pom+Education\RIS_2026\dashboard\data\audit\bzo_downloads\Leimbach_AG_3.pdf,C:\Users\peter.staub\OneDrive - pom+Consulting AG\Daten\pom+Education\RIS_2026\dashboard\data\Reglemente\AG_Leimbach.pdf,online_neuer
4137,Leimbach (AG),AG,Allgemeines - leimbach.swiss,ok,https://www.leimbach.swiss/public/upload/assets/62/Abwasserreglement2019.pdf,C:\Users\peter.staub\OneDrive - pom+Consulting AG\Daten\pom+Education\RIS_2026\dashboard\data\audit\bzo_downloads\Leimbach_AG_4.pdf,C:\Users\peter.staub\OneDrive - pom+Consulting AG\Daten\pom+Education\RIS_2026\dashboard\data\Reglemente\AG_Leimbach.pdf,lokal_aktuell
4144,Schöftland,AG,Microsoft Word - BNO_Genehmigt_20190621_RR.docx - Schöftland,ok,https://www.schoeftland.ch/_docn/2257564/BNO2019_Genehmigt_20190621_RR.pdf,C:\Users\peter.staub\OneDrive - pom+Consulting AG\Daten\pom+Education\RIS_2026\dashboard\data\audit\bzo_downloads\Schöftland.pdf,C:\Users\peter.staub\OneDrive - pom+Consulting AG\Daten\pom+Education\RIS_2026\dashboard\data\Reglemente\AG_Schöftland.pdf,unbekannt
4144,Schöftland,AG,Schöftland Information 2 - Kanton Aargau,ok,https://www.ag.ch/media/kanton-aargau/bvu/raumentwicklung/grundlagen-und-kantonalplanung/richtplanung/mitwirkung/2019-schoeftland-information.pdf,C:\Users\peter.staub\OneDrive - pom+Consulting AG\Daten\pom+Education\RIS_2026\dashboard\data\audit\bzo_downloads\Schöftland_2.pdf,C:\Users\peter.staub\OneDrive - pom+Consulting AG\Daten\pom+Education\RIS_2026\dashboard\data\Reglemente\AG_Schöftland.pdf,unbekannt
4144,Schöftland,AG,Bau- und Nutzungsordnung (BNO) - holziken.ch,ok,https://holziken.ch/sites/default/files/2025-12/251120_BNO_Synopse_öffentl_Auflage_erg.pdf,C:\Users\peter.staub\OneDrive - pom+Consulting AG\Daten\pom+Education\RIS_2026\dashboard\data\audit\bzo_downloads\Schöftland_3.pdf,C:\Users\peter.staub\OneDrive - pom+Consulting AG\Daten\pom+Education\RIS_2026\dashboard\data\Reglemente\AG_Schöftland.pdf,online_neuer
4144,Schöftland,AG,Microsoft Word - Schöftland Planungsbericht 2 .docx,ok,https://www.ag.ch/media/kanton-aargau/bvu/raumentwicklung/grundlagen-und-kantonalplanung/richtplanung/mitwirkung/2019-schoeftland-planungsbericht.pdf,C:\Users\peter.staub\OneDrive - pom+Consulting AG\Daten\pom+Education\RIS_2026\dashboard\data\audit\bzo_downloads\Schöftland_4.pdf,C:\Users\peter.staub\OneDrive - pom+Consulting AG\Daten\pom+Education\RIS_2026\dashboard\data\Reglemente\AG_Schöftland.pdf,unbekannt
4144,Schöftland,AG,Planungsbericht def Mai 2018 - Kanton Aargau,ok,https://www.ag.ch/media/kanton-aargau/bvu/raumentwicklung/grundlagen-und-kantonalplanung/richtplanung/mitwirkung/schoeftland-zentrumsentwicklung-planungsbericht.pdf,C:\Users\peter.staub\OneDrive - pom+Consulting AG\Daten\pom+Education\RIS_2026\dashboard\data\audit\bzo_downloads\Schöftland_5.pdf,C:\Users\peter.staub\OneDrive - pom+Consulting AG\Daten\pom+Education\RIS_2026\dashboard\data\Reglemente\AG_Schöftland.pdf,unbekannt
4143,Schmiedrued,AG,Gestaltungsplan Kehrmatt - Schmiedrued,ok,https://www.schmiedrued.ch/public/upload/assets/1993/GP_Kehrmatt_Planungsbericht.pdf,C:\Users\peter.staub\OneDrive - pom+Consulting AG\Daten\pom+Education\RIS_2026\dashboard\data\audit\bzo_downloads\Schmiedrued.pdf,C:\Users\peter.staub\OneDrive - pom+Consulting AG\Daten\pom+Education\RIS_2026\dashboard\data\Reglemente\AG_Schmiedrued.pdf,lokal_aktuell
4143,Schmiedrued,AG,Bau- und Nutzungsordnung (BNO),ok,https://cms.e-mitwirkung.ch/media/kas/04_G_BNO_28.11.22.pdf,C:\Users\peter.staub\OneDrive - pom+Consulting AG\Daten\pom+Education\RIS_2026\dashboard\data\audit\bzo_downloads\Schmiedrued_2.pdf,C:\Users\peter.staub\OneDrive - pom+Consulting AG\Daten\pom+Education\RIS_2026\dashboard\data\Reglemente\AG_Schmiedrued.pdf,lokal_aktuell
4143,Schmiedrued,AG,Kt. Aargau MBNO mit Hinweisep. - Schlossrued,download_failed,https://www.schlossrued.ch/sites/default/files/2020-03/Bau-+und+Nutzungsordnung+BNO.pdf,,C:\Users\peter.staub\OneDrive - pom+Consulting AG\Daten\pom+Education\RIS_2026\dashboard\data\Reglemente\AG_Schmiedrued.pdf,online_neuer
4142,Schlossrued,AG,Kt. Aargau MBNO mit Hinweisep. - Schlossrued,download_failed,https://www.schlossrued.ch/sites/default/files/2020-03/Bau-+und+Nutzungsordnung+BNO.pdf,,C:\Users\peter.staub\OneDrive - pom+Consulting AG\Daten\pom+Education\RIS_2026\dashboard\data\Reglemente\AG_Schlossrued.pdf,online_neuer
4142,Schlossrued,AG,Bau- und Nutzungsordnung (BNO),ok,https://cms.e-mitwirkung.ch/media/kas/04_G_BNO_28.11.22.pdf,C:\Users\peter.staub\OneDrive - pom+Consulting AG\Daten\pom+Education\RIS_2026\dashboard\data\audit\bzo_downloads\Schlossrued_2.pdf,C:\Users\peter.staub\OneDrive - pom+Consulting AG\Daten\pom+Education\RIS_2026\dashboard\data\Reglemente\AG_Schlossrued.pdf,lokal_aktuell
4142,Schlossrued,AG,Baugesuch Wiederkehr - oberentfelden.ch,ok,https://www.oberentfelden.ch/system/files/2026-09/01+-+Baugesuchsumschlag+kommunal_0.pdf,C:\Users\peter.staub\OneDrive - pom+Consulting AG\Daten\pom+Education\RIS_2026\dashboard\data\audit\bzo_downloads\Schlossrued_3.pdf,C:\Users\peter.staub\OneDrive - pom+Consulting AG\Daten\pom+Education\RIS_2026\dashboard\data\Reglemente\AG_Schlossrued.pdf,online_neuer
4142,Schlossrued,AG,Bau- und Nutzungsordnung (BNO) - E-Mitwirkung CMS,ok,https://cms.e-mitwirkung.ch/media/kas/04_G_BNO_05.04.24.pdf,C:\Users\peter.staub\OneDrive - pom+Consulting AG\Daten\pom+Education\RIS_2026\dashboard\data\audit\bzo_downloads\Schlossrued_4.pdf,C:\Users\peter.staub\OneDrive - pom+Consulting AG\Daten\pom+Education\RIS_2026\dashboard\data\Reglemente\AG_Schlossrued.pdf,online_neuer
4142,Schlossrued,AG,Baugesuchsbogen Schoeftland - Schlossrued,download_failed,https://www.schlossrued.ch/sites/default/files/2023-06/Baugesuchsformular+Gemeinde+Schlossrued_12062023.pdf,,C:\Users\peter.staub\OneDrive - pom+Consulting AG\Daten\pom+Education\RIS_2026\dashboard\data\Reglemente\AG_Schlossrued.pdf,online_neuer
4141,Reinach (AG),AG,169-BNO_bzp-klp-reinach 2016-10-26 genehmigt,download_failed,https://www.reinach.ch/public/upload/assets/3192/Bau-+und+Nutzungsordnung.pdf,,C:\Users\peter.staub\OneDrive - pom+Consulting AG\Daten\pom+Education\RIS_2026\dashboard\data\Reglemente\AG_Reinach.pdf,unbekannt
4141,Reinach (AG),AG,BNO Turgi 1. und 2. Teil - reinach.ch,download_failed,https://www.reinach.ch/public/upload/assets/2167/Bau-+und+Nutzungsordnung.pdf,,C:\Users\peter.staub\OneDrive - pom+Consulting AG\Daten\pom+Education\RIS_2026\dashboard\data\Reglemente\AG_Reinach.pdf,unbekannt
4141,Reinach (AG),AG,Zonenvorschriften - Reinach BL,ok,https://www.reinach-bl.ch/de/verwaltung/dokumente/dokumente/bauen-stadtentwicklung/Baugesuche/AngabenzudenZonenvorschriften-3-1.pdf,C:\Users\peter.staub\OneDrive - pom+Consulting AG\Daten\pom+Education\RIS_2026\dashboard\data\audit\bzo_downloads\Reinach_AG_3.pdf,C:\Users\peter.staub\OneDrive - pom+Consulting AG\Daten\pom+Education\RIS_2026\dashboard\data\Reglemente\AG_Reinach.pdf,unbekannt
4141,Reinach (AG),AG,www.reinach.ch,ok,https://www.reinach.ch/public/upload/assets/851/Zonenplan.pdf,C:\Users\peter.staub\OneDrive - pom+Consulting AG\Daten\pom+Education\RIS_2026\dashboard\data\audit\bzo_downloads\Reinach_AG_4.pdf,C:\Users\peter.staub\OneDrive - pom+Consulting AG\Daten\pom+Education\RIS_2026\dashboard\data\Reglemente\AG_Reinach.pdf,lokal_aktuell
4141,Reinach (AG),AG,Planungs- und Begleitbericht - Reinach BL,ok,https://www.reinach-bl.ch/de/dokumente/03-Bauen-und-Stadtentwicklung/Aktuelle-Planungen/Schoenenbach/55008_Ber01_Planungsbericht_20180622_RRGenehmigung_visiert_v2.pdf,C:\Users\peter.staub\OneDrive - pom+Consulting AG\Daten\pom+Education\RIS_2026\dashboard\data\audit\bzo_downloads\Reinach_AG_5.pdf,C:\Users\peter.staub\OneDrive - pom+Consulting AG\Daten\pom+Education\RIS_2026\dashboard\data\Reglemente\AG_Reinach.pdf,unbekannt
4139,Menziken,AG,Neubauprojekt: «HERKULES» Menziken - homegate.ch,ok,https://media2.homegate.ch/listings/v2/c035/4001209070/document/da4d1bfb909131ccda5ab194669a6aa1.pdf,C:\Users\peter.staub\OneDrive - pom+Consulting AG\Daten\pom+Education\RIS_2026\dashboard\data\audit\bzo_downloads\Menziken.pdf,C:\Users\peter.staub\OneDrive - pom+Consulting AG\Daten\pom+Education\RIS_2026\dashboard\data\Reglemente\AG_Menziken.pdf,unbekannt
4139,Menziken,AG,1295-Menziken_BZP/KLP_2016-11-09_Genehmigung_Exp Dxf,ok,https://www.menziken.ch/public/upload/assets/17494/Bauzonenplan.pdf,C:\Users\peter.staub\OneDrive - pom+Consulting AG\Daten\pom+Education\RIS_2026\dashboard\data\audit\bzo_downloads\Menziken_2.pdf,C:\Users\peter.staub\OneDrive - pom+Consulting AG\Daten\pom+Education\RIS_2026\dashboard\data\Reglemente\AG_Menziken.pdf,lokal_aktuell
4139,Menziken,AG,Menziken_NuPla-Gewässerraum_Objektblatt - Marti Partner,ok,https://www.martipartner.ch/wAssets/docs/Menziken_NuPla-Gewaesserraum_Objektblatt.pdf,C:\Users\peter.staub\OneDrive - pom+Consulting AG\Daten\pom+Education\RIS_2026\dashboard\data\audit\bzo_downloads\Menziken_3.pdf,C:\Users\peter.staub\OneDrive - pom+Consulting AG\Daten\pom+Education\RIS_2026\dashboard\data\Reglemente\AG_Menziken.pdf,unbekannt
4123,Windisch,AG,Bau- und Nutzungsordnung - Windisch,download_failed,https://www.windisch.ch/public/upload/assets/918/Bau-+und+Nutzungsordnung+(BNO).pdf,,C:\Users\peter.staub\OneDrive - pom+Consulting AG\Daten\pom+Education\RIS_2026\dashboard\data\Reglemente\AG_Windisch.pdf,online_neuer
4123,Windisch,AG,Landschaftsentwicklungsprogramm LEP Gemeindespiegel Windisch,ok,https://www.lep-aargau.ch/app/uploads/2026/05/LEP_Gemeindespiegel_Windisch_2026_02_25.pdf,C:\Users\peter.staub\OneDrive - pom+Consulting AG\Daten\pom+Education\RIS_2026\dashboard\data\audit\bzo_downloads\Windisch_2.pdf,C:\Users\peter.staub\OneDrive - pom+Consulting AG\Daten\pom+Education\RIS_2026\dashboard\data\Reglemente\AG_Windisch.pdf,online_neuer
4123,Windisch,AG,BEISPIELSAMMLUNG WINDISCH AG Fehlmannmatte – Wohnen und ...,ok,https://www.densipedia.ch/sites/default/files/2019-11/BSP_D_Windisch.pdf,C:\Users\peter.staub\OneDrive - pom+Consulting AG\Daten\pom+Education\RIS_2026\dashboard\data\audit\bzo_downloads\Windisch_3.pdf,C:\Users\peter.staub\OneDrive - pom+Consulting AG\Daten\pom+Education\RIS_2026\dashboard\data\Reglemente\AG_Windisch.pdf,lokal_aktuell
4123,Windisch,AG,"Brugg und Windisch, 5. Mai 2021 Projektplan - Stadtraum Bahnhof",ok,https://www.stadtraumbahnhof.ch/assets/uploads/files/files/Beilage_4_Projektplan.pdf,C:\Users\peter.staub\OneDrive - pom+Consulting AG\Daten\pom+Education\RIS_2026\dashboard\data\audit\bzo_downloads\Windisch_4.pdf,C:\Users\peter.staub\OneDrive - pom+Consulting AG\Daten\pom+Education\RIS_2026\dashboard\data\Reglemente\AG_Windisch.pdf,online_neuer
4123,Windisch,AG,Hinweise zu Baugesuchen - Windisch,download_failed,https://www.windisch.ch/public/upload/assets/1455/Hinweise+zu+Baugesuchen.pdf,,C:\Users\peter.staub\OneDrive - pom+Consulting AG\Daten\pom+Education\RIS_2026\dashboard\data\Reglemente\AG_Windisch.pdf,online_neuer
4117,Thalheim (AG),AG,BAU- UND ZONENORDNUNG - thalheim.ch,download_failed,https://www.thalheim.ch/images/GV+06.2025/NP_BZO_Synopse.pdf,,C:\Users\peter.staub\OneDrive - pom+Consulting AG\Daten\pom+Education\RIS_2026\dashboard\data\Reglemente\AG_Thalheim.pdf,online_neuer
4117,Thalheim (AG),AG,20250225 Thalheim NP Zonenplan revidiert - dorlikon.ch,download_failed,https://www.dorlikon.ch/images/GV+06.2025/NP_Zonenplan+revidiert.pdf,,C:\Users\peter.staub\OneDrive - pom+Consulting AG\Daten\pom+Education\RIS_2026\dashboard\data\Reglemente\AG_Thalheim.pdf,online_neuer
4117,Thalheim (AG),AG,Bauwesen - Thalheim an der Thur,ok,https://www.thalheim.ch/images/download/nachrichten/maerz2024.pdf,C:\Users\peter.staub\OneDrive - pom+Consulting AG\Daten\pom+Education\RIS_2026\dashboard\data\audit\bzo_downloads\Thalheim_AG_3.pdf,C:\Users\peter.staub\OneDrive - pom+Consulting AG\Daten\pom+Education\RIS_2026\dashboard\data\Reglemente\AG_Thalheim.pdf,online_neuer
4120,Veltheim (AG),AG,,not_found,,,C:\Users\peter.staub\OneDrive - pom+Consulting AG\Daten\pom+Education\RIS_2026\dashboard\data\Reglemente\AG_Veltheim.pdf,kein_online_treffer
4091,Auenstein,AG,,not_found,,,C:\Users\peter.staub\OneDrive - pom+Consulting AG\Daten\pom+Education\RIS_2026\dashboard\data\Reglemente\AG_Auenstein.pdf,kein_online_treffer
4093,Birrhard,AG,Bau- und Nutzungsordnung (BNO),ok,https://cms.e-mitwirkung.ch/media/kas/04_G_BNO_28.11.22.pdf,C:\Users\peter.staub\OneDrive - pom+Consulting AG\Daten\pom+Education\RIS_2026\dashboard\data\audit\bzo_downloads\Birrhard.pdf,C:\Users\peter.staub\OneDrive - pom+Consulting AG\Daten\pom+Education\RIS_2026\dashboard\data\Reglemente\AG_Birrhard.pdf,lokal_aktuell
4093,Birrhard,AG,BNO_20131129 - birrhard.ch,download_failed,https://www.birrhard.ch/sites/default/files/service-2024/BNO+mit+Vermerk+Gebührenregelung_20131129.pdf,,C:\Users\peter.staub\OneDrive - pom+Consulting AG\Daten\pom+Education\RIS_2026\dashboard\data\Reglemente\AG_Birrhard.pdf,online_neuer
4092,Birr,AG,,not_found,,,C:\Users\peter.staub\OneDrive - pom+Consulting AG\Daten\pom+Education\RIS_2026\dashboard\data\Reglemente\AG_Birr.pdf,kein_online_treffer
4099,Habsburg,AG,Grüningen 5426 - admin.ch,ok,https://api.isos.bak.admin.ch/ob/5426/doc/ISOS_5426.pdf,C:\Users\peter.staub\OneDrive - pom+Consulting AG\Daten\pom+Education\RIS_2026\dashboard\data\audit\bzo_downloads\Habsburg.pdf,C:\Users\peter.staub\OneDrive - pom+Consulting AG\Daten\pom+Education\RIS_2026\dashboard\data\Reglemente\AG_Habsburg.pdf,unbekannt
4099,Habsburg,AG,Landschaftsentwicklungsprogramm LEP Brugg Regio,ok,https://www.lep-aargau.ch/app/uploads/2026/01/Bericht-LEP-Brugg-Regio-2026_01_20b_low.pdf,C:\Users\peter.staub\OneDrive - pom+Consulting AG\Daten\pom+Education\RIS_2026\dashboard\data\audit\bzo_downloads\Habsburg_2.pdf,C:\Users\peter.staub\OneDrive - pom+Consulting AG\Daten\pom+Education\RIS_2026\dashboard\data\Reglemente\AG_Habsburg.pdf,online_neuer
4099,Habsburg,AG,Aus dem Familienalbum - leutwiler.ch,ok,https://leutwiler.ch/media/post/post_1979_36.pdf,C:\Users\peter.staub\OneDrive - pom+Consulting AG\Daten\pom+Education\RIS_2026\dashboard\data\audit\bzo_downloads\Habsburg_3.pdf,C:\Users\peter.staub\OneDrive - pom+Consulting AG\Daten\pom+Education\RIS_2026\dashboard\data\Reglemente\AG_Habsburg.pdf,lokal_aktuell
4099,Habsburg,AG,KOBI-Beschrieb - Kanton Zürich,ok,https://www.zh.ch/content/dam/zhweb/bilder-dokumente/themen/planen-bauen/kantonale-immobilien/vermietungen-verkauf-kantonaler-immobilien/verkauf/rheinau-ochsengasse/ortsbild_rheinau_kantonale_bedeutung_beschrieb.pdf,C:\Users\peter.staub\OneDrive - pom+Consulting AG\Daten\pom+Education\RIS_2026\dashboard\data\audit\bzo_downloads\Habsburg_4.pdf,C:\Users\peter.staub\OneDrive - pom+Consulting AG\Daten\pom+Education\RIS_2026\dashboard\data\Reglemente\AG_Habsburg.pdf,online_neuer
4099,Habsburg,AG,Siedlungsleitbild - Udligenswil,ok,https://www.udligenswil.ch/_docn/3657140/Siedlungsleitbild_Inkl_Plan.pdf,C:\Users\peter.staub\OneDrive - pom+Consulting AG\Daten\pom+Education\RIS_2026\dashboard\data\audit\bzo_downloads\Habsburg_5.pdf,C:\Users\peter.staub\OneDrive - pom+Consulting AG\Daten\pom+Education\RIS_2026\dashboard\data\Reglemente\AG_Habsburg.pdf,unbekannt
4106,Mönthal,AG,Microsoft Word - Bauordnung.doc - Mönthal,ok,https://www.moenthal.ch/sites/default/files/2021-08/Bauordnung.pdf,C:\Users\peter.staub\OneDrive - pom+Consulting AG\Daten\pom+Education\RIS_2026\dashboard\data\audit\bzo_downloads\Mönthal.pdf,C:\Users\peter.staub\OneDrive - pom+Consulting AG\Daten\pom+Education\RIS_2026\dashboard\data\Reglemente\AG_Mönthal.pdf,lokal_aktuell
4106,Mönthal,AG,Baugesuchs-Umschlag Gde Eggenwil - moenthal.ch,ok,https://www.moenthal.ch/sites/default/files/2021-08/Baugesuchsformular_0.pdf,C:\Users\peter.staub\OneDrive - pom+Consulting AG\Daten\pom+Education\RIS_2026\dashboard\data\audit\bzo_downloads\Mönthal_2.pdf,C:\Users\peter.staub\OneDrive - pom+Consulting AG\Daten\pom+Education\RIS_2026\dashboard\data\Reglemente\AG_Mönthal.pdf,lokal_aktuell
4106,Mönthal,AG,103_18-04-30_Planungsbericht - Kanton Aargau,ok,https://www.ag.ch/media/kanton-aargau/bvu/raumentwicklung/grundlagen-und-kantonalplanung/richtplanung/mitwirkung/moenthal-steinacher-planungsbericht.pdf,C:\Users\peter.staub\OneDrive - pom+Consulting AG\Daten\pom+Education\RIS_2026\dashboard\data\audit\bzo_downloads\Mönthal_3.pdf,C:\Users\peter.staub\OneDrive - pom+Consulting AG\Daten\pom+Education\RIS_2026\dashboard\data\Reglemente\AG_Mönthal.pdf,unbekannt
4106,Mönthal,AG,Räumliches Entwicklungsleitbild (REL),download_failed,https://www.moenthal.ch/sites/default/files/2023-01/2022-06-15_REL_Mönthal_ohne+Anhang-komprimiert.pdf,,C:\Users\peter.staub\OneDrive - pom+Consulting AG\Daten\pom+Education\RIS_2026\dashboard\data\Reglemente\AG_Mönthal.pdf,unbekannt
4107,Mülligen,AG,Baugesuch A4 für Internet - Möriken-Wildegg,ok,https://www.rtb-wildegg.ch/media/files/Baugesuch.pdf,C:\Users\peter.staub\OneDrive - pom+Consulting AG\Daten\pom+Education\RIS_2026\dashboard\data\audit\bzo_downloads\Mülligen.pdf,C:\Users\peter.staub\OneDrive - pom+Consulting AG\Daten\pom+Education\RIS_2026\dashboard\data\Reglemente\AG_Mülligen.pdf,lokal_aktuell
4107,Mülligen,AG,Digitalisierung Baubewilligungsverfahren,ok,https://www.kpm.unibe.ch/unibe/portal/center_generell/a_title_strat_forschung/k_kpm/content/e69705/e232334/e234053/e821599/e938846/frPublikation_Masterarbeit_ger.pdf,C:\Users\peter.staub\OneDrive - pom+Consulting AG\Daten\pom+Education\RIS_2026\dashboard\data\audit\bzo_downloads\Mülligen_2.pdf,C:\Users\peter.staub\OneDrive - pom+Consulting AG\Daten\pom+Education\RIS_2026\dashboard\data\Reglemente\AG_Mülligen.pdf,online_neuer
4105,Mandach,AG,Bau- und Nutzungsordnung (BNO),ok,https://cms.e-mitwirkung.ch/media/kas/04_G_BNO_28.11.22.pdf,C:\Users\peter.staub\OneDrive - pom+Consulting AG\Daten\pom+Education\RIS_2026\dashboard\data\audit\bzo_downloads\Mandach.pdf,C:\Users\peter.staub\OneDrive - pom+Consulting AG\Daten\pom+Education\RIS_2026\dashboard\data\Reglemente\AG_Mandach.pdf,lokal_aktuell
4105,Mandach,AG,Synopse Bau- und Nutzungsordnung (BNO) - Gipf-Oberfrick,ok,https://www.gipf-oberfrick.ch/_docn/5255941/2024.08.05_Synopse_Bau-_und_Nutzungsordnung_(BNO).pdf,C:\Users\peter.staub\OneDrive - pom+Consulting AG\Daten\pom+Education\RIS_2026\dashboard\data\audit\bzo_downloads\Mandach_2.pdf,C:\Users\peter.staub\OneDrive - pom+Consulting AG\Daten\pom+Education\RIS_2026\dashboard\data\Reglemente\AG_Mandach.pdf,unbekannt
4112,Rüfenach,AG,Bau- und Nutzungsordnung - Windisch,download_failed,https://www.windisch.ch/public/upload/assets/918/Bau-+und+Nutzungsordnung+(BNO).pdf,,C:\Users\peter.staub\OneDrive - pom+Consulting AG\Daten\pom+Education\RIS_2026\dashboard\data\Reglemente\AG_Rüfenach.pdf,online_neuer
4112,Rüfenach,AG,1637_ZPL_396x228__mit_Legende_16 - a-welle.ch,ok,https://www.a-welle.ch/fileadmin/seiteninhalt/dokumente/2017/1637_ZPL_396x228__mit_Legende_16_high.pdf,C:\Users\peter.staub\OneDrive - pom+Consulting AG\Daten\pom+Education\RIS_2026\dashboard\data\audit\bzo_downloads\Rüfenach_2.pdf,C:\Users\peter.staub\OneDrive - pom+Consulting AG\Daten\pom+Education\RIS_2026\dashboard\data\Reglemente\AG_Rüfenach.pdf,lokal_aktuell
4112,Rüfenach,AG,Bau- und Nutzungsordnung (BNO) - ruefenach.ch,download_failed,https://www.ruefenach.ch/sites/default/files/2024-05/2023-11-22_BNO_Ruefenach+(2).pdf,,C:\Users\peter.staub\OneDrive - pom+Consulting AG\Daten\pom+Education\RIS_2026\dashboard\data\Reglemente\AG_Rüfenach.pdf,online_neuer
4112,Rüfenach,AG,Hort und Mittagstisch in Rüfenach Bau- und Nutzungsordnung (BNO),download_failed,https://ruefenach.hi-egov.ch/sites/default/files/service-2026/BNO+per+18.03.2026++Druckversion.pdf,,C:\Users\peter.staub\OneDrive - pom+Consulting AG\Daten\pom+Education\RIS_2026\dashboard\data\Reglemente\AG_Rüfenach.pdf,online_neuer
4112,Rüfenach,AG,Gesamtrevision Nutzungsplanung,ok,https://ruefenach.hi-egov.ch/sites/default/files/article-2025/2025-02-04_Planungsbericht_Rüfenach_0.pdf,C:\Users\peter.staub\OneDrive - pom+Consulting AG\Daten\pom+Education\RIS_2026\dashboard\data\audit\bzo_downloads\Rüfenach_5.pdf,C:\Users\peter.staub\OneDrive - pom+Consulting AG\Daten\pom+Education\RIS_2026\dashboard\data\Reglemente\AG_Rüfenach.pdf,online_neuer
4111,Riniken,AG,,not_found,,,C:\Users\peter.staub\OneDrive - pom+Consulting AG\Daten\pom+Education\RIS_2026\dashboard\data\Reglemente\AG_Riniken.pdf,kein_online_treffer
4110,Remigen,AG,Gemeinde Remigen Bau- und Nutzungsordnung (BNO),ok,https://www.remigen.ch/fileadmin/user_upload/Aktuelles_Frontseite/Mitwirkungsverfahren_allgemeine_Nutzungsplanung/03_152-Synopse-BNO-Remigen-2024-06-13.pdf,C:\Users\peter.staub\OneDrive - pom+Consulting AG\Daten\pom+Education\RIS_2026\dashboard\data\audit\bzo_downloads\Remigen.pdf,C:\Users\peter.staub\OneDrive - pom+Consulting AG\Daten\pom+Education\RIS_2026\dashboard\data\Reglemente\AG_Remigen.pdf,online_neuer
4110,Remigen,AG,Gesamtrevision Nutzungsplanung Siedlung und Kulturland,ok,https://www.remigen.ch/fileadmin/user_upload/Aktuelles_Frontseite/Mitwirkungsverfahren_allgemeine_Nutzungsplanung/05-152_Planungsbericht-Remigen-2024-06-13.pdf,C:\Users\peter.staub\OneDrive - pom+Consulting AG\Daten\pom+Education\RIS_2026\dashboard\data\audit\bzo_downloads\Remigen_2.pdf,C:\Users\peter.staub\OneDrive - pom+Consulting AG\Daten\pom+Education\RIS_2026\dashboard\data\Reglemente\AG_Remigen.pdf,online_neuer
4110,Remigen,AG,Gesamtrevision Nutzungsplanung Siedlung und Kulturland,ok,https://www.remigen.ch/fileadmin/user_upload/Aktuelles_Frontseite/Mitwirkungsverfahren_allgemeine_Nutzungsplanung/06b-Entwicklungsleitbild-REL-Remigen-2024-04-08.pdf,C:\Users\peter.staub\OneDrive - pom+Consulting AG\Daten\pom+Education\RIS_2026\dashboard\data\audit\bzo_downloads\Remigen_3.pdf,C:\Users\peter.staub\OneDrive - pom+Consulting AG\Daten\pom+Education\RIS_2026\dashboard\data\Reglemente\AG_Remigen.pdf,online_neuer
4110,Remigen,AG,Bau- und Nutzungsordnung (BNO) - remigen.ch,ok,https://www.remigen.ch/fileadmin/user_upload/Bau-_und_Nutzungsordnung.pdf,C:\Users\peter.staub\OneDrive - pom+Consulting AG\Daten\pom+Education\RIS_2026\dashboard\data\audit\bzo_downloads\Remigen_4.pdf,C:\Users\peter.staub\OneDrive - pom+Consulting AG\Daten\pom+Education\RIS_2026\dashboard\data\Reglemente\AG_Remigen.pdf,online_neuer
4110,Remigen,AG,Bauzonenplan 1 : 2'500 - remigen.ch,ok,https://www.remigen.ch/fileadmin/user_upload/Aktuelles_Frontseite/Mitwirkungsverfahren_allgemeine_Nutzungsplanung/01_152_Bauzonenplan_2024-05-07.pdf,C:\Users\peter.staub\OneDrive - pom+Consulting AG\Daten\pom+Education\RIS_2026\dashboard\data\audit\bzo_downloads\Remigen_5.pdf,C:\Users\peter.staub\OneDrive - pom+Consulting AG\Daten\pom+Education\RIS_2026\dashboard\data\Reglemente\AG_Remigen.pdf,online_neuer
4100,Hausen (AG),AG,,not_found,,,C:\Users\peter.staub\OneDrive - pom+Consulting AG\Daten\pom+Education\RIS_2026\dashboard\data\Reglemente\AG_Hausen.pdf,kein_online_treffer
4121,Villigen,AG,Bau- und Nutzungsordnung (BNO) der Gemeinde Villigen,ok,https://www.villigen.ch/media/bno_villigen.pdf,C:\Users\peter.staub\OneDrive - pom+Consulting AG\Daten\pom+Education\RIS_2026\dashboard\data\audit\bzo_downloads\Villigen.pdf,C:\Users\peter.staub\OneDrive - pom+Consulting AG\Daten\pom+Education\RIS_2026\dashboard\data\Reglemente\AG_Villigen.pdf,online_neuer
4121,Villigen,AG,Leitfaden_fuer_Baugesuche - villigen.ch,ok,https://www.villigen.ch/media/leitfaden_fuer_baugesuche_1.pdf,C:\Users\peter.staub\OneDrive - pom+Consulting AG\Daten\pom+Education\RIS_2026\dashboard\data\audit\bzo_downloads\Villigen_2.pdf,C:\Users\peter.staub\OneDrive - pom+Consulting AG\Daten\pom+Education\RIS_2026\dashboard\data\Reglemente\AG_Villigen.pdf,online_neuer
4121,Villigen,AG,Landschaftsentwicklungsprogramm LEP Brugg Regio,ok,https://www.lep-aargau.ch/app/uploads/2026/01/Bericht-LEP-Brugg-Regio-2026_01_20b_low.pdf,C:\Users\peter.staub\OneDrive - pom+Consulting AG\Daten\pom+Education\RIS_2026\dashboard\data\audit\bzo_downloads\Villigen_3.pdf,C:\Users\peter.staub\OneDrive - pom+Consulting AG\Daten\pom+Education\RIS_2026\dashboard\data\Reglemente\AG_Villigen.pdf,online_neuer
4121,Villigen,AG,Bau- und Nutzungsordnung (BNO) der Gemeinde Villigen,ok,https://www.villigen.ch/media/bno_villigen_1.pdf,C:\Users\peter.staub\OneDrive - pom+Consulting AG\Daten\pom+Education\RIS_2026\dashboard\data\audit\bzo_downloads\Villigen_4.pdf,C:\Users\peter.staub\OneDrive - pom+Consulting AG\Daten\pom+Education\RIS_2026\dashboard\data\Reglemente\AG_Villigen.pdf,online_neuer
4121,Villigen,AG,Allgemeines Feuerverbot im Villiger Wald,ok,https://www.villigen.ch/media/mitteilungsblatt_nr._19_vom_01.10.2026.pdf,C:\Users\peter.staub\OneDrive - pom+Consulting AG\Daten\pom+Education\RIS_2026\dashboard\data\audit\bzo_downloads\Villigen_5.pdf,C:\Users\peter.staub\OneDrive - pom+Consulting AG\Daten\pom+Education\RIS_2026\dashboard\data\Reglemente\AG_Villigen.pdf,online_neuer
4124,Bözberg,AG,,not_found,,,C:\Users\peter.staub\OneDrive - pom+Consulting AG\Daten\pom+Education\RIS_2026\dashboard\data\Reglemente\AG_Bözberg.pdf,kein_online_treffer
4125,Schinznach,AG,i n f o r m a t i o n,ok,https://www.wil-zh.ch/_docn/1225838/20160901_information_September_2016.pdf,C:\Users\peter.staub\OneDrive - pom+Consulting AG\Daten\pom+Education\RIS_2026\dashboard\data\audit\bzo_downloads\Schinznach.pdf,C:\Users\peter.staub\OneDrive - pom+Consulting AG\Daten\pom+Education\RIS_2026\dashboard\data\Reglemente\AG_Schinznach.pdf,unbekannt
4125,Schinznach,AG,i n f o r m a t i o n,ok,https://www.wil-zh.ch/_docn/1499558/20171121_information_Dezember_2017.pdf,C:\Users\peter.staub\OneDrive - pom+Consulting AG\Daten\pom+Education\RIS_2026\dashboard\data\audit\bzo_downloads\Schinznach_2.pdf,C:\Users\peter.staub\OneDrive - pom+Consulting AG\Daten\pom+Education\RIS_2026\dashboard\data\Reglemente\AG_Schinznach.pdf,unbekannt
4125,Schinznach,AG,GEMEINDE SCHINZNACH,download_failed,https://www.schinznach.ch/public/upload/assets/386/Bau-+und+Nutzungsordnung.pdf,,C:\Users\peter.staub\OneDrive - pom+Consulting AG\Daten\pom+Education\RIS_2026\dashboard\data\Reglemente\AG_Schinznach.pdf,online_neuer
4104,Lupfig,AG,,not_found,,,C:\Users\peter.staub\OneDrive - pom+Consulting AG\Daten\pom+Education\RIS_2026\dashboard\data\Reglemente\AG_Lupfig.pdf,kein_online_treffer
4095,Brugg,AG,,not_found,,,C:\Users\peter.staub\OneDrive - pom+Consulting AG\Daten\pom+Education\RIS_2026\dashboard\data\Reglemente\AG_Brugg.pdf,kein_online_treffer
4081,Widen,AG,Microsoft Word - BNO_20110720.docx - Widen,ok,https://www.widen.ch/public/upload/assets/148/BNO_20110712.pdf,C:\Users\peter.staub\OneDrive - pom+Consulting AG\Daten\pom+Education\RIS_2026\dashboard\data\audit\bzo_downloads\Widen.pdf,C:\Users\peter.staub\OneDrive - pom+Consulting AG\Daten\pom+Education\RIS_2026\dashboard\data\Reglemente\AG_Widen.pdf,lokal_aktuell
4081,Widen,AG,Bau- und Nutzungsordnung (BNO) - Killwangen,ok,https://www.killwangen.ch/fileadmin/00_website/07_Verwaltung/Bauverwaltung/BNO.pdf,C:\Users\peter.staub\OneDrive - pom+Consulting AG\Daten\pom+Education\RIS_2026\dashboard\data\audit\bzo_downloads\Widen_2.pdf,C:\Users\peter.staub\OneDrive - pom+Consulting AG\Daten\pom+Education\RIS_2026\dashboard\data\Reglemente\AG_Widen.pdf,lokal_aktuell
4081,Widen,AG,Microsoft Word - BE-Zonenplanaenderung Taegerhard-04-2012,ok,https://www.ag.ch/media/kanton-aargau/portal/aktuell/anhoerungen/kanton/archiv/wuerenlos/anpassung-allgemeine-nutzungsplanung.pdf,C:\Users\peter.staub\OneDrive - pom+Consulting AG\Daten\pom+Education\RIS_2026\dashboard\data\audit\bzo_downloads\Widen_3.pdf,C:\Users\peter.staub\OneDrive - pom+Consulting AG\Daten\pom+Education\RIS_2026\dashboard\data\Reglemente\AG_Widen.pdf,unbekannt
4081,Widen,AG,TÄSCHER GUGGER - gemeinde-taesch.ch,ok,https://www.gemeinde-taesch.ch/_docn/4437239/Tascher_Gugger_Nr._39.pdf,C:\Users\peter.staub\OneDrive - pom+Consulting AG\Daten\pom+Education\RIS_2026\dashboard\data\audit\bzo_downloads\Widen_4.pdf,C:\Users\peter.staub\OneDrive - pom+Consulting AG\Daten\pom+Education\RIS_2026\dashboard\data\Reglemente\AG_Widen.pdf,unbekannt
4081,Widen,AG,Ortsplanungsrevision Einwohnergeme - derendingen.ch,ok,https://www.derendingen.ch/wp-content/uploads/2024/11/U_Mitwirkungsbericht_orientierend.pdf,C:\Users\peter.staub\OneDrive - pom+Consulting AG\Daten\pom+Education\RIS_2026\dashboard\data\audit\bzo_downloads\Widen_5.pdf,C:\Users\peter.staub\OneDrive - pom+Consulting AG\Daten\pom+Education\RIS_2026\dashboard\data\Reglemente\AG_Widen.pdf,online_neuer
4083,Zufikon,AG,147_1 Zufikon BNO_unverbindliche Nachführung,download_failed,https://zufikon.ch/src/Bau-+und+Nutzungsordnung+BNO+Zufikon.pdf,,C:\Users\peter.staub\OneDrive - pom+Consulting AG\Daten\pom+Education\RIS_2026\dashboard\data\Reglemente\AG_Zufikon.pdf,lokal_aktuell
4083,Zufikon,AG,Leitfaden_fuer_Baugesuche - zufikon.ch,ok,https://zufikon.ch/src/Leitfaden_Baugesuche.pdf,C:\Users\peter.staub\OneDrive - pom+Consulting AG\Daten\pom+Education\RIS_2026\dashboard\data\audit\bzo_downloads\Zufikon_2.pdf,C:\Users\peter.staub\OneDrive - pom+Consulting AG\Daten\pom+Education\RIS_2026\dashboard\data\Reglemente\AG_Zufikon.pdf,lokal_aktuell
4083,Zufikon,AG,Microsoft Word - GebuehrenreglementBNO.doc - Zufikon,ok,https://zufikon.ch/src/BT_RE_Gebuehren_BNO.pdf,C:\Users\peter.staub\OneDrive - pom+Consulting AG\Daten\pom+Education\RIS_2026\dashboard\data\audit\bzo_downloads\Zufikon_3.pdf,C:\Users\peter.staub\OneDrive - pom+Consulting AG\Daten\pom+Education\RIS_2026\dashboard\data\Reglemente\AG_Zufikon.pdf,lokal_aktuell
4083,Zufikon,AG,Gemeinde Zufikon,ok,https://zufikon.ch/src/BT_RI_Zonenvorschriften_und_Plan.pdf,C:\Users\peter.staub\OneDrive - pom+Consulting AG\Daten\pom+Education\RIS_2026\dashboard\data\audit\bzo_downloads\Zufikon_4.pdf,C:\Users\peter.staub\OneDrive - pom+Consulting AG\Daten\pom+Education\RIS_2026\dashboard\data\Reglemente\AG_Zufikon.pdf,lokal_aktuell
4082,Wohlen (AG),AG,Wohlen_BZP_Verkleinerung_20140526,ok,https://www.wohlen.ch/_docn/1042754/Bauzonenplan_Wohlen.pdf,C:\Users\peter.staub\OneDrive - pom+Consulting AG\Daten\pom+Education\RIS_2026\dashboard\data\audit\bzo_downloads\Wohlen_AG.pdf,C:\Users\peter.staub\OneDrive - pom+Consulting AG\Daten\pom+Education\RIS_2026\dashboard\data\Reglemente\AG_Wohlen.pdf,unbekannt
4082,Wohlen (AG),AG,Einwohnergemeinde Wohlen Aktualisierung baurechtliche ...,ok,https://www.chinderhuus-wohlen.ch/wAssets/docs/beitraege/interne/Bau-und-Planung/Erlaeuterungsbericht-mit-Anhaengen-Auflage-3.pdf,C:\Users\peter.staub\OneDrive - pom+Consulting AG\Daten\pom+Education\RIS_2026\dashboard\data\audit\bzo_downloads\Wohlen_AG_2.pdf,C:\Users\peter.staub\OneDrive - pom+Consulting AG\Daten\pom+Education\RIS_2026\dashboard\data\Reglemente\AG_Wohlen.pdf,unbekannt
4082,Wohlen (AG),AG,1242_Wohlen_Planungsbericht_7_5_2012 - Kanton Aargau,ok,https://www.ag.ch/media/kanton-aargau/portal/aktuell/anhoerungen/kanton/archiv/wohlen/planungsbericht.pdf,C:\Users\peter.staub\OneDrive - pom+Consulting AG\Daten\pom+Education\RIS_2026\dashboard\data\audit\bzo_downloads\Wohlen_AG_3.pdf,C:\Users\peter.staub\OneDrive - pom+Consulting AG\Daten\pom+Education\RIS_2026\dashboard\data\Reglemente\AG_Wohlen.pdf,unbekannt
4082,Wohlen (AG),AG,änderung zonenplan oST und baureglemenT zone miT ...,ok,https://www.chinderhuus-wohlen.ch/wAssets/docs/aktuelles/beitraege/interne/Bau-und-Planung/ZPP-Sahlimatte-Erlaeuterungsbericht-Mitwirkung.pdf,C:\Users\peter.staub\OneDrive - pom+Consulting AG\Daten\pom+Education\RIS_2026\dashboard\data\audit\bzo_downloads\Wohlen_AG_4.pdf,C:\Users\peter.staub\OneDrive - pom+Consulting AG\Daten\pom+Education\RIS_2026\dashboard\data\Reglemente\AG_Wohlen.pdf,unbekannt
4082,Wohlen (AG),AG,Baureglement - wohlen-be.ch,ok,https://www.wohlen-be.ch/wAssets/docs/beitraege/interne/Bau-und-Planung/Baureglement-Auflage-3.pdf,C:\Users\peter.staub\OneDrive - pom+Consulting AG\Daten\pom+Education\RIS_2026\dashboard\data\audit\bzo_downloads\Wohlen_AG_5.pdf,C:\Users\peter.staub\OneDrive - pom+Consulting AG\Daten\pom+Education\RIS_2026\dashboard\data\Reglemente\AG_Wohlen.pdf,unbekannt
4077,Tägerig,AG,,not_found,,,C:\Users\peter.staub\OneDrive - pom+Consulting AG\Daten\pom+Education\RIS_2026\dashboard\data\Reglemente\AG_Tägerig.pdf,kein_online_treffer
4078,Uezwil,AG,Uezwil BNO_Entwurf_2021-06-07 2,ok,https://www.uezwil.ch/_docn/3176395/02_Bau-_und_Nutzungsordnung_2021-06-07.pdf,C:\Users\peter.staub\OneDrive - pom+Consulting AG\Daten\pom+Education\RIS_2026\dashboard\data\audit\bzo_downloads\Uezwil.pdf,C:\Users\peter.staub\OneDrive - pom+Consulting AG\Daten\pom+Education\RIS_2026\dashboard\data\Reglemente\AG_Uezwil.pdf,unbekannt
4078,Uezwil,AG,Baureglement inkl. Änderung 2022; Version für Referendum,ok,https://publikationen.sg.ch/fileadmin/ekab/community_laws/143/2022-09-28/Baureglement_inkl._Anhang.pdf,C:\Users\peter.staub\OneDrive - pom+Consulting AG\Daten\pom+Education\RIS_2026\dashboard\data\audit\bzo_downloads\Uezwil_2.pdf,C:\Users\peter.staub\OneDrive - pom+Consulting AG\Daten\pom+Education\RIS_2026\dashboard\data\Reglemente\AG_Uezwil.pdf,lokal_aktuell
4078,Uezwil,AG,Baureglement,ok,https://publikationen.sg.ch/fileadmin/ekab/community_laws/143/2019-06-20/Baureglement_01.pdf,C:\Users\peter.staub\OneDrive - pom+Consulting AG\Daten\pom+Education\RIS_2026\dashboard\data\audit\bzo_downloads\Uezwil_3.pdf,C:\Users\peter.staub\OneDrive - pom+Consulting AG\Daten\pom+Education\RIS_2026\dashboard\data\Reglemente\AG_Uezwil.pdf,lokal_aktuell
4078,Uezwil,AG,Rund ums Bauen - uzwil.ch,ok,https://www.uzwil.ch/gemeinde/dienstleistungen/bau-und-infrastruktur/baukultur/rund-ums-bauen.pdf,C:\Users\peter.staub\OneDrive - pom+Consulting AG\Daten\pom+Education\RIS_2026\dashboard\data\audit\bzo_downloads\Uezwil_4.pdf,C:\Users\peter.staub\OneDrive - pom+Consulting AG\Daten\pom+Education\RIS_2026\dashboard\data\Reglemente\AG_Uezwil.pdf,online_neuer
4078,Uezwil,AG,Einzonungen - Uezwil,ok,https://www.uezwil.ch/_docn/3176422/09_Mitwirkungsbericht_20210607.pdf,C:\Users\peter.staub\OneDrive - pom+Consulting AG\Daten\pom+Education\RIS_2026\dashboard\data\audit\bzo_downloads\Uezwil_5.pdf,C:\Users\peter.staub\OneDrive - pom+Consulting AG\Daten\pom+Education\RIS_2026\dashboard\data\Reglemente\AG_Uezwil.pdf,unbekannt
4079,Unterlunkhofen,AG,BAU- UND NUTZUNGSORDNUNG DER GEMEINDE UNTERKULM,download_failed,https://www.unterkulm.ch/public/upload/assets/4180/BNO+-+Bau-+und+Nutzungsordung.pdf,,C:\Users\peter.staub\OneDrive - pom+Consulting AG\Daten\pom+Education\RIS_2026\dashboard\data\Reglemente\AG_Unterlunkhofen.pdf,online_neuer
4079,Unterlunkhofen,AG,Bau- und Nutzungsordnung (BNO) - unterlunkhofen.ch,ok,https://www.unterlunkhofen.ch/public/upload/assets/1718/BNO_Bau-_und_Nutzungsordnung.pdf,C:\Users\peter.staub\OneDrive - pom+Consulting AG\Daten\pom+Education\RIS_2026\dashboard\data\audit\bzo_downloads\Unterlunkhofen_2.pdf,C:\Users\peter.staub\OneDrive - pom+Consulting AG\Daten\pom+Education\RIS_2026\dashboard\data\Reglemente\AG_Unterlunkhofen.pdf,lokal_aktuell
4079,Unterlunkhofen,AG,SD_BZR_07.02.2023 (mit Änderungen vom 27.11.2025),ok,https://www.gis-daten.ch/rd/BZR/SD_Bau-_und_Zonenreglement.pdf,C:\Users\peter.staub\OneDrive - pom+Consulting AG\Daten\pom+Education\RIS_2026\dashboard\data\audit\bzo_downloads\Unterlunkhofen_3.pdf,C:\Users\peter.staub\OneDrive - pom+Consulting AG\Daten\pom+Education\RIS_2026\dashboard\data\Reglemente\AG_Unterlunkhofen.pdf,online_neuer
4064,Büttikon,AG,Gemeinde Büttikon Bau- und Nutzungsordnung (BNO),ok,https://www.buettikon.ch/sites/default/files/2021-09/03a-107-BNO-Büttikon-2021-08-23.pdf,C:\Users\peter.staub\OneDrive - pom+Consulting AG\Daten\pom+Education\RIS_2026\dashboard\data\audit\bzo_downloads\Büttikon.pdf,C:\Users\peter.staub\OneDrive - pom+Consulting AG\Daten\pom+Education\RIS_2026\dashboard\data\Reglemente\AG_Büttikon.pdf,lokal_aktuell
4064,Büttikon,AG,Bau- und Nutzungsordnung - Dottikon,ok,https://www.dottikon.ch/wp-content/uploads/2022/01/Bau-und-Nutzungsordnung.pdf,C:\Users\peter.staub\OneDrive - pom+Consulting AG\Daten\pom+Education\RIS_2026\dashboard\data\audit\bzo_downloads\Büttikon_2.pdf,C:\Users\peter.staub\OneDrive - pom+Consulting AG\Daten\pom+Education\RIS_2026\dashboard\data\Reglemente\AG_Büttikon.pdf,online_neuer
4064,Büttikon,AG,Gesamtrevision Nutzungsplanung Mitwirkungsbericht Beilage 3 ...,ok,https://www.dietikon.ch/_docn/5338339/07-Beilage3_20240826_Mitwirkungsbericht.pdf,C:\Users\peter.staub\OneDrive - pom+Consulting AG\Daten\pom+Education\RIS_2026\dashboard\data\audit\bzo_downloads\Büttikon_3.pdf,C:\Users\peter.staub\OneDrive - pom+Consulting AG\Daten\pom+Education\RIS_2026\dashboard\data\Reglemente\AG_Büttikon.pdf,unbekannt
4064,Büttikon,AG,MARKTWERTSCHÄTZUNG - wohlen.ch,ok,https://www.wohlen.ch/_docn/5026102/Schätzung_rechtskräftig_Wohnung_gross_-_Nr._357-1.pdf,C:\Users\peter.staub\OneDrive - pom+Consulting AG\Daten\pom+Education\RIS_2026\dashboard\data\audit\bzo_downloads\Büttikon_4.pdf,C:\Users\peter.staub\OneDrive - pom+Consulting AG\Daten\pom+Education\RIS_2026\dashboard\data\Reglemente\AG_Büttikon.pdf,unbekannt
4064,Büttikon,AG,Gesamtrevision Nutzungsplanung Siedlung und Kulturland ...,ok,https://www.buettikon.ch/sites/default/files/2021-09/04-107-Planungsbericht-Büttikon-2021-08-23.pdf,C:\Users\peter.staub\OneDrive - pom+Consulting AG\Daten\pom+Education\RIS_2026\dashboard\data\audit\bzo_downloads\Büttikon_5.pdf,C:\Users\peter.staub\OneDrive - pom+Consulting AG\Daten\pom+Education\RIS_2026\dashboard\data\Reglemente\AG_Büttikon.pdf,lokal_aktuell
4062,Berikon,AG,BNO-GV - berikon.ch,ok,https://www.berikon.ch/_docn/5361898/Berikon_BNO_2.pdf,C:\Users\peter.staub\OneDrive - pom+Consulting AG\Daten\pom+Education\RIS_2026\dashboard\data\audit\bzo_downloads\Berikon.pdf,C:\Users\peter.staub\OneDrive - pom+Consulting AG\Daten\pom+Education\RIS_2026\dashboard\data\Reglemente\AG_Berikon.pdf,unbekannt
4062,Berikon,AG,Kulturlandschaftswandel in Berikon,ok,http://www.ika.ethz.ch/studium/projektarbeit/2008_berikon_bericht.pdf,C:\Users\peter.staub\OneDrive - pom+Consulting AG\Daten\pom+Education\RIS_2026\dashboard\data\audit\bzo_downloads\Berikon_2.pdf,C:\Users\peter.staub\OneDrive - pom+Consulting AG\Daten\pom+Education\RIS_2026\dashboard\data\Reglemente\AG_Berikon.pdf,online_neuer
4062,Berikon,AG,20220307_Birmensdorf_REK_Bericht,ok,https://www.birmensdorf.ch/_docn/3749359/Rumliches_Entwicklungskonzept_2040_Bericht.pdf,C:\Users\peter.staub\OneDrive - pom+Consulting AG\Daten\pom+Education\RIS_2026\dashboard\data\audit\bzo_downloads\Berikon_3.pdf,C:\Users\peter.staub\OneDrive - pom+Consulting AG\Daten\pom+Education\RIS_2026\dashboard\data\Reglemente\AG_Berikon.pdf,unbekannt
4062,Berikon,AG,AREAL ENTWICKLUNG BAHNHOF BERIKON,ok,https://www.berikon.ch/_docn/6738185/Arealentwicklung_Bahnhof_Berikon_-_Synthesebericht.pdf,C:\Users\peter.staub\OneDrive - pom+Consulting AG\Daten\pom+Education\RIS_2026\dashboard\data\audit\bzo_downloads\Berikon_4.pdf,C:\Users\peter.staub\OneDrive - pom+Consulting AG\Daten\pom+Education\RIS_2026\dashboard\data\Reglemente\AG_Berikon.pdf,unbekannt
4062,Berikon,AG,"Berikon, Rudolfstetten-Friedlisberg, Widen",ok,https://www.rudolfstetten.ch/_docn/1272861/Sachplantext_Regionaler_Sachplan_Zentrumsentwicklung_Mutschellen.pdf,C:\Users\peter.staub\OneDrive - pom+Consulting AG\Daten\pom+Education\RIS_2026\dashboard\data\audit\bzo_downloads\Berikon_5.pdf,C:\Users\peter.staub\OneDrive - pom+Consulting AG\Daten\pom+Education\RIS_2026\dashboard\data\Reglemente\AG_Berikon.pdf,unbekannt
4068,Hägglingen,AG,MARKTWERTSCHÄTZUNG - wohlen.ch,ok,https://www.wohlen.ch/_docn/5026102/Schätzung_rechtskräftig_Wohnung_gross_-_Nr._357-1.pdf,C:\Users\peter.staub\OneDrive - pom+Consulting AG\Daten\pom+Education\RIS_2026\dashboard\data\audit\bzo_downloads\Hägglingen.pdf,C:\Users\peter.staub\OneDrive - pom+Consulting AG\Daten\pom+Education\RIS_2026\dashboard\data\Reglemente\AG_Hägglingen.pdf,unbekannt
4068,Hägglingen,AG,Allgemeine Bedingungen und Auflagen für Baubewilligunge,download_failed,https://www.planora.ch/files/00_planora/Kompetenzen/Bauverwaltung/Online_Schalter_Haegglingen/Gemeindeordnung/Allgemeine+Bedingungen.pdf,,C:\Users\peter.staub\OneDrive - pom+Consulting AG\Daten\pom+Education\RIS_2026\dashboard\data\Reglemente\AG_Hägglingen.pdf,unbekannt
4068,Hägglingen,AG,Technisches Reglement für die Erschliessungsanlagen der ...,ok,https://www.planora.ch/files/00_planora/Kompetenzen/Bauverwaltung/Online_Schalter_Haegglingen/Gemeindeordnung/Naturschutzreglement.pdf,C:\Users\peter.staub\OneDrive - pom+Consulting AG\Daten\pom+Education\RIS_2026\dashboard\data\audit\bzo_downloads\Hägglingen_3.pdf,C:\Users\peter.staub\OneDrive - pom+Consulting AG\Daten\pom+Education\RIS_2026\dashboard\data\Reglemente\AG_Hägglingen.pdf,online_neuer
4068,Hägglingen,AG,Gestaltungsplan Eggental,download_failed,https://www.planora.ch/files/00_planora/Kompetenzen/Bauverwaltung/Online_Schalter_Haegglingen/Nutzungsplan/Gestaltungsplan+Eggental.pdf,,C:\Users\peter.staub\OneDrive - pom+Consulting AG\Daten\pom+Education\RIS_2026\dashboard\data\Reglemente\AG_Hägglingen.pdf,unbekannt
4067,Fischbach-Göslikon,AG,,not_found,,,C:\Users\peter.staub\OneDrive - pom+Consulting AG\Daten\pom+Education\RIS_2026\dashboard\data\Reglemente\AG_FischbachGöslikon.pdf,kein_online_treffer
4066,Eggenwil,AG,,not_found,,,C:\Users\peter.staub\OneDrive - pom+Consulting AG\Daten\pom+Education\RIS_2026\dashboard\data\Reglemente\AG_Eggenwil.pdf,kein_online_treffer
4065,Dottikon,AG,,not_found,,,C:\Users\peter.staub\OneDrive - pom+Consulting AG\Daten\pom+Education\RIS_2026\dashboard\data\Reglemente\AG_Dottikon.pdf,kein_online_treffer
4073,Oberlunkhofen,AG,516 BNO_Synopse - oberlunkhofen.ch,ok,https://www.oberlunkhofen.ch/public/upload/assets/2847/11_BNO_Synopse.pdf,C:\Users\peter.staub\OneDrive - pom+Consulting AG\Daten\pom+Education\RIS_2026\dashboard\data\audit\bzo_downloads\Oberlunkhofen.pdf,C:\Users\peter.staub\OneDrive - pom+Consulting AG\Daten\pom+Education\RIS_2026\dashboard\data\Reglemente\AG_Oberlunkhofen.pdf,lokal_aktuell
4073,Oberlunkhofen,AG,Gesamtrevision Nutzungsplanung - oberlunkhofen.ch,download_failed,https://www.oberlunkhofen.ch/public/upload/assets/2836/04+Planungsbericht.pdf,,C:\Users\peter.staub\OneDrive - pom+Consulting AG\Daten\pom+Education\RIS_2026\dashboard\data\Reglemente\AG_Oberlunkhofen.pdf,online_neuer
4073,Oberlunkhofen,AG,Planungsbericht - Oberlunkhofen,ok,https://www.oberlunkhofen.ch/public/upload/assets/2392/Planungsbericht_Mitwirkung.pdf,C:\Users\peter.staub\OneDrive - pom+Consulting AG\Daten\pom+Education\RIS_2026\dashboard\data\audit\bzo_downloads\Oberlunkhofen_3.pdf,C:\Users\peter.staub\OneDrive - pom+Consulting AG\Daten\pom+Education\RIS_2026\dashboard\data\Reglemente\AG_Oberlunkhofen.pdf,lokal_aktuell
4072,Niederwil (AG),AG,Wohnüberbauung Gratwohl Projektstudie - niederwil.ch,download_failed,https://www.niederwil.ch/sites/default/files/2024-09/Gestaltungsplan+Widematte+Teiländerung+Projektstudie+Meier+Architekten_1.pdf,,C:\Users\peter.staub\OneDrive - pom+Consulting AG\Daten\pom+Education\RIS_2026\dashboard\data\Reglemente\AG_Niederwil.pdf,online_neuer
4072,Niederwil (AG),AG,Gemeinde Niederwil,download_failed,https://niederwil.ch/sites/default/files/2024-06/Traktandum+7_Projekt+Gemeindehaus_1_Pflichtenheft+01.05.2024.pdf,,C:\Users\peter.staub\OneDrive - pom+Consulting AG\Daten\pom+Education\RIS_2026\dashboard\data\Reglemente\AG_Niederwil.pdf,online_neuer
4072,Niederwil (AG),AG,Baureglement der Einwohner gemeinde Riedholz - So,ok,https://planregister-data.so.ch/public/riedholz/15-BR.pdf,C:\Users\peter.staub\OneDrive - pom+Consulting AG\Daten\pom+Education\RIS_2026\dashboard\data\audit\bzo_downloads\Niederwil_AG_3.pdf,C:\Users\peter.staub\OneDrive - pom+Consulting AG\Daten\pom+Education\RIS_2026\dashboard\data\Reglemente\AG_Niederwil.pdf,lokal_aktuell
4072,Niederwil (AG),AG,CoLa-PDF - azeiger.ch,ok,https://azeiger.ch/wp-content/uploads/2026/09/Azeiger_40_2026.pdf,C:\Users\peter.staub\OneDrive - pom+Consulting AG\Daten\pom+Education\RIS_2026\dashboard\data\audit\bzo_downloads\Niederwil_AG_4.pdf,C:\Users\peter.staub\OneDrive - pom+Consulting AG\Daten\pom+Education\RIS_2026\dashboard\data\Reglemente\AG_Niederwil.pdf,online_neuer
4072,Niederwil (AG),AG,Gesamtrevision Nutzungsplanung Siedlung und Kulturland,download_failed,https://www.niederwil.ch/sites/default/files/2026-03/04+Planungsbericht+17.12.2025.pdf,,C:\Users\peter.staub\OneDrive - pom+Consulting AG\Daten\pom+Education\RIS_2026\dashboard\data\Reglemente\AG_Niederwil.pdf,online_neuer
4071,Jonen,AG,Bau- und Nutzungsordnung BNO 2002 _rechtskr\344ftig_ - Jonen,download_failed,https://www.jonen.ch/sites/default/files/2018-05/BNO+Bau+-+und+Nutzungsordnung.pdf,,C:\Users\peter.staub\OneDrive - pom+Consulting AG\Daten\pom+Education\RIS_2026\dashboard\data\Reglemente\AG_Jonen.pdf,unbekannt
4071,Jonen,AG,BZP 2500 - Jonen,ok,https://www.jonen.ch/sites/default/files/2024-03/Bauzonenplan.pdf,C:\Users\peter.staub\OneDrive - pom+Consulting AG\Daten\pom+Education\RIS_2026\dashboard\data\audit\bzo_downloads\Jonen_2.pdf,C:\Users\peter.staub\OneDrive - pom+Consulting AG\Daten\pom+Education\RIS_2026\dashboard\data\Reglemente\AG_Jonen.pdf,online_neuer
4071,Jonen,AG,Microsoft Word - 240607_JO_BNO_genehmigt.docx - jonen.ch,ok,https://www.jonen.ch/sites/default/files/2024-06/240607_JO_BNO_genehmigt.pdf,C:\Users\peter.staub\OneDrive - pom+Consulting AG\Daten\pom+Education\RIS_2026\dashboard\data\audit\bzo_downloads\Jonen_3.pdf,C:\Users\peter.staub\OneDrive - pom+Consulting AG\Daten\pom+Education\RIS_2026\dashboard\data\Reglemente\AG_Jonen.pdf,online_neuer
4071,Jonen,AG,Microsoft Word - 201210_BNO_Jonen_oSynopse.docx,ok,https://www.jonen.ch/sites/default/files/2020-12/201210_JO_BNO_oSynopse.pdf,C:\Users\peter.staub\OneDrive - pom+Consulting AG\Daten\pom+Education\RIS_2026\dashboard\data\audit\bzo_downloads\Jonen_4.pdf,C:\Users\peter.staub\OneDrive - pom+Consulting AG\Daten\pom+Education\RIS_2026\dashboard\data\Reglemente\AG_Jonen.pdf,lokal_aktuell
4071,Jonen,AG,drei Döref r – eni e Gemeni de dorf ig t i - Winkel,ok,https://www.winkel.ch/_docn/2987768/dorfziitig_Ma776rz_2021_web.pdf,C:\Users\peter.staub\OneDrive - pom+Consulting AG\Daten\pom+Education\RIS_2026\dashboard\data\audit\bzo_downloads\Jonen_5.pdf,C:\Users\peter.staub\OneDrive - pom+Consulting AG\Daten\pom+Education\RIS_2026\dashboard\data\Reglemente\AG_Jonen.pdf,unbekannt
4075,Rudolfstetten-Friedlisberg,AG,,not_found,,,C:\Users\peter.staub\OneDrive - pom+Consulting AG\Daten\pom+Education\RIS_2026\dashboard\data\Reglemente\AG_RudolfstettenFriedlisberg.pdf,kein_online_treffer
4076,Sarmenstorf,AG,,not_found,,,C:\Users\peter.staub\OneDrive - pom+Consulting AG\Daten\pom+Education\RIS_2026\dashboard\data\Reglemente\AG_Sarmenstorf.pdf,kein_online_treffer
4061,Arni (AG),AG,823_Arb_230417_BR_Arni_Publikumsversion - arnibe.ch,ok,https://www.arnibe.ch/images/files/Aktuell/823_Arb_230417_BR_Arni_Publikumsversion.pdf,C:\Users\peter.staub\OneDrive - pom+Consulting AG\Daten\pom+Education\RIS_2026\dashboard\data\audit\bzo_downloads\Arni_AG.pdf,C:\Users\peter.staub\OneDrive - pom+Consulting AG\Daten\pom+Education\RIS_2026\dashboard\data\Reglemente\AG_Arni.pdf,lokal_aktuell
4061,Arni (AG),AG,An die - Gemeinde Arni BE,ok,https://www.arnibe.ch/images/files/reglemente/Baureglement-inkl.-Gewaesserraum-26.11.2021.pdf,C:\Users\peter.staub\OneDrive - pom+Consulting AG\Daten\pom+Education\RIS_2026\dashboard\data\audit\bzo_downloads\Arni_AG_2.pdf,C:\Users\peter.staub\OneDrive - pom+Consulting AG\Daten\pom+Education\RIS_2026\dashboard\data\Reglemente\AG_Arni.pdf,lokal_aktuell
4061,Arni (AG),AG,Microsoft Word - 823_GBR_231207_Arni_Publikumsversion.docx,ok,https://www.arnibe.ch/images/files/reglemente/Baureglement-inkl.-Umsetzung-BMBV.pdf,C:\Users\peter.staub\OneDrive - pom+Consulting AG\Daten\pom+Education\RIS_2026\dashboard\data\audit\bzo_downloads\Arni_AG_3.pdf,C:\Users\peter.staub\OneDrive - pom+Consulting AG\Daten\pom+Education\RIS_2026\dashboard\data\Reglemente\AG_Arni.pdf,online_neuer
4061,Arni (AG),AG,Microsoft Word - 823_Arb_230612_BR_Arni_BMBV_Aenderung.docx,ok,https://www.arnibe.ch/images/files/Aktuell/Aenderung-des-Baureglements.pdf,C:\Users\peter.staub\OneDrive - pom+Consulting AG\Daten\pom+Education\RIS_2026\dashboard\data\audit\bzo_downloads\Arni_AG_4.pdf,C:\Users\peter.staub\OneDrive - pom+Consulting AG\Daten\pom+Education\RIS_2026\dashboard\data\Reglemente\AG_Arni.pdf,lokal_aktuell
4084,Islisberg,AG,,not_found,,,C:\Users\peter.staub\OneDrive - pom+Consulting AG\Daten\pom+Education\RIS_2026\dashboard\data\Reglemente\AG_Islisberg.pdf,kein_online_treffer
4074,Oberwil-Lieli,AG,BNO Vorlage GV - Oberwil-Lieli,download_failed,https://www.oberwil-lieli.ch/sites/default/files/2020-08/02+BNO.pdf,,C:\Users\peter.staub\OneDrive - pom+Consulting AG\Daten\pom+Education\RIS_2026\dashboard\data\Reglemente\AG_OberwilLieli.pdf,online_neuer
4074,Oberwil-Lieli,AG,3. TEIL ZONENVORSCHRIFTEN - oberwil-lieli.ch,download_failed,https://www.oberwil-lieli.ch/sites/default/files/2021-12/Bau-+und+Nutzungsordnung+(BNO).pdf,,C:\Users\peter.staub\OneDrive - pom+Consulting AG\Daten\pom+Education\RIS_2026\dashboard\data\Reglemente\AG_OberwilLieli.pdf,online_neuer
4074,Oberwil-Lieli,AG,ZONENREGLEMENT SIEDLUNG DER GEMEINDE OBERWIL,ok,https://www.oberwil.ch/_docn/1222238/Zonenreglement_Siedlung_Gesamtdarstellung.pdf,C:\Users\peter.staub\OneDrive - pom+Consulting AG\Daten\pom+Education\RIS_2026\dashboard\data\audit\bzo_downloads\Oberwil-Lieli_3.pdf,C:\Users\peter.staub\OneDrive - pom+Consulting AG\Daten\pom+Education\RIS_2026\dashboard\data\Reglemente\AG_OberwilLieli.pdf,unbekannt
4074,Oberwil-Lieli,AG,Microsoft Word - BNO Oberwil-Lieli 2018-10-30.docx,download_failed,https://www.oberwil-lieli.ch/sites/default/files/2018-11/02+BNO.pdf,,C:\Users\peter.staub\OneDrive - pom+Consulting AG\Daten\pom+Education\RIS_2026\dashboard\data\Reglemente\AG_OberwilLieli.pdf,online_neuer
4074,Oberwil-Lieli,AG,Bauordnung - Oberwil-Lieli,ok,https://www.oberwil-lieli.ch/sites/default/files/2017-11/BO-2009_07.2017.pdf,C:\Users\peter.staub\OneDrive - pom+Consulting AG\Daten\pom+Education\RIS_2026\dashboard\data\audit\bzo_downloads\Oberwil-Lieli_5.pdf,C:\Users\peter.staub\OneDrive - pom+Consulting AG\Daten\pom+Education\RIS_2026\dashboard\data\Reglemente\AG_OberwilLieli.pdf,lokal_aktuell
4080,Villmergen,AG,GESAMTREVISION NUTZUNGSPLANUNG SIEDLUNG UND KULTURLAND,ok,https://www.villmergen.ch/_docn/3262769/Nutzungsplan_Siedlung_und_Kulturland.pdf,C:\Users\peter.staub\OneDrive - pom+Consulting AG\Daten\pom+Education\RIS_2026\dashboard\data\audit\bzo_downloads\Villmergen.pdf,C:\Users\peter.staub\OneDrive - pom+Consulting AG\Daten\pom+Education\RIS_2026\dashboard\data\Reglemente\AG_Villmergen.pdf,unbekannt
4080,Villmergen,AG,Map Villmergen logistics center - media.post.ch,ok,https://media.post.ch/files/4vfch9m7/production-2026-09-29/64d554dcecb7aca947f480ad8644ceb5aae71c0d.pdf,C:\Users\peter.staub\OneDrive - pom+Consulting AG\Daten\pom+Education\RIS_2026\dashboard\data\audit\bzo_downloads\Villmergen_2.pdf,C:\Users\peter.staub\OneDrive - pom+Consulting AG\Daten\pom+Education\RIS_2026\dashboard\data\Reglemente\AG_Villmergen.pdf,online_neuer
4063,Bremgarten (AG),AG,,not_found,,,C:\Users\peter.staub\OneDrive - pom+Consulting AG\Daten\pom+Education\RIS_2026\dashboard\data\Reglemente\AG_Bremgarten.pdf,kein_online_treffer
4045,Wettingen,AG,Bau- und Nutzungsordnung (BNO) - zukunft-wettingen.ch,ok,https://www.zukunft-wettingen.ch/fileadmin/seiteninhalt/allgemeine_nutzungsplanung/downloads/1.2_anup_oea_bno_synopse_hinweise_grat_250710.pdf,C:\Users\peter.staub\OneDrive - pom+Consulting AG\Daten\pom+Education\RIS_2026\dashboard\data\audit\bzo_downloads\Wettingen.pdf,C:\Users\peter.staub\OneDrive - pom+Consulting AG\Daten\pom+Education\RIS_2026\dashboard\data\Reglemente\AG_Wettingen.pdf,online_neuer
4045,Wettingen,AG,Bau- und Nutzungsordnung (BNO) - Zukunft Wettingen,ok,https://zukunft-wettingen.ch/fileadmin/seiteninhalt/allgemeine_nutzungsplanung/downloads/mitwirkungsauflage_bau-_und_nutzungsordnung.pdf,C:\Users\peter.staub\OneDrive - pom+Consulting AG\Daten\pom+Education\RIS_2026\dashboard\data\audit\bzo_downloads\Wettingen_2.pdf,C:\Users\peter.staub\OneDrive - pom+Consulting AG\Daten\pom+Education\RIS_2026\dashboard\data\Reglemente\AG_Wettingen.pdf,online_neuer
4048,Würenlos,AG,Bau- und Nutzungsordnung (BNO) - Würenlos,ok,https://www.wuerenlos.ch/fileadmin/00_website/Online-Schalter/Rechtserlasse/Einwohnergemeinde/bau_und_nutzungsordnung.pdf,C:\Users\peter.staub\OneDrive - pom+Consulting AG\Daten\pom+Education\RIS_2026\dashboard\data\audit\bzo_downloads\Würenlos.pdf,C:\Users\peter.staub\OneDrive - pom+Consulting AG\Daten\pom+Education\RIS_2026\dashboard\data\Reglemente\AG_Würenlos.pdf,online_neuer
4048,Würenlos,AG,Gemeinde Würenlos Einleitende formelle Bemerkunge,ok,https://www.wuerenlos.ch/fileadmin/00_website/BNO-Gesamtrevision/oeffentliche_Auflage/03-176.1-BNO_Wuerenlos_2024-02-12-oeff-Auflage.pdf,C:\Users\peter.staub\OneDrive - pom+Consulting AG\Daten\pom+Education\RIS_2026\dashboard\data\audit\bzo_downloads\Würenlos_2.pdf,C:\Users\peter.staub\OneDrive - pom+Consulting AG\Daten\pom+Education\RIS_2026\dashboard\data\Reglemente\AG_Würenlos.pdf,online_neuer
4048,Würenlos,AG,"DEPARTEMENT BAU, VERKEHR UND UMWELT Abteilung Raumentwicklung",ok,https://www.ag.ch/media/kanton-aargau/bvu/raumentwicklung/grundlagen-und-kantonalplanung/richtplanung/mitwirkung/2026-wettingen-tagerhardaecher/wettingen-info-anhoerung.pdf,C:\Users\peter.staub\OneDrive - pom+Consulting AG\Daten\pom+Education\RIS_2026\dashboard\data\audit\bzo_downloads\Würenlos_3.pdf,C:\Users\peter.staub\OneDrive - pom+Consulting AG\Daten\pom+Education\RIS_2026\dashboard\data\Reglemente\AG_Würenlos.pdf,unbekannt
4048,Würenlos,AG,G_BNO - Würenlingen,ok,https://www.wuerenlingen.ch/fileadmin/00_website/Online-Schalter/Bauverwaltung/BNO_2016_A5_01.pdf,C:\Users\peter.staub\OneDrive - pom+Consulting AG\Daten\pom+Education\RIS_2026\dashboard\data\audit\bzo_downloads\Würenlos_4.pdf,C:\Users\peter.staub\OneDrive - pom+Consulting AG\Daten\pom+Education\RIS_2026\dashboard\data\Reglemente\AG_Würenlos.pdf,online_neuer
4048,Würenlos,AG,Seminar Siedlungsqualität in der Ortsplanung,ok,https://www.espacesuisse.ch/sites/default/files/documents/1_Werf_SQ_25_Biel_Einstieg_0.pdf,C:\Users\peter.staub\OneDrive - pom+Consulting AG\Daten\pom+Education\RIS_2026\dashboard\data\audit\bzo_downloads\Würenlos_5.pdf,C:\Users\peter.staub\OneDrive - pom+Consulting AG\Daten\pom+Education\RIS_2026\dashboard\data\Reglemente\AG_Würenlos.pdf,online_neuer
4047,Würenlingen,AG,G_BNO - Würenlingen,ok,https://www.wuerenlingen.ch/fileadmin/00_website/Online-Schalter/Bauverwaltung/BNO_2016_A5_01.pdf,C:\Users\peter.staub\OneDrive - pom+Consulting AG\Daten\pom+Education\RIS_2026\dashboard\data\audit\bzo_downloads\Würenlingen.pdf,C:\Users\peter.staub\OneDrive - pom+Consulting AG\Daten\pom+Education\RIS_2026\dashboard\data\Reglemente\AG_Würenlingen.pdf,online_neuer
4047,Würenlingen,AG,"Bauherrschaft: Raiffeisenbank Siggenthal-Würenlingen,",ok,https://www.untersiggenthal.ch/wAssets/docs/Baugesuche/BG-Raiffeisen.pdf,C:\Users\peter.staub\OneDrive - pom+Consulting AG\Daten\pom+Education\RIS_2026\dashboard\data\audit\bzo_downloads\Würenlingen_2.pdf,C:\Users\peter.staub\OneDrive - pom+Consulting AG\Daten\pom+Education\RIS_2026\dashboard\data\Reglemente\AG_Würenlingen.pdf,unbekannt
4047,Würenlingen,AG,BAUZONENPLAN - Würenlingen,ok,https://www.wuerenlingen.ch/fileadmin/00_website/Online-Schalter/Bauverwaltung/BNO_Bauzonenplan_2016.pdf,C:\Users\peter.staub\OneDrive - pom+Consulting AG\Daten\pom+Education\RIS_2026\dashboard\data\audit\bzo_downloads\Würenlingen_3.pdf,C:\Users\peter.staub\OneDrive - pom+Consulting AG\Daten\pom+Education\RIS_2026\dashboard\data\Reglemente\AG_Würenlingen.pdf,online_neuer
4047,Würenlingen,AG,"Planung & Tiefbau, 541 5 Obersiggenthal - Würenlingen",ok,https://www.wuerenlingen.ch/fileadmin/00_website/08_OnlineSchalter/Bauverwaltung/Bauzonenplan_NEU.pdf,C:\Users\peter.staub\OneDrive - pom+Consulting AG\Daten\pom+Education\RIS_2026\dashboard\data\audit\bzo_downloads\Würenlingen_4.pdf,C:\Users\peter.staub\OneDrive - pom+Consulting AG\Daten\pom+Education\RIS_2026\dashboard\data\Reglemente\AG_Würenlingen.pdf,online_neuer
4047,Würenlingen,AG,Masterplan_Wuerenlingen_REVIDIERT,ok,https://www.wuerenlingen.ch/fileadmin/Masterplan_Ortskern.pdf,C:\Users\peter.staub\OneDrive - pom+Consulting AG\Daten\pom+Education\RIS_2026\dashboard\data\audit\bzo_downloads\Würenlingen_5.pdf,C:\Users\peter.staub\OneDrive - pom+Consulting AG\Daten\pom+Education\RIS_2026\dashboard\data\Reglemente\AG_Würenlingen.pdf,online_neuer
4046,Wohlenschwil,AG,S55C-0i24100918180 - wohlenschwil.ch,ok,https://www.wohlenschwil.ch/fileadmin/00_website/Online-Schalter/datasheet/Bauverwaltung/Bau-_und_Nutzungsordnung_inkl._Anhang_BNO_21.08.2024_01.pdf,C:\Users\peter.staub\OneDrive - pom+Consulting AG\Daten\pom+Education\RIS_2026\dashboard\data\audit\bzo_downloads\Wohlenschwil.pdf,C:\Users\peter.staub\OneDrive - pom+Consulting AG\Daten\pom+Education\RIS_2026\dashboard\data\Reglemente\AG_Wohlenschwil.pdf,online_neuer
4046,Wohlenschwil,AG,Gemeinde Wohlenschwil Bau- und Nutzungsordnung (BNO),ok,https://www.wohlenschwil.ch/fileadmin/00_website/Online-Schalter/datasheet/Gemeindeversammlung/Teilrevision_BNO__Bau-_und_Nutzungsordnung_Synopse.pdf,C:\Users\peter.staub\OneDrive - pom+Consulting AG\Daten\pom+Education\RIS_2026\dashboard\data\audit\bzo_downloads\Wohlenschwil_2.pdf,C:\Users\peter.staub\OneDrive - pom+Consulting AG\Daten\pom+Education\RIS_2026\dashboard\data\Reglemente\AG_Wohlenschwil.pdf,online_neuer
4046,Wohlenschwil,AG,158-BNO_wo2012-01-23 - Wohlenschwil,ok,https://www.wohlenschwil.ch/fileadmin/00_website/resources/05_UmweltVerkehr/Bau/Bau-_und_Nutzungsordnung_BNO_7.3.2012.pdf,C:\Users\peter.staub\OneDrive - pom+Consulting AG\Daten\pom+Education\RIS_2026\dashboard\data\audit\bzo_downloads\Wohlenschwil_3.pdf,C:\Users\peter.staub\OneDrive - pom+Consulting AG\Daten\pom+Education\RIS_2026\dashboard\data\Reglemente\AG_Wohlenschwil.pdf,online_neuer
4046,Wohlenschwil,AG,Bau- und Nutzungsordnung (BNO),ok,https://cms.e-mitwirkung.ch/media/kas/04_G_BNO_28.11.22.pdf,C:\Users\peter.staub\OneDrive - pom+Consulting AG\Daten\pom+Education\RIS_2026\dashboard\data\audit\bzo_downloads\Wohlenschwil_4.pdf,C:\Users\peter.staub\OneDrive - pom+Consulting AG\Daten\pom+Education\RIS_2026\dashboard\data\Reglemente\AG_Wohlenschwil.pdf,lokal_aktuell
4046,Wohlenschwil,AG,Zustandsbericht Einzugsgebiet - wohlenschwil.ch,ok,https://www.wohlenschwil.ch/fileadmin/00_website/PDF-Liste/Aktuelles/Allgemein/PB_GP_Oberberg_Mitwirkung__2022-02-03.pdf,C:\Users\peter.staub\OneDrive - pom+Consulting AG\Daten\pom+Education\RIS_2026\dashboard\data\audit\bzo_downloads\Wohlenschwil_5.pdf,C:\Users\peter.staub\OneDrive - pom+Consulting AG\Daten\pom+Education\RIS_2026\dashboard\data\Reglemente\AG_Wohlenschwil.pdf,online_neuer
4040,Spreitenbach,AG,BAU- UND NUTZUNGSORDNUNG (BNO) - Spreitenbach,ok,https://www.spreitenbach.ch/fileadmin/user_upload/Bau-_und_Nutzungsordnung_BNO_2003__Stand_2009__gueltig_ab_21._April_2009_.pdf,C:\Users\peter.staub\OneDrive - pom+Consulting AG\Daten\pom+Education\RIS_2026\dashboard\data\audit\bzo_downloads\Spreitenbach.pdf,C:\Users\peter.staub\OneDrive - pom+Consulting AG\Daten\pom+Education\RIS_2026\dashboard\data\Reglemente\AG_Spreitenbach.pdf,online_neuer
4040,Spreitenbach,AG,Gemeinde Spreitenbach Einleitende formelle Bemerkungen,ok,https://www.spreitenbach.ch/fileadmin/00_website/07_Verwaltung/Planung_und_Bau/Mitwirkungen_und_Auflagen/03-149-BNO_Spreitenbach-2022-07-25.pdf,C:\Users\peter.staub\OneDrive - pom+Consulting AG\Daten\pom+Education\RIS_2026\dashboard\data\audit\bzo_downloads\Spreitenbach_2.pdf,C:\Users\peter.staub\OneDrive - pom+Consulting AG\Daten\pom+Education\RIS_2026\dashboard\data\Reglemente\AG_Spreitenbach.pdf,online_neuer
4040,Spreitenbach,AG,BAU- UND NUTZUNGSORDNUNG (BNO) - windland.ch,ok,http://www.windland.ch/doku_wind/BNO_Spreitenbach_2008.pdf,C:\Users\peter.staub\OneDrive - pom+Consulting AG\Daten\pom+Education\RIS_2026\dashboard\data\audit\bzo_downloads\Spreitenbach_3.pdf,C:\Users\peter.staub\OneDrive - pom+Consulting AG\Daten\pom+Education\RIS_2026\dashboard\data\Reglemente\AG_Spreitenbach.pdf,online_neuer
4040,Spreitenbach,AG,Nutzungsplanung Gemeinde Spreitenbach Gesamtrevision ...,ok,https://zpl.ch/files/zpl/VS-Unterlagen/pdf_4/2022-11-23-Stellungnahme-ZPL-Gesamtrevision-NuPla-Spreitenbach.pdf,C:\Users\peter.staub\OneDrive - pom+Consulting AG\Daten\pom+Education\RIS_2026\dashboard\data\audit\bzo_downloads\Spreitenbach_4.pdf,C:\Users\peter.staub\OneDrive - pom+Consulting AG\Daten\pom+Education\RIS_2026\dashboard\data\Reglemente\AG_Spreitenbach.pdf,lokal_aktuell
4040,Spreitenbach,AG,Strassenlärm Sanierungsprojekt (LSP - spreitenbach.ch,ok,https://www.spreitenbach.ch/fileadmin/00_website/02_Leben/Bau_und_Planung/Strassenlaerm_Sanierungsprojekt_LSP__Bericht.pdf,C:\Users\peter.staub\OneDrive - pom+Consulting AG\Daten\pom+Education\RIS_2026\dashboard\data\audit\bzo_downloads\Spreitenbach_5.pdf,C:\Users\peter.staub\OneDrive - pom+Consulting AG\Daten\pom+Education\RIS_2026\dashboard\data\Reglemente\AG_Spreitenbach.pdf,online_neuer
4041,Stetten (AG),AG,"Beitrags- und Gebührenordnung - Stetten, Schaffhausen",ok,https://stetten.ch/wp-content/uploads/2021/09/Finale-Bauordnung-mit-Aenderungen-RRB.pdf,C:\Users\peter.staub\OneDrive - pom+Consulting AG\Daten\pom+Education\RIS_2026\dashboard\data\audit\bzo_downloads\Stetten_AG.pdf,C:\Users\peter.staub\OneDrive - pom+Consulting AG\Daten\pom+Education\RIS_2026\dashboard\data\Reglemente\AG_Stetten.pdf,online_neuer
4041,Stetten (AG),AG,"Beitrags- und Gebührenordnung - Stetten, Schaffhausen",ok,https://stetten.ch/wp-content/uploads/2020/02/02-Bauordnung_inkl.-Anhang_2020-02-14.pdf,C:\Users\peter.staub\OneDrive - pom+Consulting AG\Daten\pom+Education\RIS_2026\dashboard\data\audit\bzo_downloads\Stetten_AG_2.pdf,C:\Users\peter.staub\OneDrive - pom+Consulting AG\Daten\pom+Education\RIS_2026\dashboard\data\Reglemente\AG_Stetten.pdf,online_neuer
4041,Stetten (AG),AG,Bau- und Nutzungsordnung (BNO) - E-Mitwirkung CMS,ok,https://cms.e-mitwirkung.ch/media/kas/04_G_BNO_05.04.24.pdf,C:\Users\peter.staub\OneDrive - pom+Consulting AG\Daten\pom+Education\RIS_2026\dashboard\data\audit\bzo_downloads\Stetten_AG_3.pdf,C:\Users\peter.staub\OneDrive - pom+Consulting AG\Daten\pom+Education\RIS_2026\dashboard\data\Reglemente\AG_Stetten.pdf,online_neuer
4041,Stetten (AG),AG,Musterbauordnung Dez./Jan. Korrex - stetten-ag.ch,download_failed,https://stetten-ag.ch/data/pdf/1628169752_BNO+2005;+Rechtskräftig+durch+Gemeindeversammlung+am+17.06.2021.pdf,,C:\Users\peter.staub\OneDrive - pom+Consulting AG\Daten\pom+Education\RIS_2026\dashboard\data\Reglemente\AG_Stetten.pdf,lokal_aktuell
4041,Stetten (AG),AG,"Teilrevision Nutzungsplanung 2019 - Stetten, Schaffhausen",ok,https://stetten.ch/wp-content/uploads/2020/02/01-Bauordnung-Synoptische-Darstellung-2020-02-14.pdf,C:\Users\peter.staub\OneDrive - pom+Consulting AG\Daten\pom+Education\RIS_2026\dashboard\data\audit\bzo_downloads\Stetten_AG_5.pdf,C:\Users\peter.staub\OneDrive - pom+Consulting AG\Daten\pom+Education\RIS_2026\dashboard\data\Reglemente\AG_Stetten.pdf,online_neuer
4044,Untersiggenthal,AG,Scanned document - Untersiggenthal,ok,https://www.untersiggenthal.ch/wAssets/docs/dienstleistungen/Bau-und-Nutzungsordnung-mit-Deckblatt.pdf,C:\Users\peter.staub\OneDrive - pom+Consulting AG\Daten\pom+Education\RIS_2026\dashboard\data\audit\bzo_downloads\Untersiggenthal.pdf,C:\Users\peter.staub\OneDrive - pom+Consulting AG\Daten\pom+Education\RIS_2026\dashboard\data\Reglemente\AG_Untersiggenthal.pdf,unbekannt
4044,Untersiggenthal,AG,BNO Obersiggenthal 1. und 2. Teil,download_failed,https://www.obersiggenthal.ch/fileadmin/00_website/online-schalter/Rechtserlasse/01+Gemeindereglemente/20150807_BNO_Obersiggenthal_mit_Anhang_01.pdf,,C:\Users\peter.staub\OneDrive - pom+Consulting AG\Daten\pom+Education\RIS_2026\dashboard\data\Reglemente\AG_Untersiggenthal.pdf,unbekannt
4044,Untersiggenthal,AG,«Schlüssel» Herbst 2015 - Untersiggenthal,ok,https://www.untersiggenthal.ch/wAssets/docs/Schluessel/archiv/15_Schluessel_Herbst-2015-N03_04.pdf,C:\Users\peter.staub\OneDrive - pom+Consulting AG\Daten\pom+Education\RIS_2026\dashboard\data\audit\bzo_downloads\Untersiggenthal_3.pdf,C:\Users\peter.staub\OneDrive - pom+Consulting AG\Daten\pom+Education\RIS_2026\dashboard\data\Reglemente\AG_Untersiggenthal.pdf,unbekannt
4044,Untersiggenthal,AG,GEMEINDE OBERSIGGENTHAL,download_failed,https://www.obersiggenthal.ch/fileadmin/00_website/online-schalter/Abteilung+Bau+und+Planung/Bauwesen/20140319_Bauzonenplan.pdf,,C:\Users\peter.staub\OneDrive - pom+Consulting AG\Daten\pom+Education\RIS_2026\dashboard\data\Reglemente\AG_Untersiggenthal.pdf,unbekannt
4044,Untersiggenthal,AG,250103 Ausschreibungstext Rundschau - untersiggenthal.ch,ok,https://www.untersiggenthal.ch/wAssets/docs/Baugesuche/Oberi-Niderwis/BG_2024_0077_Oberi_Niderwis_Ausschreibung_Dokumentationen.pdf,C:\Users\peter.staub\OneDrive - pom+Consulting AG\Daten\pom+Education\RIS_2026\dashboard\data\audit\bzo_downloads\Untersiggenthal_5.pdf,C:\Users\peter.staub\OneDrive - pom+Consulting AG\Daten\pom+Education\RIS_2026\dashboard\data\Reglemente\AG_Untersiggenthal.pdf,unbekannt
4023,Bergdietikon,AG,"Bergdietikon AG, Gefahrenkarte Massenbewegungen",ok,https://www.ag.ch/media/kanton-aargau/bvu/umwelt-natur/geologie/naturgefahren/technischer-bericht-gefahrenkarte-massenbewegungen-bergdietikon.pdf,C:\Users\peter.staub\OneDrive - pom+Consulting AG\Daten\pom+Education\RIS_2026\dashboard\data\audit\bzo_downloads\Bergdietikon.pdf,C:\Users\peter.staub\OneDrive - pom+Consulting AG\Daten\pom+Education\RIS_2026\dashboard\data\Reglemente\AG_Bergdietikon.pdf,unbekannt
4023,Bergdietikon,AG,Bauordnung - Dietikon,ok,https://www.dietikon.ch/_docn/3749869/710.1_Bauordnung.pdf,C:\Users\peter.staub\OneDrive - pom+Consulting AG\Daten\pom+Education\RIS_2026\dashboard\data\audit\bzo_downloads\Bergdietikon_2.pdf,C:\Users\peter.staub\OneDrive - pom+Consulting AG\Daten\pom+Education\RIS_2026\dashboard\data\Reglemente\AG_Bergdietikon.pdf,unbekannt
4023,Bergdietikon,AG,RAUMPLANUNG UND VERKEHR Alterswohnen und Bauzonen: Darauf ...,ok,https://www.schweizer-gemeinde.ch/fileadmin/article_pdfs/65113_Deutsch_SGV_Schweizer_Gemeinde_.pdf,C:\Users\peter.staub\OneDrive - pom+Consulting AG\Daten\pom+Education\RIS_2026\dashboard\data\audit\bzo_downloads\Bergdietikon_3.pdf,C:\Users\peter.staub\OneDrive - pom+Consulting AG\Daten\pom+Education\RIS_2026\dashboard\data\Reglemente\AG_Bergdietikon.pdf,lokal_aktuell
4022,Bellikon,AG,,not_found,,,C:\Users\peter.staub\OneDrive - pom+Consulting AG\Daten\pom+Education\RIS_2026\dashboard\data\Reglemente\AG_Bellikon.pdf,kein_online_treffer
4024,Birmenstorf (AG),AG,,not_found,,,C:\Users\peter.staub\OneDrive - pom+Consulting AG\Daten\pom+Education\RIS_2026\dashboard\data\Reglemente\AG_Birmenstorf.pdf,kein_online_treffer
4028,Freienwil,AG,Microsoft Word - Bau- und Nutzungsordnung_2014 - lengnau-ag.ch,ok,https://www.lengnau-ag.ch/_docn/1794356/BNO_Bau-_und_Nutzungsordnung_2014.pdf,C:\Users\peter.staub\OneDrive - pom+Consulting AG\Daten\pom+Education\RIS_2026\dashboard\data\audit\bzo_downloads\Freienwil.pdf,C:\Users\peter.staub\OneDrive - pom+Consulting AG\Daten\pom+Education\RIS_2026\dashboard\data\Reglemente\AG_Freienwil.pdf,unbekannt
4028,Freienwil,AG,1637_ZPL_396x228__mit_Legende_16 - a-welle.ch,ok,https://www.a-welle.ch/fileadmin/seiteninhalt/dokumente/2017/1637_ZPL_396x228__mit_Legende_16_high.pdf,C:\Users\peter.staub\OneDrive - pom+Consulting AG\Daten\pom+Education\RIS_2026\dashboard\data\audit\bzo_downloads\Freienwil_2.pdf,C:\Users\peter.staub\OneDrive - pom+Consulting AG\Daten\pom+Education\RIS_2026\dashboard\data\Reglemente\AG_Freienwil.pdf,lokal_aktuell
4028,Freienwil,AG,Luzerner Kantonsblatt 36-2007,ok,https://wahlen-abstimmungen.lu.ch/app/archive/Kantonsblatt/kb-07-36.pdf,C:\Users\peter.staub\OneDrive - pom+Consulting AG\Daten\pom+Education\RIS_2026\dashboard\data\audit\bzo_downloads\Freienwil_3.pdf,C:\Users\peter.staub\OneDrive - pom+Consulting AG\Daten\pom+Education\RIS_2026\dashboard\data\Reglemente\AG_Freienwil.pdf,online_neuer
4028,Freienwil,AG,Raumplanung in Freienwil,download_failed,https://freienwil-transparent.ch/images/inhalt/BNO_Revision/20221017+Mitwirkungsverfahren+Neue+BNO/20221019+Ausstellung+zur+BNO-Revision+-+Informationsplakate.pdf,,C:\Users\peter.staub\OneDrive - pom+Consulting AG\Daten\pom+Education\RIS_2026\dashboard\data\Reglemente\AG_Freienwil.pdf,unbekannt
4028,Freienwil,AG,3. Revision BNO Heutiges System - freienwil-transparent.ch,download_failed,https://freienwil-transparent.ch/images/inhalt/BNO_Revision/20220524+Info+vor+EWGV+23.6.2022+zu+BNO.pdf,,C:\Users\peter.staub\OneDrive - pom+Consulting AG\Daten\pom+Education\RIS_2026\dashboard\data\Reglemente\AG_Freienwil.pdf,unbekannt
4027,Fislisbach,AG,,not_found,,,C:\Users\peter.staub\OneDrive - pom+Consulting AG\Daten\pom+Education\RIS_2026\dashboard\data\Reglemente\AG_Fislisbach.pdf,kein_online_treffer
4029,Gebenstorf,AG,Bau- und Nutzungsordnung (BNO) - Gebenstorf,ok,https://www.gebenstorf.ch/de/verwaltung/dokumente/dokumente/Bau-und-Nutzungsordnung.pdf,C:\Users\peter.staub\OneDrive - pom+Consulting AG\Daten\pom+Education\RIS_2026\dashboard\data\audit\bzo_downloads\Gebenstorf.pdf,C:\Users\peter.staub\OneDrive - pom+Consulting AG\Daten\pom+Education\RIS_2026\dashboard\data\Reglemente\AG_Gebenstorf.pdf,unbekannt
4029,Gebenstorf,AG,Teilrevision Bau- und Nutzungsordnung (BNO) - gebenstorf.ch,ok,https://www.gebenstorf.ch/wAssets/docs/aktuelles-projekte/mitwirken/Projektunterlagen/Teilaenderung-Nutzungsplanung-Geelig/Synopse-BNO-revidiert.pdf,C:\Users\peter.staub\OneDrive - pom+Consulting AG\Daten\pom+Education\RIS_2026\dashboard\data\audit\bzo_downloads\Gebenstorf_2.pdf,C:\Users\peter.staub\OneDrive - pom+Consulting AG\Daten\pom+Education\RIS_2026\dashboard\data\Reglemente\AG_Gebenstorf.pdf,unbekannt
4029,Gebenstorf,AG,Teilrevision der Nutzungsplanung 2024 Änderung der Bau- und ...,ok,"https://www.frick.ch/_docn/5787655/Traktandum_4,_Teilrevision_Nutzungsplanung,_BNO,_Synopse,_Reinversion.pdf",C:\Users\peter.staub\OneDrive - pom+Consulting AG\Daten\pom+Education\RIS_2026\dashboard\data\audit\bzo_downloads\Gebenstorf_3.pdf,C:\Users\peter.staub\OneDrive - pom+Consulting AG\Daten\pom+Education\RIS_2026\dashboard\data\Reglemente\AG_Gebenstorf.pdf,unbekannt
4029,Gebenstorf,AG,Gesamtrevision Nutzungsplanung Siedlung und Kulturland ...,ok,https://www.kopa.ch/wp-content/uploads/2022/11/ReferenzRE_NPGebenstorf.pdf,C:\Users\peter.staub\OneDrive - pom+Consulting AG\Daten\pom+Education\RIS_2026\dashboard\data\audit\bzo_downloads\Gebenstorf_4.pdf,C:\Users\peter.staub\OneDrive - pom+Consulting AG\Daten\pom+Education\RIS_2026\dashboard\data\Reglemente\AG_Gebenstorf.pdf,lokal_aktuell
4029,Gebenstorf,AG,Bau- und Nutzungsordnung (BNO) - Birmenstorf,ok,https://www.birmenstorf.ch/fileadmin/00_website/Onlineschalter/rechtserlasse-reglemente/Reglemente/BNO_2021_Beschluss_RR_06.04._-_Homepage_etc___002_.pdf,C:\Users\peter.staub\OneDrive - pom+Consulting AG\Daten\pom+Education\RIS_2026\dashboard\data\audit\bzo_downloads\Gebenstorf_5.pdf,C:\Users\peter.staub\OneDrive - pom+Consulting AG\Daten\pom+Education\RIS_2026\dashboard\data\Reglemente\AG_Gebenstorf.pdf,lokal_aktuell
4026,Ennetbaden,AG,Gesamtrevision Nutzungsplanung Siedlung und Kulturland,download_failed,https://www.niederwil.ch/sites/default/files/2026-03/04+Planungsbericht+17.12.2025.pdf,,C:\Users\peter.staub\OneDrive - pom+Consulting AG\Daten\pom+Education\RIS_2026\dashboard\data\Reglemente\AG_Ennetbaden.pdf,online_neuer
4026,Ennetbaden,AG,Leitfaden_fuer_Baugesuche.indd - Strengelbach,ok,https://www.strengelbach.ch/de/verwaltung/dokumente/dokumente/Leitfaden-fuer-Baugesuche.pdf,C:\Users\peter.staub\OneDrive - pom+Consulting AG\Daten\pom+Education\RIS_2026\dashboard\data\audit\bzo_downloads\Ennetbaden_2.pdf,C:\Users\peter.staub\OneDrive - pom+Consulting AG\Daten\pom+Education\RIS_2026\dashboard\data\Reglemente\AG_Ennetbaden.pdf,unbekannt
4026,Ennetbaden,AG,Analyse geltende Richtpläne / Masterpläne,ok,https://www.wuerenlos.ch/fileadmin/00_website/pdf/Gesamtrevision_Allgemeine_Nutzungsplanung_2021/egv_2025-04-29_04-A7b-analyse-richt-masterplaene-2021-03-23.pdf,C:\Users\peter.staub\OneDrive - pom+Consulting AG\Daten\pom+Education\RIS_2026\dashboard\data\audit\bzo_downloads\Ennetbaden_3.pdf,C:\Users\peter.staub\OneDrive - pom+Consulting AG\Daten\pom+Education\RIS_2026\dashboard\data\Reglemente\AG_Ennetbaden.pdf,online_neuer
4026,Ennetbaden,AG,Gesamtrevision Allgemeine Nutzungsplanung Planungsbericht ...,ok,https://www.wuerenlos.ch/fileadmin/00_website/pdf/Gesamtrevision_Allgemeine_Nutzungsplanung_2021/egv_2025-04-29_04-176.1_Planungsbericht_2024-02-12--2025-03-10.pdf,C:\Users\peter.staub\OneDrive - pom+Consulting AG\Daten\pom+Education\RIS_2026\dashboard\data\audit\bzo_downloads\Ennetbaden_4.pdf,C:\Users\peter.staub\OneDrive - pom+Consulting AG\Daten\pom+Education\RIS_2026\dashboard\data\Reglemente\AG_Ennetbaden.pdf,online_neuer
4026,Ennetbaden,AG,"Schoeck-Ritschard,",ok,https://www.birmenstorf.ch/fileadmin/00_website/02_Leben/Ortschgeschichte/20151116_Ortsgeschichte_Birmenstorf_Endversion__light_.pdf,C:\Users\peter.staub\OneDrive - pom+Consulting AG\Daten\pom+Education\RIS_2026\dashboard\data\audit\bzo_downloads\Ennetbaden_5.pdf,C:\Users\peter.staub\OneDrive - pom+Consulting AG\Daten\pom+Education\RIS_2026\dashboard\data\Reglemente\AG_Ennetbaden.pdf,online_neuer
4033,Mellingen,AG,,not_found,,,C:\Users\peter.staub\OneDrive - pom+Consulting AG\Daten\pom+Education\RIS_2026\dashboard\data\Reglemente\AG_Mellingen.pdf,kein_online_treffer
4037,Oberrohrdorf,AG,Bau- und Nutzungsordnung definitiv - Oberrohrdorf,ok,https://www.oberrohrdorf.ch/fileadmin/user_upload/Bau-_und_Nutzungsordnung_definitiv.pdf,C:\Users\peter.staub\OneDrive - pom+Consulting AG\Daten\pom+Education\RIS_2026\dashboard\data\audit\bzo_downloads\Oberrohrdorf.pdf,C:\Users\peter.staub\OneDrive - pom+Consulting AG\Daten\pom+Education\RIS_2026\dashboard\data\Reglemente\AG_Oberrohrdorf.pdf,lokal_aktuell
4037,Oberrohrdorf,AG,"MITWIRKUNGSBERICHT Teiländerung Nutzungsplanung (BZP, BNO ...",ok,https://www.oberrohrdorf.ch/fileadmin/00_website/05_UmweltVerkehr/Mitwirkungsbericht_-_oeffentliche_Auflage.pdf,C:\Users\peter.staub\OneDrive - pom+Consulting AG\Daten\pom+Education\RIS_2026\dashboard\data\audit\bzo_downloads\Oberrohrdorf_2.pdf,C:\Users\peter.staub\OneDrive - pom+Consulting AG\Daten\pom+Education\RIS_2026\dashboard\data\Reglemente\AG_Oberrohrdorf.pdf,online_neuer
4037,Oberrohrdorf,AG,Kanton Aargau Gemeinde Oberrohrdorf,ok,https://www.oberrohrdorf.ch/fileadmin/00_website/05_UmweltVerkehr/Planungsbericht_mitAnhang_-_oeffentliche_Auflage.pdf,C:\Users\peter.staub\OneDrive - pom+Consulting AG\Daten\pom+Education\RIS_2026\dashboard\data\audit\bzo_downloads\Oberrohrdorf_3.pdf,C:\Users\peter.staub\OneDrive - pom+Consulting AG\Daten\pom+Education\RIS_2026\dashboard\data\Reglemente\AG_Oberrohrdorf.pdf,online_neuer
4037,Oberrohrdorf,AG,250926_5452.003_FamG_Planungsbericht - oberrohrdorf.ch,ok,https://www.oberrohrdorf.ch/fileadmin/00_website/05_UmweltVerkehr/Planungsbericht_mit_Anhang.pdf,C:\Users\peter.staub\OneDrive - pom+Consulting AG\Daten\pom+Education\RIS_2026\dashboard\data\audit\bzo_downloads\Oberrohrdorf_4.pdf,C:\Users\peter.staub\OneDrive - pom+Consulting AG\Daten\pom+Education\RIS_2026\dashboard\data\Reglemente\AG_Oberrohrdorf.pdf,online_neuer
4038,Obersiggenthal,AG,BNO Obersiggenthal 1. und 2. Teil,download_failed,https://www.obersiggenthal.ch/fileadmin/00_website/online-schalter/Rechtserlasse/01+Gemeindereglemente/20150807_BNO_Obersiggenthal_mit_Anhang_01.pdf,,C:\Users\peter.staub\OneDrive - pom+Consulting AG\Daten\pom+Education\RIS_2026\dashboard\data\Reglemente\AG_Obersiggenthal.pdf,unbekannt
4038,Obersiggenthal,AG,Gemeinde Obersiggenthal,ok,https://www.obersiggenthal.ch/fileadmin/00_website/PDF-Liste/Einwohnerrat/Sitzung_17.10.2013/BNO_inkl_Anhang.pdf,C:\Users\peter.staub\OneDrive - pom+Consulting AG\Daten\pom+Education\RIS_2026\dashboard\data\audit\bzo_downloads\Obersiggenthal_2.pdf,C:\Users\peter.staub\OneDrive - pom+Consulting AG\Daten\pom+Education\RIS_2026\dashboard\data\Reglemente\AG_Obersiggenthal.pdf,online_neuer
4038,Obersiggenthal,AG,BNO Turgi 1. und 2. Teil - Obersiggenthal,ok,https://www.obersiggenthal.ch/fileadmin/00_website/01_Aktuelles/20150610_BNO-spz-oederlin.pdf,C:\Users\peter.staub\OneDrive - pom+Consulting AG\Daten\pom+Education\RIS_2026\dashboard\data\audit\bzo_downloads\Obersiggenthal_3.pdf,C:\Users\peter.staub\OneDrive - pom+Consulting AG\Daten\pom+Education\RIS_2026\dashboard\data\Reglemente\AG_Obersiggenthal.pdf,online_neuer
4038,Obersiggenthal,AG,Nussbaumen: Richtlinie für die Dorfzone (DZ - Obersiggenthal,download_failed,https://www.obersiggenthal.ch/fileadmin/00_website/online-schalter/Abteilung+Bau+und+Planung/Bauwesen/Richtlinie_Dorfzone_Nusbbaumen_Web_201704_01.pdf,,C:\Users\peter.staub\OneDrive - pom+Consulting AG\Daten\pom+Education\RIS_2026\dashboard\data\Reglemente\AG_Obersiggenthal.pdf,unbekannt
4038,Obersiggenthal,AG,SF11 Umgestaltung Ortsdurchfahrt Nussbaumen - Kanton Aargau,ok,https://www.ag.ch/media/kanton-aargau/bvu/mobilitaet-und-verkehr/gesamtverkehrsplanung/gvk-region-ostaargau/raum-baden-und-umgebung/projektdokumentation/gvk-massnahmenblaetter/sf11.pdf,C:\Users\peter.staub\OneDrive - pom+Consulting AG\Daten\pom+Education\RIS_2026\dashboard\data\audit\bzo_downloads\Obersiggenthal_5.pdf,C:\Users\peter.staub\OneDrive - pom+Consulting AG\Daten\pom+Education\RIS_2026\dashboard\data\Reglemente\AG_Obersiggenthal.pdf,unbekannt
4034,Neuenhof,AG,Bau- und Nutzungsordnung (BNO) - Neuenhof,download_failed,https://www.neuenhof.ch/fileadmin/00_website/online-schalter/datasheet/Rechtserlasse/01+Gemeindereglemente/3_Bau-_und_Nutzungsordnung.pdf,,C:\Users\peter.staub\OneDrive - pom+Consulting AG\Daten\pom+Education\RIS_2026\dashboard\data\Reglemente\AG_Neuenhof.pdf,unbekannt
4034,Neuenhof,AG,Kurzmitteilung - NEUENHOF,download_failed,https://www.neuenhof.ch/fileadmin/00_website/online-schalter/datasheet/Abteilung+Bau/Muster_Baueingabe_Mappe_Vorlage_Version_Nov2025.pdf,,C:\Users\peter.staub\OneDrive - pom+Consulting AG\Daten\pom+Education\RIS_2026\dashboard\data\Reglemente\AG_Neuenhof.pdf,unbekannt
4034,Neuenhof,AG,SF10 Umgestaltung Zürcherstrasse Neuenhof - Kanton Aargau,ok,https://www.ag.ch/media/kanton-aargau/bvu/mobilitaet-und-verkehr/gesamtverkehrsplanung/gvk-region-ostaargau/raum-baden-und-umgebung/projektdokumentation/gvk-massnahmenblaetter/sf10.pdf,C:\Users\peter.staub\OneDrive - pom+Consulting AG\Daten\pom+Education\RIS_2026\dashboard\data\audit\bzo_downloads\Neuenhof_3.pdf,C:\Users\peter.staub\OneDrive - pom+Consulting AG\Daten\pom+Education\RIS_2026\dashboard\data\Reglemente\AG_Neuenhof.pdf,unbekannt
4034,Neuenhof,AG,S55C-0i21071614010 - Neuenhof,ok,https://www.neuenhof.ch/fileadmin/00_website/PDF-Liste/Protokolle_Einwohnergemeindeversammlung/2017_03_27_Protokoll_vom_27.03.2017.pdf,C:\Users\peter.staub\OneDrive - pom+Consulting AG\Daten\pom+Education\RIS_2026\dashboard\data\audit\bzo_downloads\Neuenhof_4.pdf,C:\Users\peter.staub\OneDrive - pom+Consulting AG\Daten\pom+Education\RIS_2026\dashboard\data\Reglemente\AG_Neuenhof.pdf,lokal_aktuell
4034,Neuenhof,AG,19.00 Uhr - Neuenhof,ok,https://www.neuenhof.ch/fileadmin/00_website/PDF-Liste/Traktandenberichte_Einwohnergemeindeversammlung/2017-03-27_GV-Vorlage_a.o.pdf,C:\Users\peter.staub\OneDrive - pom+Consulting AG\Daten\pom+Education\RIS_2026\dashboard\data\audit\bzo_downloads\Neuenhof_5.pdf,C:\Users\peter.staub\OneDrive - pom+Consulting AG\Daten\pom+Education\RIS_2026\dashboard\data\Reglemente\AG_Neuenhof.pdf,lokal_aktuell
4035,Niederrohrdorf,AG,,not_found,,,C:\Users\peter.staub\OneDrive - pom+Consulting AG\Daten\pom+Education\RIS_2026\dashboard\data\Reglemente\AG_Niederrohrdorf.pdf,kein_online_treffer
4031,Künten,AG,Bau- und Nutzungsordnung (BNO),ok,https://cms.e-mitwirkung.ch/media/kas/04_G_BNO_28.11.22.pdf,C:\Users\peter.staub\OneDrive - pom+Consulting AG\Daten\pom+Education\RIS_2026\dashboard\data\audit\bzo_downloads\Künten.pdf,C:\Users\peter.staub\OneDrive - pom+Consulting AG\Daten\pom+Education\RIS_2026\dashboard\data\Reglemente\AG_Künten.pdf,lokal_aktuell
4031,Künten,AG,Ausgabe Januar 2026 Bau- und Zonenreglement vom,ok,https://geoshop.lu.ch/pdf/surs_BZR.pdf,C:\Users\peter.staub\OneDrive - pom+Consulting AG\Daten\pom+Education\RIS_2026\dashboard\data\audit\bzo_downloads\Künten_2.pdf,C:\Users\peter.staub\OneDrive - pom+Consulting AG\Daten\pom+Education\RIS_2026\dashboard\data\Reglemente\AG_Künten.pdf,online_neuer
4030,Killwangen,AG,,not_found,,,C:\Users\peter.staub\OneDrive - pom+Consulting AG\Daten\pom+Education\RIS_2026\dashboard\data\Reglemente\AG_Killwangen.pdf,kein_online_treffer
4032,Mägenwil,AG,BAU- UND NUTZUNGSORDNUNG gemäss § 15 BauG,download_failed,https://www.rtb-wildegg.ch/media/files/Bau-+und+Nutzungsordnung+(BNO)+Mägenwil.pdf,,C:\Users\peter.staub\OneDrive - pom+Consulting AG\Daten\pom+Education\RIS_2026\dashboard\data\Reglemente\AG_Mägenwil.pdf,unbekannt
4032,Mägenwil,AG,Map Mägenwil logistics center - media.post.ch,ok,https://media.post.ch/files/4vfch9m7/production-2026-10-01/62370118f126e374da1d250a3141332a39b3c702.pdf,C:\Users\peter.staub\OneDrive - pom+Consulting AG\Daten\pom+Education\RIS_2026\dashboard\data\audit\bzo_downloads\Mägenwil_2.pdf,C:\Users\peter.staub\OneDrive - pom+Consulting AG\Daten\pom+Education\RIS_2026\dashboard\data\Reglemente\AG_Mägenwil.pdf,online_neuer
4032,Mägenwil,AG,Mitteilungsblatt Nr. 2-2023 - maegenwil.ch,ok,https://www.maegenwil.ch/fileadmin/00_website/PDF-Datei-Listen/Mitteilungsblaetter/2023/Mitteilungsblatt_Nr._02-2023.pdf,C:\Users\peter.staub\OneDrive - pom+Consulting AG\Daten\pom+Education\RIS_2026\dashboard\data\audit\bzo_downloads\Mägenwil_3.pdf,C:\Users\peter.staub\OneDrive - pom+Consulting AG\Daten\pom+Education\RIS_2026\dashboard\data\Reglemente\AG_Mägenwil.pdf,online_neuer
4032,Mägenwil,AG,Microsoft Word - 150326_Mägenwil_Masterplan_ueb.docx,ok,https://www.maegenwil.ch/fileadmin/00_website/PDF-Datei-Listen/Reglemente_Gesuche/Bauwesen_Planung/Masterplan.pdf,C:\Users\peter.staub\OneDrive - pom+Consulting AG\Daten\pom+Education\RIS_2026\dashboard\data\audit\bzo_downloads\Mägenwil_4.pdf,C:\Users\peter.staub\OneDrive - pom+Consulting AG\Daten\pom+Education\RIS_2026\dashboard\data\Reglemente\AG_Mägenwil.pdf,lokal_aktuell
4039,Remetschwil,AG,Bau- und Nutzungsordnung (BNO) - Remetschwil,ok,https://www.remetschwil.ch/fileadmin/00_website/01_Aktuelles/News/NUPLA/02_Entwurf_BNO.pdf,C:\Users\peter.staub\OneDrive - pom+Consulting AG\Daten\pom+Education\RIS_2026\dashboard\data\audit\bzo_downloads\Remetschwil.pdf,C:\Users\peter.staub\OneDrive - pom+Consulting AG\Daten\pom+Education\RIS_2026\dashboard\data\Reglemente\AG_Remetschwil.pdf,online_neuer
4039,Remetschwil,AG,Revision Bauordnung und Nutzungsordnung ... - Remetschwil,ok,https://www.remetschwil.ch/fileadmin/00_website/01_Aktuelles/News/NUPLA/03_Synopse_BNO.pdf,C:\Users\peter.staub\OneDrive - pom+Consulting AG\Daten\pom+Education\RIS_2026\dashboard\data\audit\bzo_downloads\Remetschwil_2.pdf,C:\Users\peter.staub\OneDrive - pom+Consulting AG\Daten\pom+Education\RIS_2026\dashboard\data\Reglemente\AG_Remetschwil.pdf,online_neuer
4039,Remetschwil,AG,BAUORDNUNG - Remetschwil,download_failed,https://www.remetschwil.ch/fileadmin/00_website/Online-Schalter/Reglemente/Alle+Gemeindereglemente/BO2002neu_02.pdf,,C:\Users\peter.staub\OneDrive - pom+Consulting AG\Daten\pom+Education\RIS_2026\dashboard\data\Reglemente\AG_Remetschwil.pdf,unbekannt
4039,Remetschwil,AG,NEUBAU GEWERBEHAUS MIT DACHPARKING - teko.ch,ok,https://teko.ch/diplomarbeit-assets/luzern/1591950-618e32f1b4644/file_618e34ee4272e.pdf,C:\Users\peter.staub\OneDrive - pom+Consulting AG\Daten\pom+Education\RIS_2026\dashboard\data\audit\bzo_downloads\Remetschwil_4.pdf,C:\Users\peter.staub\OneDrive - pom+Consulting AG\Daten\pom+Education\RIS_2026\dashboard\data\Reglemente\AG_Remetschwil.pdf,online_neuer
4039,Remetschwil,AG,Bau- und Nutzungsordnung (BNO) - remetschwil.ch,ok,https://www.remetschwil.ch/fileadmin/00_website/01_Aktuelles/News/NUPLA/BNO.pdf,C:\Users\peter.staub\OneDrive - pom+Consulting AG\Daten\pom+Education\RIS_2026\dashboard\data\audit\bzo_downloads\Remetschwil_5.pdf,C:\Users\peter.staub\OneDrive - pom+Consulting AG\Daten\pom+Education\RIS_2026\dashboard\data\Reglemente\AG_Remetschwil.pdf,online_neuer
4049,Ehrendingen,AG,BNO_Ehrendingen_20051121,ok,https://www.ehrendingen.ch/fileadmin/00_website/online-schalter/Rechtserlasse/Gemeindereglemente/Bau_und_Nutzungsordnung_20051121.pdf,C:\Users\peter.staub\OneDrive - pom+Consulting AG\Daten\pom+Education\RIS_2026\dashboard\data\audit\bzo_downloads\Ehrendingen.pdf,C:\Users\peter.staub\OneDrive - pom+Consulting AG\Daten\pom+Education\RIS_2026\dashboard\data\Reglemente\AG_Ehrendingen.pdf,online_neuer
4049,Ehrendingen,AG,04 Planungsbericht - Ehrendingen,ok,https://www.ehrendingen.ch/fileadmin/00_website/01_Aktuelles/Informationsbroschuere_fuer_Forum_5420_betr._BNO.pdf,C:\Users\peter.staub\OneDrive - pom+Consulting AG\Daten\pom+Education\RIS_2026\dashboard\data\audit\bzo_downloads\Ehrendingen_2.pdf,C:\Users\peter.staub\OneDrive - pom+Consulting AG\Daten\pom+Education\RIS_2026\dashboard\data\Reglemente\AG_Ehrendingen.pdf,online_neuer
4049,Ehrendingen,AG,Baugesuchseingabe – häufigste Fragen - ehrendingen.ch,download_failed,https://www.ehrendingen.ch/fileadmin/00_website/online-schalter/Bau+Planung+Umwelt/Baugesuchseingabe_-_haeufigste_Fragen.pdf,,C:\Users\peter.staub\OneDrive - pom+Consulting AG\Daten\pom+Education\RIS_2026\dashboard\data\Reglemente\AG_Ehrendingen.pdf,unbekannt
4049,Ehrendingen,AG,Entwicklungsrichtplan Dorfkerne / Siedlungsgebiet Ehrendingen,ok,https://www.ehrendingen.ch/fileadmin/00_website/PDF-Liste/Diverses/ber_erp_massnahmen_240715.pdf,C:\Users\peter.staub\OneDrive - pom+Consulting AG\Daten\pom+Education\RIS_2026\dashboard\data\audit\bzo_downloads\Ehrendingen_4.pdf,C:\Users\peter.staub\OneDrive - pom+Consulting AG\Daten\pom+Education\RIS_2026\dashboard\data\Reglemente\AG_Ehrendingen.pdf,online_neuer
4021,Baden,AG,Microsoft Word - 700.100_Bau- und Nutzungsordnung.docx - Baden,ok,https://www.baden.ch/public/upload/assets/50182/700.100_Bau_und_Nutzungsordnung.pdf,C:\Users\peter.staub\OneDrive - pom+Consulting AG\Daten\pom+Education\RIS_2026\dashboard\data\audit\bzo_downloads\Baden.pdf,C:\Users\peter.staub\OneDrive - pom+Consulting AG\Daten\pom+Education\RIS_2026\dashboard\data\Reglemente\AG_Baden.pdf,lokal_aktuell
4021,Baden,AG,Baden Dättwil Entwicklungsrichtplan Galgenbuck Erläuterungen,ok,https://www.ag.ch/media/kanton-aargau/portal/aktuell/anhoerungen/kanton/archiv/baden-anpassung-siedlungsgebiet/entwicklungsrichtplan-beilage-erlaeuterungen.pdf,C:\Users\peter.staub\OneDrive - pom+Consulting AG\Daten\pom+Education\RIS_2026\dashboard\data\audit\bzo_downloads\Baden_2.pdf,C:\Users\peter.staub\OneDrive - pom+Consulting AG\Daten\pom+Education\RIS_2026\dashboard\data\Reglemente\AG_Baden.pdf,unbekannt
4021,Baden,AG,Präsentation - Baden,ok,https://wiewird.baden.ch/wp-content/uploads/bsk-pdf-manager/dokumente/2021/06/210604_Baden_NP-R_Praesentation_290521_web.pdf,C:\Users\peter.staub\OneDrive - pom+Consulting AG\Daten\pom+Education\RIS_2026\dashboard\data\audit\bzo_downloads\Baden_3.pdf,C:\Users\peter.staub\OneDrive - pom+Consulting AG\Daten\pom+Education\RIS_2026\dashboard\data\Reglemente\AG_Baden.pdf,lokal_aktuell
4021,Baden,AG,Stadtklimasimulation Oberstadt+ Baden - Kanton Aargau,ok,https://www.ag.ch/media/kanton-aargau/bvu/raumentwicklung/orts-siedlungs-und-regionalplanung/planungsforum/stadtklimasimulation-oberstadt-baden.pdf,C:\Users\peter.staub\OneDrive - pom+Consulting AG\Daten\pom+Education\RIS_2026\dashboard\data\audit\bzo_downloads\Baden_4.pdf,C:\Users\peter.staub\OneDrive - pom+Consulting AG\Daten\pom+Education\RIS_2026\dashboard\data\Reglemente\AG_Baden.pdf,unbekannt
4012,Suhr,AG,"Bau- und Nutzungsordnung, inklusive Teiländerung BNO 2013 und ...",ok,https://www.suhr.ch/_docn/6729497/BNO_suhr_2025-02-13-nachgeführt-inkl-neumattweg-ost.pdf,C:\Users\peter.staub\OneDrive - pom+Consulting AG\Daten\pom+Education\RIS_2026\dashboard\data\audit\bzo_downloads\Suhr.pdf,C:\Users\peter.staub\OneDrive - pom+Consulting AG\Daten\pom+Education\RIS_2026\dashboard\data\Reglemente\AG_Suhr.pdf,unbekannt
4012,Suhr,AG,"Bau- und Nutzungsordnung, inklusi- ve Teiländerung BNO 201",ok,https://www.suhr.ch/_docn/1080237/Bau-_und_Nutzungsordnung_neu.pdf,C:\Users\peter.staub\OneDrive - pom+Consulting AG\Daten\pom+Education\RIS_2026\dashboard\data\audit\bzo_downloads\Suhr_2.pdf,C:\Users\peter.staub\OneDrive - pom+Consulting AG\Daten\pom+Education\RIS_2026\dashboard\data\Reglemente\AG_Suhr.pdf,unbekannt
4012,Suhr,AG,Bau- und Nutzungsordnung - Staufen,ok,https://www.staufen.ch/public/upload/assets/288/Bau_und_Nutzungsordnung.pdf,C:\Users\peter.staub\OneDrive - pom+Consulting AG\Daten\pom+Education\RIS_2026\dashboard\data\audit\bzo_downloads\Suhr_3.pdf,C:\Users\peter.staub\OneDrive - pom+Consulting AG\Daten\pom+Education\RIS_2026\dashboard\data\Reglemente\AG_Suhr.pdf,lokal_aktuell
4012,Suhr,AG,Bau- und Nutzungsordnung - Fischbach-Göslikon,ok,https://www.fischbach-goeslikon.ch/wp-content/uploads/Bau-und-Nutzungsordnung.pdf,C:\Users\peter.staub\OneDrive - pom+Consulting AG\Daten\pom+Education\RIS_2026\dashboard\data\audit\bzo_downloads\Suhr_4.pdf,C:\Users\peter.staub\OneDrive - pom+Consulting AG\Daten\pom+Education\RIS_2026\dashboard\data\Reglemente\AG_Suhr.pdf,online_neuer
4012,Suhr,AG,Hochhauskonzept Gemeinde Suhr,ok,https://www.suhr.ch/_docn/3073643/Hochhauskonzept_Gemeinde_Suhr_2018.pdf,C:\Users\peter.staub\OneDrive - pom+Consulting AG\Daten\pom+Education\RIS_2026\dashboard\data\audit\bzo_downloads\Suhr_5.pdf,C:\Users\peter.staub\OneDrive - pom+Consulting AG\Daten\pom+Education\RIS_2026\dashboard\data\Reglemente\AG_Suhr.pdf,unbekannt
4013,Unterentfelden,AG,OP16-01082_Mappe_Baugesuch_Formular - unterentfelden.ch,ok,https://www.unterentfelden.ch/public/upload/assets/321/OP16-01082_Mappe_Baugesuch_Formular.pdf,C:\Users\peter.staub\OneDrive - pom+Consulting AG\Daten\pom+Education\RIS_2026\dashboard\data\audit\bzo_downloads\Unterentfelden.pdf,C:\Users\peter.staub\OneDrive - pom+Consulting AG\Daten\pom+Education\RIS_2026\dashboard\data\Reglemente\AG_Unterentfelden.pdf,lokal_aktuell
4013,Unterentfelden,AG,DEPARTEMENT GESUNDHEIT UND SOZIALES Amt für Verbraucherschutz,ok,https://www.ag.ch/media/kanton-aargau/dgs/dokumente/verbraucherschutz/chemie-biosicherheit/stoerfallvorsorge/merkblatt-raumplanung-stoerfallvorsorge-fin.pdf,C:\Users\peter.staub\OneDrive - pom+Consulting AG\Daten\pom+Education\RIS_2026\dashboard\data\audit\bzo_downloads\Unterentfelden_2.pdf,C:\Users\peter.staub\OneDrive - pom+Consulting AG\Daten\pom+Education\RIS_2026\dashboard\data\Reglemente\AG_Unterentfelden.pdf,unbekannt
4013,Unterentfelden,AG,Gesamtrevision der Nutzungsplanung - cms.e-mitwirkung.ch,ok,https://cms.e-mitwirkung.ch/media/obe/06_Oberentfelden_Planungsbericht_inkl.Anhang_211201.pdf,C:\Users\peter.staub\OneDrive - pom+Consulting AG\Daten\pom+Education\RIS_2026\dashboard\data\audit\bzo_downloads\Unterentfelden_3.pdf,C:\Users\peter.staub\OneDrive - pom+Consulting AG\Daten\pom+Education\RIS_2026\dashboard\data\Reglemente\AG_Unterentfelden.pdf,lokal_aktuell
4013,Unterentfelden,AG,BNO2014 - Unterentfelden,ok,https://www.unterentfelden.ch/public/upload/assets/771/BNO2014.pdf,C:\Users\peter.staub\OneDrive - pom+Consulting AG\Daten\pom+Education\RIS_2026\dashboard\data\audit\bzo_downloads\Unterentfelden_4.pdf,C:\Users\peter.staub\OneDrive - pom+Consulting AG\Daten\pom+Education\RIS_2026\dashboard\data\Reglemente\AG_Unterentfelden.pdf,lokal_aktuell
4003,Buchs (AG),AG,Baureglement Stadt Buchs,ok,https://buchs-sg.ch/wp-content/uploads/2025/07/Baureglement_Endfassung_mit_I._Aenderung_Ergaenzung.pdf,C:\Users\peter.staub\OneDrive - pom+Consulting AG\Daten\pom+Education\RIS_2026\dashboard\data\audit\bzo_downloads\Buchs_AG.pdf,C:\Users\peter.staub\OneDrive - pom+Consulting AG\Daten\pom+Education\RIS_2026\dashboard\data\Reglemente\AG_Buchs.pdf,online_neuer
4003,Buchs (AG),AG,RAUMENTWICKLUNGSKONZEPT BUCHS - Kanton Aargau,ok,https://www.ag.ch/media/kanton-aargau/bvu/raumentwicklung/orts-siedlungs-und-regionalplanung/siedlungsentwicklung-und-ortsbild/buchs-raumentwicklungskonzept-bildschirmversion-a4.pdf,C:\Users\peter.staub\OneDrive - pom+Consulting AG\Daten\pom+Education\RIS_2026\dashboard\data\audit\bzo_downloads\Buchs_AG_2.pdf,C:\Users\peter.staub\OneDrive - pom+Consulting AG\Daten\pom+Education\RIS_2026\dashboard\data\Reglemente\AG_Buchs.pdf,unbekannt
4004,Densbüren,AG,Bau- und Nutzungsordnung (BNO) - E-Mitwirkung CMS,ok,https://cms.e-mitwirkung.ch/media/kas/04_G_BNO_05.04.24.pdf,C:\Users\peter.staub\OneDrive - pom+Consulting AG\Daten\pom+Education\RIS_2026\dashboard\data\audit\bzo_downloads\Densbüren.pdf,C:\Users\peter.staub\OneDrive - pom+Consulting AG\Daten\pom+Education\RIS_2026\dashboard\data\Reglemente\AG_Densbüren.pdf,online_neuer
4004,Densbüren,AG,Bau- und Nutzungsordnung - Densbüren,ok,https://www.densbueren.ch/_docn/946965/Bau-_und_Nutzungsordnung.pdf,C:\Users\peter.staub\OneDrive - pom+Consulting AG\Daten\pom+Education\RIS_2026\dashboard\data\audit\bzo_downloads\Densbüren_2.pdf,C:\Users\peter.staub\OneDrive - pom+Consulting AG\Daten\pom+Education\RIS_2026\dashboard\data\Reglemente\AG_Densbüren.pdf,unbekannt
4004,Densbüren,AG,Allgemeine Bauvorschriften der Gemeinde Densbüren,ok,https://www.densbueren.ch/_docn/1231497/Allgemeinde_Bauvorschriften_der_Gemeinde_Densburen_und_Adressliste.pdf,C:\Users\peter.staub\OneDrive - pom+Consulting AG\Daten\pom+Education\RIS_2026\dashboard\data\audit\bzo_downloads\Densbüren_3.pdf,C:\Users\peter.staub\OneDrive - pom+Consulting AG\Daten\pom+Education\RIS_2026\dashboard\data\Reglemente\AG_Densbüren.pdf,unbekannt
4004,Densbüren,AG,Amtliche Publikation in der nfz und im Amtsblatt Aargau am 26 ...,ok,https://www.densbueren.ch/_docn/6772855/Densbüren_-Gesamtrevision_Nupla-_Mitwirkung_-_Publikationstext.pdf,C:\Users\peter.staub\OneDrive - pom+Consulting AG\Daten\pom+Education\RIS_2026\dashboard\data\audit\bzo_downloads\Densbüren_4.pdf,C:\Users\peter.staub\OneDrive - pom+Consulting AG\Daten\pom+Education\RIS_2026\dashboard\data\Reglemente\AG_Densbüren.pdf,unbekannt
4002,Biberstein,AG,BNO 2010 - Biberstein,ok,https://www.biberstein.ch/public/upload/assets/778/BNO.pdf,C:\Users\peter.staub\OneDrive - pom+Consulting AG\Daten\pom+Education\RIS_2026\dashboard\data\audit\bzo_downloads\Biberstein.pdf,C:\Users\peter.staub\OneDrive - pom+Consulting AG\Daten\pom+Education\RIS_2026\dashboard\data\Reglemente\AG_Biberstein.pdf,lokal_aktuell
4002,Biberstein,AG,§10 KernzoneSt.UrsA Änderung Bau- und Zonenreglement ZQfl/,ok,https://planregister-data.so.ch/public/biberist/43-287-ZR.pdf,C:\Users\peter.staub\OneDrive - pom+Consulting AG\Daten\pom+Education\RIS_2026\dashboard\data\audit\bzo_downloads\Biberstein_2.pdf,C:\Users\peter.staub\OneDrive - pom+Consulting AG\Daten\pom+Education\RIS_2026\dashboard\data\Reglemente\AG_Biberstein.pdf,lokal_aktuell
4002,Biberstein,AG,Einwohnergemeinde Biberist BAU- UND ZONENREGLEMENT,ok,https://www.biberist.ch/de/verwaltung/dokumente/dokumente/131.1-Bau-und-Zonenreglement.pdf,C:\Users\peter.staub\OneDrive - pom+Consulting AG\Daten\pom+Education\RIS_2026\dashboard\data\audit\bzo_downloads\Biberstein_3.pdf,C:\Users\peter.staub\OneDrive - pom+Consulting AG\Daten\pom+Education\RIS_2026\dashboard\data\Reglemente\AG_Biberstein.pdf,unbekannt
4002,Biberstein,AG,Biberbestandeserhebung 2022 in der Schweiz und in Liechtenstein,ok,https://www.karch.ch/sites/default/files/files/publications/angst-et-al._2023_biberbestandeserhebung-2022-in-der-schweiz-und-in-liechtenstein.pdf,C:\Users\peter.staub\OneDrive - pom+Consulting AG\Daten\pom+Education\RIS_2026\dashboard\data\audit\bzo_downloads\Biberstein_4.pdf,C:\Users\peter.staub\OneDrive - pom+Consulting AG\Daten\pom+Education\RIS_2026\dashboard\data\Reglemente\AG_Biberstein.pdf,online_neuer
4002,Biberstein,AG,PDF Bauzonenplan 5000 - Biberist,ok,https://www.biberist.ch/de/verwaltung/dokumente/dokumente/134.1-Bau-und-Zonenplan.pdf,C:\Users\peter.staub\OneDrive - pom+Consulting AG\Daten\pom+Education\RIS_2026\dashboard\data\audit\bzo_downloads\Biberstein_5.pdf,C:\Users\peter.staub\OneDrive - pom+Consulting AG\Daten\pom+Education\RIS_2026\dashboard\data\Reglemente\AG_Biberstein.pdf,unbekannt
4006,Gränichen,AG,,not_found,,,C:\Users\peter.staub\OneDrive - pom+Consulting AG\Daten\pom+Education\RIS_2026\dashboard\data\Reglemente\AG_Gränichen.pdf,kein_online_treffer
4007,Hirschthal,AG,,not_found,,,C:\Users\peter.staub\OneDrive - pom+Consulting AG\Daten\pom+Education\RIS_2026\dashboard\data\Reglemente\AG_Hirschthal.pdf,kein_online_treffer
4009,Muhen,AG,,not_found,,,C:\Users\peter.staub\OneDrive - pom+Consulting AG\Daten\pom+Education\RIS_2026\dashboard\data\Reglemente\AG_Muhen.pdf,kein_online_treffer
4010,Oberentfelden,AG,Änderung der Bau und Nutzungsordnung - cms.e-mitwirkung.ch,ok,https://cms.e-mitwirkung.ch/media/obe/05_Oberentfelden_BNO_Synopse_211201.pdf,C:\Users\peter.staub\OneDrive - pom+Consulting AG\Daten\pom+Education\RIS_2026\dashboard\data\audit\bzo_downloads\Oberentfelden.pdf,C:\Users\peter.staub\OneDrive - pom+Consulting AG\Daten\pom+Education\RIS_2026\dashboard\data\Reglemente\AG_Oberentfelden.pdf,lokal_aktuell
4010,Oberentfelden,AG,Beilagen zum Baugesuch (im Doppel) - oberentfelden.ch,ok,https://www.oberentfelden.ch/system/files/2026-09/01+-+Baugesuchsumschlag+kommunal_5.pdf,C:\Users\peter.staub\OneDrive - pom+Consulting AG\Daten\pom+Education\RIS_2026\dashboard\data\audit\bzo_downloads\Oberentfelden_2.pdf,C:\Users\peter.staub\OneDrive - pom+Consulting AG\Daten\pom+Education\RIS_2026\dashboard\data\Reglemente\AG_Oberentfelden.pdf,online_neuer
4010,Oberentfelden,AG,Bau- und Nutzungsordnung (BNO) gemäss § 15 BauG,ok,https://www.unterentfelden.ch/public/upload/assets/771/BNO2014.pdf,C:\Users\peter.staub\OneDrive - pom+Consulting AG\Daten\pom+Education\RIS_2026\dashboard\data\audit\bzo_downloads\Oberentfelden_3.pdf,C:\Users\peter.staub\OneDrive - pom+Consulting AG\Daten\pom+Education\RIS_2026\dashboard\data\Reglemente\AG_Oberentfelden.pdf,lokal_aktuell
4010,Oberentfelden,AG,www.oberentfelden.ch,ok,https://www.oberentfelden.ch/system/files/2026-09/05+-+Baubeschrieb.pdf,C:\Users\peter.staub\OneDrive - pom+Consulting AG\Daten\pom+Education\RIS_2026\dashboard\data\audit\bzo_downloads\Oberentfelden_4.pdf,C:\Users\peter.staub\OneDrive - pom+Consulting AG\Daten\pom+Education\RIS_2026\dashboard\data\Reglemente\AG_Oberentfelden.pdf,online_neuer
4010,Oberentfelden,AG,Baugesuch - oberentfelden.ch,ok,https://www.oberentfelden.ch/system/files/2026-09/01+-+Baugesuchsumschlag+kommunal_4.pdf,C:\Users\peter.staub\OneDrive - pom+Consulting AG\Daten\pom+Education\RIS_2026\dashboard\data\audit\bzo_downloads\Oberentfelden_5.pdf,C:\Users\peter.staub\OneDrive - pom+Consulting AG\Daten\pom+Education\RIS_2026\dashboard\data\Reglemente\AG_Oberentfelden.pdf,online_neuer
4008,Küttigen,AG,,not_found,,,C:\Users\peter.staub\OneDrive - pom+Consulting AG\Daten\pom+Education\RIS_2026\dashboard\data\Reglemente\AG_Küttigen.pdf,kein_online_treffer
4005,Erlinsbach (AG),AG,ERGÄNZUNG ZONENREGLEMENT - planregister-data.so.ch,ok,https://planregister-data.so.ch/public/erlinsbach/101-ZR.pdf,C:\Users\peter.staub\OneDrive - pom+Consulting AG\Daten\pom+Education\RIS_2026\dashboard\data\audit\bzo_downloads\Erlinsbach_AG.pdf,C:\Users\peter.staub\OneDrive - pom+Consulting AG\Daten\pom+Education\RIS_2026\dashboard\data\Reglemente\AG_Erlinsbach.pdf,online_neuer
4005,Erlinsbach (AG),AG,Ber_EP_Maienholz - Erlinsbach AG,ok,https://www.erlinsbach-ag.ch/public/upload/assets/3877/MaienholzErschliessungsplan.pdf,C:\Users\peter.staub\OneDrive - pom+Consulting AG\Daten\pom+Education\RIS_2026\dashboard\data\audit\bzo_downloads\Erlinsbach_AG_2.pdf,C:\Users\peter.staub\OneDrive - pom+Consulting AG\Daten\pom+Education\RIS_2026\dashboard\data\Reglemente\AG_Erlinsbach.pdf,lokal_aktuell
4001,Aarau,AG,Bau- und Nutzungsordnung (BNO) - Aarau,download_failed,https://www.aarau.ch/public/upload/assets/4502/2018-05-07+Bau-+und+Nutzungsordnung.pdf,,C:\Users\peter.staub\OneDrive - pom+Consulting AG\Daten\pom+Education\RIS_2026\dashboard\data\Reglemente\AG_Aarau.pdf,online_neuer
4001,Aarau,AG,Strategie mobilitätAARGAU - Kanton Aargau,ok,https://www.ag.ch/media/kanton-aargau/portal/aktuell/anhoerungen/kanton/laufende/mobilitaetaargau/beilage-zum-anhoerungsbericht.pdf,C:\Users\peter.staub\OneDrive - pom+Consulting AG\Daten\pom+Education\RIS_2026\dashboard\data\audit\bzo_downloads\Aarau_2.pdf,C:\Users\peter.staub\OneDrive - pom+Consulting AG\Daten\pom+Education\RIS_2026\dashboard\data\Reglemente\AG_Aarau.pdf,unbekannt
4001,Aarau,AG,Eniwa Kraftwerk AG: Konzessionsänderung Wasserkraftwerk Aarau,ok,https://so.ch/fileadmin/internet/pd/PD-Downloadcenter/Geschaefte/2023/2023-034_SGB-Eniwa_Konzessionsaenderung/0034-2023.pdf,C:\Users\peter.staub\OneDrive - pom+Consulting AG\Daten\pom+Education\RIS_2026\dashboard\data\audit\bzo_downloads\Aarau_3.pdf,C:\Users\peter.staub\OneDrive - pom+Consulting AG\Daten\pom+Education\RIS_2026\dashboard\data\Reglemente\AG_Aarau.pdf,unbekannt
