type,law_document_id,detail
document_shared_across_municipalities,467e7c0139446cfa3c208e363204413504453aedb3c24a6fa53915579cf47213,"4 municipalities, 4 references"
document_shared_across_municipalities,9a9bd8f02a29cdf015f52a988ab7b9f6c7c06d8d9de51beb0ee71e1af0db85f3,"2 municipalities, 2 references"
metadata_or_hash_conflict,a28fa39fa3902faa4d4d21c3dd15e410bdb2e34253cb329e520bb32bcf649875,document_version_id=21e570a0392d75932f97b01a017f443b7660d444cb7c46312933b038f9523381
metadata_or_hash_conflict,403cf63edb3e3475eb8e3db2ea427f00d900a86a549521e7a075b238b9585ba3,document_version_id=f0a657d4a1f0eaa2ba9727141b9ee84cb86d93ca52a89da8d2876baf4216afff
metadata_or_hash_conflict,437660e63bd968ec2923894a1701f153173fe3eac68b3bba36c4124990a85ecd,document_version_id=505c6541cd459be925bd645db358effde7ae333c0ee775943a7c5375327678cd
metadata_or_hash_conflict,a5e31eee74c77a99e63884d612e67836838fbd85196b36f9b8f4eec7fa1ba29f,document_version_id=6ada717bc28b1aea1bcb19552c5603ad716475115ab1da0976fa799428d05386
metadata_or_hash_conflict,82646ae3b8c441048f375a5f71ab15639078b815c17e98b8bd9898534005620a,document_version_id=d0a463efe771a0a2362adbfa17875de873462a07d26df725c11effc36b379b0b
metadata_or_hash_conflict,f19b24414f7ccf20087852abcd8e13432654177cc1ab528da3703e439563b66d,document_version_id=3039e5d990966ffa004e1db694e6554a2823f1c0766c5d9889daca4dd2953f70
metadata_or_hash_conflict,ee84f499a275f961ec97d0dcd9fb147ac8a5fd60914278008d8eeb43ac27a06f,document_version_id=925546cc6b7a1e704bab7f8c5ffee1dbf852da57dad5576ea0dc13a829d60132
metadata_or_hash_conflict,8ebf4070b91f92dc9431296fdc4e7525d3ff8432688105189435ae5c4731579e,document_version_id=5774c5dbe9fc7dda22168475e76cf7e9574ce0f0e9f76b9bad8834ffea51667b
metadata_or_hash_conflict,84c936f74dd8e9141e90c6213d5867ad832c1102a427381421b96fa96664a7e1,document_version_id=7be700ab20987573ed4f630ce4ad741cdf77e2db32bd0627e4146172dcc846af
metadata_or_hash_conflict,96bfbc10e34206cde32e7f5006391eacab721abb03ea1878866414c2cc6b32be,document_version_id=69db9d69ce4295b2326b8499cce69dedaefbae49a788287e2211727982e88e80
metadata_or_hash_conflict,d1f632cac68ff34b5259c2f1f6bfd994567665d9fb8339e760d8740e433fc108,document_version_id=bae0c84e9cbf37b756a5c9aab568213a783a1ddd8ab6ec9e4ddd253dc7218263
metadata_or_hash_conflict,693491da7e32fb62c7c13f0f0ca60328c7758d9eef662832bbac3ead61621b6a,document_version_id=b56f295a43dcf29fb267a814acc5240a5a2cc4b591a121f221fab1b3a9c33ff4
metadata_or_hash_conflict,c227addd993ca4c72d6acc73f836ee46c16e54cc8eac91bd1eb5f12857f58a0c,document_version_id=ef00bbacbdbcbd7918217dc503a93b87db0afa509e5d1e2675702663fdf09782
metadata_or_hash_conflict,2329d901b2c8f35e944c385581f19bc566d2f0f239266036d0713a78ea9f8f6e,document_version_id=392d788b4d446f765d39e6b9025ebc0864cb7e95e5b4567c3a2274b07eff7e4f
metadata_or_hash_conflict,6d7d7d2ddec2462835a82bce8b32eb369a54b552d5a4309a381313744ebba0f3,document_version_id=899013a40c329f399053e87b731ca899a189c92734d2888f83758f8c24f79fc6
metadata_or_hash_conflict,4e79a34aa5d47beaf0bcdd59433e4869007858425de345582236f5ca11b1768e,document_version_id=b81adbea162a0fe23e1b875fa0e0855f984e356bf9907a833587bdf58103c868
metadata_or_hash_conflict,05fc08e38bb526e6267006c6a29d268d7e61e70b7d41223653a531fcc62cbd87,document_version_id=e9dfdd09fe3d26663f440143cf947e9db57bdd491710499bb96db8a316ef932e
metadata_or_hash_conflict,82ff44e89e8ac6d7a1007cf525af7c6d0829960ecb826c7973f328f778a5e8a8,document_version_id=5d5027208f1628e6e259b859485febe0fef6153fc3d055c318ccaebecd8a253e
metadata_or_hash_conflict,8ba8a578bc81d105dc1d504697b7c3f806e537fb6cc4fb7f7de0cc4bed7f3055,document_version_id=ead53874bc5fdaaefc08d71f29480917d64a48e4cc0fda99ff375edd802c1a8a
metadata_or_hash_conflict,e910434e4adb70a65ff6fe396a2678f6048d5954cb56327adb7434e48f31f1f5,document_version_id=9e24ad154f7671d7ac4c78a2c069486d124ff75082b6ed7433524a9b46e01e35
metadata_or_hash_conflict,e83ed0783ab43de0da8ae6eab0b9d4451864605d9ee83ec3a16db889d227304f,document_version_id=c6f5e0e4d4f5461f2a0a54bf548fdca67ae0c7f674ffd8d8ee27be8f48702539
metadata_or_hash_conflict,4cb0708ec071f01d19adcd1d4f03a881b14e435139fc19dd65a7fd9ca406a681,document_version_id=19943869b72a232f3084ee39a94b25e092ec26a2790d1b6daeaeefa54f2bb1b9
metadata_or_hash_conflict,4f6f24c36588c89107b5bd8380d3e1ff836af10b485e1a5b456d074c14dbbef8,document_version_id=df55944a4372ec4553c65a8651976a2b47bbf0ab49b5f822d24556416813966e
metadata_or_hash_conflict,4893446d8e552e022485a724f477c62229b0a619f109583491337002d9f3080b,document_version_id=1c228464c0584161be4647b8db7c1d3a1161947102b4f9b98b674d679c43aff3
metadata_or_hash_conflict,9657a82acf493c8e958b0c54f75e6117c310a8adac8a099d00fd07d2d1e48eee,document_version_id=45a437013f5e483304017652a382d6c52ebb604357706467bbc77686cee90510
metadata_or_hash_conflict,23d900d766c52d9159adfd75d934b6d02e188e2b5cb9df22a184e8be5704f5a3,document_version_id=04d256f0693a5639f4ea2ec5abbfead39b3cef319f08024f3323dc19eff95a9f
metadata_or_hash_conflict,3702fc1866630796050c50e9c829bd32fde7cc4c883f28e3e4ca430307c485b0,document_version_id=923ddbe4deb731a0b139129d52f47933f95607389cbca6898f7d5465fb56f14f
metadata_or_hash_conflict,7c74ca1e1b4cf42365740eaa7d74dea9a01afd8cf77ff870b677863f7092a9ab,document_version_id=2c89930c51b6c6c7890d38bc93b17f6c49c8ef3a8c433a03af6ca9d884949693
metadata_or_hash_conflict,c58ae25e6ba755635fe0ce4b751ffa7120df06ca8f448731449cb9c70edee175,document_version_id=610d12d92ae1041e168f9cc5b353effcc7a9be8ad3e71f2ea6a8fa422fa09d53
metadata_or_hash_conflict,70963f1824e03d4bbd04315fe3feef23b6ea59f36dac066345fc891e4b007f42,document_version_id=9b1fc423fe3994f7aa8335fc8fadc164b59754082c7b6acdcac2e62dfb55f268
metadata_or_hash_conflict,776ef5d041ed199640062cadbda47212f1db9d2ba1f6dd1741b52a371331ee14,document_version_id=a7d9d314bec854eddb01580e9a58561db0826707321381f41ea280a94909110e
metadata_or_hash_conflict,bf7b78c1089349c6cc420efdbb1b4eaa281a18a1e8f890c6de5b58f55c995fe0,document_version_id=e7af5df57a537bf711e148b21b25a0c1e0d2864b4f2f3abb9a09c88cb4e9d585
metadata_or_hash_conflict,6c9a406eaa9d9f0ff8092c222018bae6182372fb236c89fb0369b06ef1015af7,document_version_id=a71686a6bb0f0b497d2e18cc01037444fb26f1b299dbba2a07b74bf82eba21c7
metadata_or_hash_conflict,53fb3b63a868874652f6465823720bfeceb2ec54eeb49910a02e39096341d380,document_version_id=c2f4b846f9e83322d55a123c0b65ec16848e150b65795b538c8092284d062ce4
metadata_or_hash_conflict,6e92d049cc35202475d51370431dd5f1ce51989e585b590f5a74169b441be260,document_version_id=ccdab78d55662d109c5441b7eab723f4678254b0f043d13f255201a2bfb9e52a
metadata_or_hash_conflict,bb30aa8f3709ab3511e2f4d767aee667ccfbf23da29bee9717c73da1284a2ffd,document_version_id=bd3e19b3c0533ce989bfb8061047e247c468d6fdba9176a799083d4d7a114dd2
metadata_or_hash_conflict,d5702ee324ff4055cef4a84e334efca77a45aea33d52052cd83ae4a9c26f29ba,document_version_id=35a43b0e19abc85b275d52f6699b433e94c0299453031b05a4e9155fa3dede44
metadata_or_hash_conflict,e1f89ae8c58704c2f0aec9073966607581f2b1b2a3d54508618785daaa054766,document_version_id=5d1977f01439f7f72bf4b63fec4d35f63295c9626d7927b301a697da136d6602
metadata_or_hash_conflict,22757c379ef69a6cb3f2afcd0002bd05df37bb663ebcbb1f5fe110db9932725a,document_version_id=d7dd0c3883dec92cccd6025bd7cdba7257a6c55fe7c789bf20506f002da5a3d9
metadata_or_hash_conflict,255a117141dbc5a3579e9b0a2d7d75618c5e631dd5b472b16882711ddb388159,document_version_id=75260ae94ce6f1c735fc9ff6b11e77bcdd5fb1915095602059be0e33f9c3679a
metadata_or_hash_conflict,41d71bc63078661409feac976a4544702669e5cf1f47ba01434be5a67575718a,document_version_id=6f305e68f90ec86e12068aee0cb7a12cf534ea85c5c8d310b235e9e45aacd32b
metadata_or_hash_conflict,16d563ae00e997b63f32b63b7e8265f3f3954c59009e71de3e092791433fb8a5,document_version_id=fb91209f73ad6ff3340dac5f2bc4122cd29934862fffbcfceda86ffba8a78ce2
metadata_or_hash_conflict,e55fd7dcc2d0f5a3e979409d10e3ab9efe9cc8d09705a626cd9d33b1c36c7fff,document_version_id=c827979897e9847987e8c1ffecaccc71bf3905530a9db9b4edce5d0a6fd5dbd6
metadata_or_hash_conflict,9e24dee79e97ebac85aa2f50ac47273a5a0990b7709b281238cb292fe892f9d9,document_version_id=5b72b6baae52ef346e5db2282fcde7248bc15f3015eb58ebc2ee55958cbd2105
metadata_or_hash_conflict,687c2175437255355eb2832a9a8d64c492ca7dd7801bcfb8065f03e0d0c398b1,document_version_id=17926728458778539afad4aefc5b14197ea0a05c2ddaa47344c2d7fa117c85ed
metadata_or_hash_conflict,85245ee01a0d20dc7f462e1c268f0f71f90dc25cbf141ed754b83fb1c268f10d,document_version_id=1540c25cb6c1b6ada13bcdd9592d4633038c7bae23c7c514c28b920ae320284b
metadata_or_hash_conflict,ee484085c97aecde43a6d18b3bd1481093bb6aaa8653ad05236e1dbc75561178,document_version_id=afa7fd15aa62fd7b8b4dd34b2c8769f3ce56b348fdcca468451a025fbf44c8ff
metadata_or_hash_conflict,a0d511c583665dc01b4e5b38425770a527dc4248f786cb29bb5d6f18bcc3720f,document_version_id=1e348e975a868e3c76f34361b32ec7e2bbfc4b86f69d11dcd323af67492a951c
metadata_or_hash_conflict,ef8327ba3cb49dd47a4a0fa12c00c0972c2e179bac94414720301a11233a224e,document_version_id=3864c09c47d725874225b25f99e611d7ca023709f2918308d15f626ed1f13962
metadata_or_hash_conflict,adf1d65987684eb8b4f6bf8f4176336e99dceb91617cce1d9d3128e9235571ca,document_version_id=7ac90d1958be2bbf0aa06809f7e04dc7397c3df4851928b2fd1c5940959b0aca
metadata_or_hash_conflict,9247dd5e4259d2689b0ed3f232bbf947421c489721db5c0fd51b5bb9234c07f0,document_version_id=4647da79ff48e6585c88c27d6012f14d0b6821752e13163dcf06705a8331c006
metadata_or_hash_conflict,bb0c35fec35a786eba54a45446692d3340afeb201bc6b5244dba41b0f9f45d83,document_version_id=083f461b8739e990c4ecb5aa79b87aab1c65216c5154a9f6bb966ccba6ab2b95
metadata_or_hash_conflict,00567688a992ebb5c2b0b2ce2839c2334bbfcc2b29f8a4af0dfb76a10b8d3903,document_version_id=043412335506e864fd7e3c5dbb46cda9a64a0be160ed2877560ef4048bc61cc9
metadata_or_hash_conflict,b3f23dd0641051d65f758083fb8498ee170a732cd507730449b40eddd99d16cf,document_version_id=79b82c806404c66b6aaae88b9dcd78a3b9cf98c2eba5240e526c97908dd6f34b
metadata_or_hash_conflict,18ccc44275b9535a4e8eccec0ae78bb47cb6376e143ebdfa3b038f4d6c4ba9eb,document_version_id=0d23801d6c0a730559d32900a68e5821cb40cd6dfa399d25b0ce8167553ea49b
metadata_or_hash_conflict,f157977241911026d0c810ddc2b76fea39bb260f7b5223ca310d90b0ffc02bd2,document_version_id=63393c872cc44eae6cb70ba84ed8be2b756169c6eed5332625eb392e16171127
metadata_or_hash_conflict,4eb1653aac0fcb8ca1b71eb369af49212fc17e9b76e49df6cad569c9be8d2499,document_version_id=6f8d41835c5066270380333ac2a3973c5aab403e33441d54b53977e35c73d3bb
metadata_or_hash_conflict,9693e2689136f9a223c397867fb6cbff41f38bb0f7c7316bf25da4b472ea68d3,document_version_id=b0b89833137800d27d97baafc5a423480818d1846464e46c904d03b5c71084e3
metadata_or_hash_conflict,1e5f8853240f49f9f143ebc31666bd118d0dee20495289adc906ea454c7e93a1,document_version_id=b3e8ef282b8cd215dbe20a721b63e7d173e62e391029aebc5a688e82bd985a0d
metadata_or_hash_conflict,1c42e064796290a037206dd317fabdb3e37ed72896e59a41229b449debf06cfc,document_version_id=f9f697af9060a69c76a69de4c86512fa9e6ab87c16033f5d54f4749369a58a0b
metadata_or_hash_conflict,f5d18f683cbb581f70e08542b50117473fd8b247cd3eb2e27a66bb78cf43337e,document_version_id=ae3eff353af109017c3aee0d114b7998803aa623c89f157d3aa16d6a1fa6077c
metadata_or_hash_conflict,ee00e33908af9f093c8d1f9efb881dcb4f87197b63187588c12bb6050254a34e,document_version_id=37ecf59ee7df117fa571189f8422db9e18ff70687015cc67fb06b8a261330ba4
metadata_or_hash_conflict,6688271d978d1d1b041a4b8d8d277efff8c0f1254b9737dcce51e14ada79ab8a,document_version_id=412d214675eec345ab61cdd32fa702fc8fdc73f93d9c34e8ab95f787bf9c41c0
metadata_or_hash_conflict,976a82f8b7d888f86971f2536c723aca5b7580979d52f1f44bcf11deaaac47f8,document_version_id=4439baa9e122400c4a9f41337058ddc03cb86c6a49bc0fef24176e292bdab58e
metadata_or_hash_conflict,fd388787584a02f0a7096b649446f17769687e641198972d3e32c37ad41ce977,document_version_id=4aaec5a54ef5b0a2825efdea98f19eb2e4dacee5f889f0df63ed193a961f4c4f
metadata_or_hash_conflict,745e734074bcd4bfe74109f8368261c7553b8e5c30bcdaed62f3482fcad05c9a,document_version_id=a62d633b65fb6a6fe8dd2084f014066f569c2c3db6dcba098df34cd2fce7143e
metadata_or_hash_conflict,85dae6a925513aede360bdf182e31b9942321f5339b153c3c41fa09979751190,document_version_id=0d1b588defcb15a058a4c928fe451a7e821e8486d37fdd4d73af43bed0df60e1
metadata_or_hash_conflict,41f6d6849c513149a3b2071488023841d36138e8f055355daf64ebe2388bc5e0,document_version_id=6fba62f50ee05b52b174baa9eea1a906b47839f68b628555e21adb25daff6077
metadata_or_hash_conflict,9a9bd8f02a29cdf015f52a988ab7b9f6c7c06d8d9de51beb0ee71e1af0db85f3,document_version_id=acfb79995c306b7d768e2a490d1efe20be361b8476577c93ac28669e49bff5cc
metadata_or_hash_conflict,2aec998a7b84ef157922d745b77245a0468285e77040c1e21b521c04c54593f5,document_version_id=303481d0c0605b7a2669a44fed8b0119c5cda50de01d5aff7eaf6dd323a2499c
metadata_or_hash_conflict,99d89c61f357916ebca90d2746c8a0f87418486c5e0ec0c6e99a7eeb01376c0f,document_version_id=c96b43b86252a7750ec382b55365a527ff1b1470a2bfd9833d9ed31eaaf1aa63
metadata_or_hash_conflict,d5ed63ecbbc322d890e9d538d8299b88fc77fc9f257e462691f0799a5244c904,document_version_id=e430a0dfd78d2c59483b92ade0c2464b736983f0e55998ad8e1eba5e98826c69
metadata_or_hash_conflict,853c78044a0b9c750c30339f30990f3adffca19a4297555fe06e352f53381a35,document_version_id=48213ac28a23756e7414b46e3c6c8f9fed8c5db5a347173b6103008cf295a3a3
metadata_or_hash_conflict,11338cbba37564d396e6519a0ea35fba02722a83f51d9645684509b6fd85ddb9,document_version_id=54e8de70c246a65e3dbdc667af105cba2f81e029a371c4df4b45a20296cc4868
metadata_or_hash_conflict,c8a0a3f2f094ea77aba184f0954f4baac68cff0fb977cf765f166fba6fdfbeeb,document_version_id=0125924233dc132e284db427b90f53329f136f5f544ce11759fa5fc92ade6376
metadata_or_hash_conflict,96a4582f59918d948143353f7dead47a753ae0ec43cbe493105a485ae74fdd84,document_version_id=d7b39be00c59d73ee9ae9bab18c150978530de229ee83748276e1b45fd20ea90
metadata_or_hash_conflict,7c032101971a46ca34766a98cb4c3dd7440e7f250c90aec4812327f600818aaa,document_version_id=65e4480c2601b57f510953cf101d77b92a5ffc99639deace47a98f181dc2e0e2
metadata_or_hash_conflict,9507e228c1e58320d13c12e574a3e1597b9c8843463452a1eaff03acb9dba03a,document_version_id=59ceec8ac5113697f49417f0e944f6ee4117af2bc76f31d8035555d717dda3b9
metadata_or_hash_conflict,6ba8850d2fdb8e239b369fc384d0ae8771d4def0f2e014a237bbd08453d5760a,document_version_id=e8d5489972bd7385f8742e85c1453cca977e3b30d26f27a9aa52bb251c293ab9
metadata_or_hash_conflict,b61a25ee31480e9799386baede31202809df7596c7e00917a14e3fccef20e63d,document_version_id=edf257d975c928e9aae9c64cda622c83f88bb3d283e6d79f6824817b30e43416
metadata_or_hash_conflict,f8433fd1394043503c33233ab3a030e2e27ad795603e2c261a01cd4189fa86f0,document_version_id=f868ec8c822d7e0f04ccc398b886e4b544dd6aabaf2b5efaee4c4d0bf45b01ea
metadata_or_hash_conflict,27e30e46b8e11a3663f732f1e9a73de7bb2b7e22782f00af2a1121f4dd439e4c,document_version_id=a0615f7f9cde3442389f78bd55f8ba4732f1fa0be5be653499aab7409ad2c166
metadata_or_hash_conflict,aac1cd7841c58013c6d3c319ed094a6e84c65c79e160b5e38b4e68a3ea862782,document_version_id=abb8acd8280c20fd49140be48333701dd1fe6b66255fcee98fbebf465a245d41
metadata_or_hash_conflict,56876f944e37923755cda188446cb137be3297a59b14836cce915710cec1f754,document_version_id=89898ef9505060a5ac2c4af6fdb8c4d02d272bf507ca6c62bf65e2a8eac1db43
metadata_or_hash_conflict,1657d2afc4e30701a8303ff8d8061677d18bffb2407d19c9f9f3b5c95ad3b2c5,document_version_id=9e9a1bcaf5bde0519fbec9317d79883ff521626930e68162e76a2bb74c2e0989
metadata_or_hash_conflict,15cadfda37d4efd515cd65d8b64c91cdf24290b3a356dbc57172fa27344e32c3,document_version_id=90ae53771b741bb22669504199c0ae19172dd07697eea154b0440230afe8cbcb
metadata_or_hash_conflict,b32c68f3e3e249dc3228fbfbb7953456284eebb22c30f15f2489b9e2be898811,document_version_id=a168815786baacdc93f67d463005fc5b9ec90dd1dc73a3026b38c59a65eb3e4d
metadata_or_hash_conflict,2ae474e55cea7ee507d9e9b31a83e85be51ad291fa08c03005638e075f2d7600,document_version_id=7282e72c88b2a1b8c534d71822ad6fcb13eee7944a5953d87da76c19e8534ea2
metadata_or_hash_conflict,5c9899afa9ce7e46f36a578cfee701a52d3d8a12e5fb8398eeaf195895e81156,document_version_id=a9a101ad47df4d57dca690136c2023567645a8a6a0f57bb949fd659999905da6
metadata_or_hash_conflict,f8accc8d09811d77115e2bf7f01ae77650900e7a5cbbf1377d7fe4177b84f6e8,document_version_id=287780ba965e874bc11e64c9fc0b46ffcceffeb9fa33c0f1e47d5b5a13d09bd4
metadata_or_hash_conflict,064a4b8af99f750e1110db53d867d02e5e4b1b466bc726c9a4291b7c3cc60fad,document_version_id=5729d036f60a05cc5398bbb6a2fc96bfbb1a552f408312e86a88553b74c52693
metadata_or_hash_conflict,75ab7431b20c53b6ca6f16c19d76d5a1c3f0a4603612454c948fd385546011e8,document_version_id=b9baa22c28c4c0fd15228bf99406c4e6f7bda2ac150eb8a871beb835c2b24398
metadata_or_hash_conflict,e205a37786956381e2a290c33d7bfe5754b15c79b8b65019470c2d377a6ebcab,document_version_id=65cd1f1e43b361d0539ac3ff6735c473aef35f307bf995c1df97baa0b6782cc2
metadata_or_hash_conflict,0b17fc2b6c515fc59cee261861cdea2ce206a64928a1f49d8ee82c2b887052f2,document_version_id=41e48db5c1dfa2ab7b02546641c89754a5a61809b5ae26f1778a63345e3d72ee
metadata_or_hash_conflict,0fd99eba4bfaccadc9e984ff4ec1d8b60af1e8a0a867f2c9d86206743b364281,document_version_id=b089d16056d48e12faaf0dac81f58f567d61695e40029ebc0a60c83514d60129
metadata_or_hash_conflict,10ad94492b3f907ab9e41057a1d69912a8be3e16c77fa6041d7848a6c41bb342,document_version_id=90cf7cc552aaac855aa52b4b1a1c77e32026dbc931a7fc0b1fc763829c903d92
metadata_or_hash_conflict,40f2a7697bcb71240aca5e06d2b2a10b1cc5685f5f798f7005f9c515853c32d5,document_version_id=c06ea4dd413e38c7b40de22fa59b3f4b3d2edaa9ccebf3ba15b2debbbc6f371a
metadata_or_hash_conflict,0f2d1987e0c525292c54d1aa745ef4cbf9c6b186407b187f8e35313daf79533e,document_version_id=36c25bb6cdbad83f53342c003b5965dc6fabfa55e45b364c6ecb45e72e6df3ba
metadata_or_hash_conflict,b1aa11241b5f38ec2e0e93594addf207d0cf5bebf979dbb4adfc89839c7d378e,document_version_id=e9314a469ea2f6588e5a0722034b9df456f17ecf4c589287b36ab09b87e3779d
metadata_or_hash_conflict,a6d33087153d2739c334c5f4a0f184fa9cee9dd5ec54df02e0378983fbefb45f,document_version_id=a80633ca12a0790e8583d83c9bce0384e670e10b1646bb95afeb695158bd912d
metadata_or_hash_conflict,403cc8df666bf3597c13f64b03368b612c7b8b97989f6d7e6ac6798e37fa24df,document_version_id=00a0fcb76f9899bd69a095367c3404fe767c013484e23d95b5806c6e7cb17549
metadata_or_hash_conflict,81c1bf50a13f400b938e85eaf4ea840ab1802e4370386eeb4a222d6ad190a96b,document_version_id=d094259aded4f43f0f7f34e9286401c34e2b762e100bf9e6fdda0c289bd8149b
metadata_or_hash_conflict,b6f104e3b3130ec316834fc7f6bab1fdf5de195683723744dfe8fe5f76c8e19f,document_version_id=d38179623dd8e8bf12894c1f7de31b51957f948c86a2dfaed017dcb49745b228
metadata_or_hash_conflict,b592e1989dde37f42ff0b88ade8635c405d33fccae3888c5088179c87ca361be,document_version_id=8b68a3e173c614280282029420c15990cac531a8cad0d6d89f8b8d418dd11fe8
metadata_or_hash_conflict,ae1de9e250511d398fd6b7b6e710c4c771cb863108b06067e623e3611be48bbc,document_version_id=702a54f8b4f989f099071a202fb5a05be9bc8a6edcb791f717708a92b048a87f
metadata_or_hash_conflict,4ea104c8066db44d326368b0dee2d00404d984e96856d06f1d4e6f5dbba2b227,document_version_id=3fdf2d3a2c225fb2beffe9daf3f51a83257fb8ffcf98a5fd2441262c4462ff1b
metadata_or_hash_conflict,68a35df004c28c066ecf426474162c3dfc9f7bbb2bf24bbceb7b3e85bf9e04d2,document_version_id=f877d1bb6cfeb4621370bff58020fc43dcc116d14222563b1a0b44d4eb917964
metadata_or_hash_conflict,1142afd546a1ba0d3dfbc7ca60c8d8a46286428a396930254d335889e4c9e672,document_version_id=a1fd1a77f3322df6202f553aba8734d21c1bf08ef168afde520d7f7b060b2919
metadata_or_hash_conflict,8ebfc924cf653e869502c83491c5d1c41e948215295b9320c083b7b462d3f279,document_version_id=ef5b2ab549cf0fca9ffeea13e79c6603af1f6f8e4c169afd3048ae96d5919ebf
metadata_or_hash_conflict,4fa2ab292377c527b957eb506666e4be7e281a50424823a368b547e6047ad696,document_version_id=208a732570499decceb7433f48043941bb7d75332ba46d0648980dc8c4b2c209
metadata_or_hash_conflict,0e8db58528217cb66d14569f6e803d5b22e7b0ab6e04b7b09718b45dfc3fde9e,document_version_id=70a550e25879e6cf8968ce0dd2987fdd8e1cb468ce9312c3cc0c2a0ce89c8d8a
metadata_or_hash_conflict,97f2d762c40394d5a53db1c25f833ca0845134d6dc76f972d349d6e2f36f6495,document_version_id=d48855aa5ab25df42fdd9890759296b9b4a08f94b11062561f330a5579feb0da
metadata_or_hash_conflict,b3bd14d07958c0a26c10094de7e5485cb7b691512905609311972edf4c30b545,document_version_id=20abcad7bd52b71fa981201c51df38b8bd7b8d340156ffbc80174053f7d61270
metadata_or_hash_conflict,a1c46c9d400e3643b3a0495f9339ca2a4f3b841784bf5478a2c37a5a2ed52431,document_version_id=657ae04ff85009b36797a6cae0490d7d62e28eaf913efb213d273345189c9714
metadata_or_hash_conflict,b894b4917a24f2078321d386e8ea8782716fb8ccdf5f3c39e037278d91f347de,document_version_id=8d63b6563da84937713fd2f8d13e271b9ef0a02a9249861e608d94630c3ed76c
metadata_or_hash_conflict,f54d77b24f0897e38a7d9aaa6e12cc82974c1e6356a1476c03700f2a6fb8071e,document_version_id=74ec49d8d3b033221f90634c468aa3f60f1f82bc0434fe9d63b1a301d9035afa
metadata_or_hash_conflict,55c6423f7e54a8932e0646ba0a6df098bc938755e654024e96e1fac2bc8fbeae,document_version_id=d3c75a2306e874894b749ffe3dc167ae8fef3ffe77d6a9048756e259e79d4233
metadata_or_hash_conflict,903afc1edabae388e678c46e1d3001e99efe7e452662141f5a932b06306f8f37,document_version_id=1ce585441929bdac5035c590e3e19eb07a0f8bacc4b471c6460bbea6b420fd2e
metadata_or_hash_conflict,2c10bc0316c102347d60ea31ff80b8fd1ba24328bb3378a679008d701e07f600,document_version_id=84c3014aa03fa87f3fba0a8decc4c65763068fc564cd1da29111fa6a3977dcf5
metadata_or_hash_conflict,34e294215c882adc4036fb7e76755429e0313b9c12f03858d648718145c5f22f,document_version_id=a84bd129d06c0897ad9535853bcba6311ebaf66394ebd78c837b9aeffa5faa8a
metadata_or_hash_conflict,41fe8d4e5b6984f562a1f07c8c2a2360c9691e9c155c5f5baeb9a946dadc30c7,document_version_id=28211e850eaf0dfc722555714cf3158d82e4c6a7c08a87e4e0da398e8f412843
metadata_or_hash_conflict,48b382580d85dfb628cd0f96f05e378d3a85facc6d26d98152ad397246094877,document_version_id=6c8f1e4b0e4146304b45fc93a33338e69ad42eb21292c8446714d6c7d5bb17d9
metadata_or_hash_conflict,f15bf996641fa2a8e2e295637c4e40b851ad1247d7f2de95e191cc1e8511cb90,document_version_id=83760b15b87392828b7bab87332546543a36c771ef7a0875e16e6e195225d727
metadata_or_hash_conflict,30e6a29dcee0cd12b3e991c0f5bb3bba1e13dcc7fca88ce58bb224154a9fd0f3,document_version_id=6a01903bc827710bece169cd3dc6a16e5fcb20920a625676f26ac7285bafe5f2
metadata_or_hash_conflict,c90bb18782f07175b3f1ef78b4f66470e73ddd7a27a2973ce6e058edd1135fc1,document_version_id=b548543a944537cabeba17ff143eead24af4ad43b568872a0bf35463fabb0b3e
metadata_or_hash_conflict,e74fab9e869c0e714caf17d37b8128a864e520adb26b254bc5ec3551e9ca7165,document_version_id=9a99a17c75ec6fc3cd832b85d8fd789a30e90013bcde7656ff7c661a66b6f011
metadata_or_hash_conflict,887189b4318dacf875149c100ce7a676050f6f61475830f227a043ec9373855e,document_version_id=bbd34ff7c28369736b7f997894da7179b6f14418a441c5122c99adf7e76a9e7b
metadata_or_hash_conflict,0a862b7c93239dfbf595bd5e5cd0b818ac1f99489d304f5812be25f750bd183f,document_version_id=8bf6167c7d535d0b3de234681463822794cc098e8509fe3d2ccbf3cef95018b4
metadata_or_hash_conflict,0e6e3c8c454e814afaaa6062d26ad7f95050b195de6de191a46ca1d2c3dac988,document_version_id=6b2c8e2615d8552b575b3fbf1d7acfe1c2323c7fef7932caac788e76df0f0cee
metadata_or_hash_conflict,f61b2b833aed92812f651b6a26aea667bb0b754041f373362f92a9bd8dd02f60,document_version_id=e4a297346575e3c0c4f2f51e4214191816a8369caa57f07ff9b293ce1979387d
metadata_or_hash_conflict,267f50a1ab78fa7269e860b146a4880af7c7a7577fcb0949e540d1bc2ab81700,document_version_id=82a3c0378308355efc139c5599d6dea720c7aac711dc3c23e827e1f0fcde95e0
metadata_or_hash_conflict,61c899ec3fc2bdfde17e8c3863eeb4af3ac4c75b555a78d6ede25de59cae8181,document_version_id=af73e81ac99f67a0f86f4f302eee31ff396820e9320d401a0ebe7e1960d7692c
metadata_or_hash_conflict,99c81ea5c239ba8c1d1c2afbab619be115f507e1efc5d63cb646476ebe2beb8e,document_version_id=2be5c5eca474f87a6570637b9f377947d6d0052a4bd424230469570ce5a7ab2e
metadata_or_hash_conflict,864495043c001d61943cff985d445f162d0739c77c984277e24b5bd4bbfca500,document_version_id=11478ed78057b2ce675eeec0aeaf416f1f0adf8e291d775ce263838bea9c9232
metadata_or_hash_conflict,cb9d13fca2455ab6211132fedf4f68610fe2d90eb99f464ef57e3f5f138bdc88,document_version_id=63a72155223980dae875089880acd23a1993abf81b5b486386e49e1ae6537c19
metadata_or_hash_conflict,81a34d8c99482cb9fd6699ff4c8387844df4f58145e7c416b3af739e6c420a6f,document_version_id=697ac91a0ef22e90db36533ccd43a8d643e55bcbad4974020afe7ab1f794515f
metadata_or_hash_conflict,317fbc099b98d60f92c64ba154df9c9556a3e038f0c6da00ac14f628184edbcd,document_version_id=7e8f483a9324720969c3ae628398a2cd2c87d61ae310e30aac334e4cbefc5359
metadata_or_hash_conflict,75ef5a3a378322f2d3ae399151dcf73d8023f81d985aaa8b76bc91aed91c9b0d,document_version_id=027034b0807ffe17db5bafc316f88573b5baf21895294734d1ca80f370b2ade8
metadata_or_hash_conflict,96c5741308b7d3d21a4dd9234a3ab5eeec08d2983a69b8b39a9ddaf794a16e8d,document_version_id=b05cabb60045184411434cda41870630871a8bb8520c4afda1745b61f3d51da1
metadata_or_hash_conflict,3b2baa567745903184db2c6707f859018e5ab9c60ac249664f84be61ff8034af,document_version_id=a97a8ad9b931b33f06153c55557cee89c0d541b199c5143ecbe43154fae9815c
metadata_or_hash_conflict,c84a564d255807c59b382d4fc3cc49aead584e36de3fbda9eb72a2c92e6c4164,document_version_id=0628541ae13ed822223184cf91a98c1f6a3862cb2ce10a18112a06d0f0fa3eac
metadata_or_hash_conflict,10f803717c4d3c020c796516d27e3aa5f997195ed968f09f0f9d491404e7f097,document_version_id=7014775b0a8b43064af78bb1f48558319e07ba91ac066fb19c1345d29ed76869
metadata_or_hash_conflict,430c72f65f569ff4d7a18d93e59ff0458091c2f80f882d0b7c9fc1a516faf19f,document_version_id=5f3cebda60b97d03a861030bea89801556bd6826afaf80c3da5a6643c08c1345
metadata_or_hash_conflict,81c87735e8424a68f465fe357005619f575b6f215c8b7f8def6d58ef2a6d5df7,document_version_id=4e30d8b02baec21079dd6281562688af40f0de06e3f9a13a9105a44b366b2918
metadata_or_hash_conflict,83c01d2b732462306e0ca5dccded98cd82bf40605cd31a149ff9943acf139901,document_version_id=521a434ddcd058da99c1f1743601ba01d04d43646895d24b64a39f1645687482
metadata_or_hash_conflict,c16ea843494ede82df30902e060e7c9bb2f2e70d7ec8ef740943ed2c03d74bd7,document_version_id=90b0a536c2094ead60614c576786f566124857fcac0c1ff749de08d3a19ac4ba
metadata_or_hash_conflict,23ed664a30aa8f4d09f078bd684206aee4d71322c68d5b97ec3ca20bc89f39c4,document_version_id=141a4168669a2b9a09804fb681204ccf2099cdffdfe180fef615100816ff23e3
metadata_or_hash_conflict,2eff7b3099bf507ca455728afbb80f6c7d39e356a59d2b68b1608c23a0da183e,document_version_id=201cc5684cb90880092e6fef6ff46406efc5833166efe7bb7a0c746e027ba9e0
metadata_or_hash_conflict,c6dbd261224fe7a140b06760f75f26ac1398fb2bb363f920445eb1f2fad775f1,document_version_id=dcd7135923f269dfe0b8684514326910ee4c9ac8a5fe24f43640d26789f90b54
metadata_or_hash_conflict,8a0baf5dafc60d70683cf4311848ff58fc677c9d954597519f1e7fb68dfbcc85,document_version_id=ceb5a280bba25223a2de16c49eadb0d08e04994daca93cc030e6c53ffb1a21ff
metadata_or_hash_conflict,f1e8b80d3d5b074c0dabc4bdd7cf365fc8b24e853d10444d47e2516a6dd579d9,document_version_id=8e0abcc6f94e687943b2ae7fa2818855d87f90e3297f12ae7cc380585987229a
metadata_or_hash_conflict,b1c69ded45e50e62e46a3063491de2a2f8144b89baf8c7a615ea39ede76a8adb,document_version_id=f47c225f3b90c0395da1063a18230cee5e45df0fad3b49e7681e8ef891fa0513
metadata_or_hash_conflict,cd2f182b9d87167d5443a9a78098d15beb1c33c26c54d1f2a45b534a65d56925,document_version_id=11e5a3b40d0fd8bb06f13fa0a13a96956b7c7a790a6deff301e2252222fc86db
metadata_or_hash_conflict,efc42ce0b56c3c9041d686142bfd630349a14439fb6deb7ea3b26911ed87f600,document_version_id=da825b76e31588fc2930bebbdb682385bdf0558322a50490a084152ef60a6351
metadata_or_hash_conflict,420db21afefb5d59ea670abcbcdf2a471b87862a4da6742a82b38c66a37053be,document_version_id=738a6b648fd569412749adacb880289a89fef7bc411388cb675658d32bba04b6
metadata_or_hash_conflict,0e54200b24d1c4c1f2b2cf33ff90455e4581d726f339d7e274b8d2c9099b659c,document_version_id=9ce123658c949f5f038cb0676b934085a21c7322686141a4708495270269c909
metadata_or_hash_conflict,e3decb94a5399e6687a5ffad6d60302fcd857eb4d2fca16a720496c26e73f601,document_version_id=fb59b05e38065372ebf9732f9f90a71b7ba0f060af9317e0faab41f383328d60
metadata_or_hash_conflict,b4766129c7411eb7e82c8259693cf092bc8a04f8d2703c84d60375d7d72aae3e,document_version_id=58d3dce9f6ce3bec039164a7bfcc8ba89ddca0682878969b2c85bbf486f49ec8
metadata_or_hash_conflict,d6d03eb40a841db5e3d3b1430011dd0881aeb29254f3fdfb56f68860b42a2f39,document_version_id=d634b6c31e2ac0a5ea04355deb2930ea48f5f693f432bebb7b22bd006fc7674e
metadata_or_hash_conflict,9041f19105c8675e962a7ca1809540b48ff761167a92f9d861052f0b56e1cd53,document_version_id=f1dff7543807c025581d67bfc817036917a6f5c8f159ec8da1cdd69326c00554
metadata_or_hash_conflict,10caa9b7cf61e28fb26481cd235959b1075cd6c08885d80dd8c7f5d8cc045ae7,document_version_id=d2ad3bc2c0b80e2a84168adf8d57aa6267c95e4b1a366b0ad7426edbdca5adfa
metadata_or_hash_conflict,b6c86c7c66317a1d6005e1efbed481588913549362f16f18973e34100b0e9bc5,document_version_id=882ca6faf82626b8c02b0ba7163b8a1e79349cb2b69d6f7cdaac9c993b52f701
metadata_or_hash_conflict,408bf369be0346e77d5582d5fbef870ed2e8eecb23c494460998a38677c2e8ae,document_version_id=0c12aafa87e9bf84ba107779b0ee27b4cb5759a2f48ec162248e2d1f5a054e1c
metadata_or_hash_conflict,7c401002d8faa7b281a0f2d8c1e52f5fc8b8fa5a241a55eacd326d5b5b98e565,document_version_id=c5a0c2765534b1bf789a23d9e2a140a785aec4636e110eb7452ff2a477ef5c62
metadata_or_hash_conflict,ffd3c134630eb19b262f91c5a947c5343cbfb3345a3d569d5946ad0987fb0519,document_version_id=5976d2e1d42227238887d4a1603cc7674c01298de7eb17a8b063d8d4ae9c1d46
metadata_or_hash_conflict,9676fcd79cc64214221376ce0b2247e675b242020a1fe397685c13cd4452af9a,document_version_id=6cc02f265ffcdb2c90b995a99412e4baaf2f3e368be226a853d0805ea8c5d193
metadata_or_hash_conflict,b46afa3a8cd558a3a6441defa28f4bbc409b88fde679077c9223fed1e5685c4b,document_version_id=0cd96957e74128ea17ae63731f919426cfbf4a74a020a9e8f80da2db250499ab
metadata_or_hash_conflict,fc10cfda3729cdbf708c143bf05ac1489d17548c4004c1641af223b9571ce13b,document_version_id=d014198a33c2c8e4cc30e747ec33c1ea0ca56ad055d89a73937f8aff10eb9da6
metadata_or_hash_conflict,41e2a598b6837e5770f15736038209dc278612f7eea3e4a3c1de53de1d453c83,document_version_id=6132f6daa18d9a86e8055f4e81ea90a73ab70122de958a0aaa106263452a1f32
metadata_or_hash_conflict,8487c7061aa81136e78195b2b2ab00faacd25374ceb775c10ae2a893d0766fea,document_version_id=ff3eb8e4968cd4e3817a97fdeb2c098f0c303b6be0926d475cf8acd185c83270
metadata_or_hash_conflict,dc3d102b7f792ba7dc01f03c5c9d46b7579600b91784bd747ed83ea65da9b281,document_version_id=c0201361e06d854c29ee40b05a3f4aa5ed11a83b38630ee9419f98cf641683f4
metadata_or_hash_conflict,17728f0f2694917696a66fa556c34680e6201e80b391d6b112dd9bd36255f453,document_version_id=77837a820de4da7e06d173fef125efa4a6f6cb7a41eee62c3b5f0c021a20a7be
metadata_or_hash_conflict,5d66efca95a305ab7cdcfdb152e36b7191a4ce81b254ec420a1d1fd2411edce6,document_version_id=23c4d817c868177efa646b1bc40ba0d575383f1f686c55476430f19198b1b0fb
metadata_or_hash_conflict,b63bb57b5c7a3c8a251d7cb880865724af3fc553f4d2d5857a55e09bf8263dda,document_version_id=4f8ecf48372a0fcde98e265dbf276b9e952a8611321323c0f688637cb9b59bd7
metadata_or_hash_conflict,606bf29447cfa4b30a3f63de4c26ae69a8ef0bf50c7d1708215284a5082c94f8,document_version_id=490b92412b9ac9d2de95a8c0371d18b8184d285850bb0965e167ba78228c07c7
metadata_or_hash_conflict,5b88131c55de2a0f0f4b791d4b99842b5359e914b6662d0b216f4478ff8fc7d3,document_version_id=a3de2059a89c0e8453ae293979ab7f51a0c50f4186ba081e72eb2e98391e707c
metadata_or_hash_conflict,531a5dbfdc0adfc1974d7c1a287d07f521cdcfc1a05d89934df8967e8f8409eb,document_version_id=bd3456850d5803bec540cbeb2fceb35d0baf2cd3301007f506b57dbcd37cc432
metadata_or_hash_conflict,86cf7999729080b5c724f70d116c49fab039e902bd0346492db2ba5730b1cb05,document_version_id=12bc2f2ebf4d1070f15b21267284c80ea82c854c78c9b59814d2216783c9e885
metadata_or_hash_conflict,bf1c26345c51f5eb0ef64e3d1bf9e357c2d77f3880d62b2ee8ab122cc1e65446,document_version_id=c40e935f7f4fdecd2209fcd165302c43e6f410a087572201bd8468c8adbd6346
metadata_or_hash_conflict,deb578a5d22ab44ce5c02aaca96c92a685a1e4a0d8d6f7484531324f4070c520,document_version_id=495ee0540bcf8f4a165103131968369fda37ac6fd95ebb504f8fe225aacbb5bc
metadata_or_hash_conflict,6cea2e9d19dec90b31ce90377bd3167ace7e8e3b654361152fb3f23bde60c736,document_version_id=a8f0d32f5ddeae6ef4c395e541b9e4f6a564e1f3b495bc1a613a6d7a42990b87
metadata_or_hash_conflict,7d3ab78c3099ca77c71a81aa9bb8b5ba560b19aecde0373550e816aa03417d9b,document_version_id=87e61b87c110e9eb23135dc7cad30421630cc73e45a53669d736d05e7ff2e460
metadata_or_hash_conflict,eae1b3bc6532bca041e8900409d4f4b9d05ac4864ec97ecf2d8d2258c6835dc1,document_version_id=9aa0d4bfa2cecc1e9127d767bd221236fa97c8530c9b223a748c8e140d3de239
metadata_or_hash_conflict,420cc9a73ea39b326602f4ebae80488e7f2291cd503a7d7b10ffb0d50226c48f,document_version_id=67ea93d5e78bb72ddc9c56346f3f383e0a50abf41d3b6ea5420117c5a6d6d2d4
metadata_or_hash_conflict,41ce7b1489853a1b7aa285f570728991cfa227a4db31b54359f44327b2248ddf,document_version_id=8d3cdb133468173c2365266dc4557ad522a2f33e6c918b00ab1d742548df060d
metadata_or_hash_conflict,ce32e2fe98d19eeb884204675528cdac90ccbf37e6cae194075e51605fe3b024,document_version_id=5fa2dc05faad42ebf8f874d7b006852e9db05211e7782cd4b5530351f1f23ba2
metadata_or_hash_conflict,b9645119748d99fef9f9be44220a6deffdabd4372e64f5595dc123bcffa7a610,document_version_id=f97b5d17dd5b55280bb04c785ab8c75ef2e1e598050f4537bb19544220fd9542
metadata_or_hash_conflict,c360034f69dc8542c354c081f7c60f29cdab0a93c44ce0c8263d625314d84434,document_version_id=63c1bff66dee11b956c07d5d0ff697514baec85f412a1b5d323a6403771b0cf8
metadata_or_hash_conflict,1694d8316649d37f0b985ddc6e3505583801940729aab8faf5c9e55424679bf6,document_version_id=c8d55557535e2496f9d1067d2ce9fee4040ccdc1419e437900ce836b9204d78a
metadata_or_hash_conflict,f8f63db18a45c13f8099c821f9d2acb7013461945438a29cc0522b13579992cd,document_version_id=7b0062902a07e4aad1dfb762ec63946d2b83c9363572635a252908c853f1eda5
metadata_or_hash_conflict,2088263e6ef2108012fbe81daaca02789a885f91f760195471a79fcea92000e7,document_version_id=326bc74c4cc20e944ba39cac569cf02bdf9b7b6e83e89e606e90f88755fd9a60
metadata_or_hash_conflict,9dd8293bec9a294a73dc0b61c075a3312cbdbe8dbaf72f40f94319f5ee9ba36a,document_version_id=69f64b2928b1323a394174090cb2a4aec2ee41030d3aeb4dc89337079217dacd
metadata_or_hash_conflict,ff1147fef1210c0c51f601412fb0d194f826445ae57e60714cae445b3b2d721e,document_version_id=79b59ddc112a4a7451abb08ad8ab5590fc954c1ed063d79e0879c72005245338
metadata_or_hash_conflict,de17b095681a4a4e9c0568934dc146223283105c16777d6d64aee73a9d4ed0c7,document_version_id=eea154226e1cfad7644c60ffed0ab69399f5712a4985558d601e1be996e337dc
metadata_or_hash_conflict,6975521c440bd4a704620f8e4f94de962aa9253e2e48246d4b153e51412da2f9,document_version_id=74f9ccaa85bbd91cba1eac262094d8fb26be8944d88c7c277e2c8937105043e7
metadata_or_hash_conflict,178c72430bd75f5f5b9554512b45a509e387e51e93bd0e5b5717fa177b107bd5,document_version_id=220b95006088e34ae7614c8d47e56ca0f79b30cd6d756a851fd49d024a89af04
metadata_or_hash_conflict,ec09ced922d466fa49e8c059e9031f400cd7eb4d601ff4a3680be9060bc203fe,document_version_id=92fd986353160876d3385ad806e51846ff72675aca06ca4924fc55f7497d4a81
metadata_or_hash_conflict,85722d6106947d2dab4fbafe6d708960a66475a32e62013b8f1bbe0499e2192d,document_version_id=c1aa1c3e9980778ddb9a759bff5854d47b3a1d5e886535abc0f4adb21b9fe083
metadata_or_hash_conflict,cb99251f55fe08a1bd921ead5ca909129b2c6b4f038c77f2ce4541acf2d3f440,document_version_id=dc6d111c84005c6a16f2090c2a76df4c4fad8fe68b48f6e70a16fdda08c04e61
metadata_or_hash_conflict,05a8afaf5c14463ffbc21d03dda4e2561a783c48593714e04022890887998ac9,document_version_id=8974276cdf2bc8fb55c388fe86bc74c5508d6c4323e96d1b4acb54e6070cdda3
metadata_or_hash_conflict,7262096ffa64f5d5193cac84ac22cd2efcd569208ee07a03ac3d1b5040866713,document_version_id=dbca16b3d17f1f3c166a5a1e40e5365cf2526bbbdab7414ef994c80239576364
metadata_or_hash_conflict,8aefa336bea9a366aa19a3e2ac937e2c0aa8eafbe5b7355bcc61ecec225d2fc0,document_version_id=ba15762123c7506c6cb9f98d74365f26a8b4641facc1347f32768666ce57c1c3
metadata_or_hash_conflict,7b663660478fad904e743d3e7b187734de880fa902150290f5e9e0198c7d6daa,document_version_id=4eaee0bef990f810147bcb3936d2fedf933ca9026d6e823a369ca2527270d25b
metadata_or_hash_conflict,f13e2420bb516afedea866e21ae61ec2a1eae424576ba59123c8ba504c67e12d,document_version_id=240a758b8a68da600b98647d61b668985598c6b53c4c67effadc0562d01ebc38
metadata_or_hash_conflict,ecd8a28fd787ade356cccc87e07dbb584f9db16795b2dae2124277f1454557b2,document_version_id=dc1e234271cb5ecf0c55f1738517bac92fcfbb698c05bb1ca2191ba8d208a4c3
metadata_or_hash_conflict,5ae95c9d3da184d6a49c64638ceb6de5f295aa158d7fa865c0adfff6a8644d13,document_version_id=eaf3779acc33ed5c14f18820c4bec1c10da01edd0706c3d5e74eeb7b97b8a994
metadata_or_hash_conflict,d7f546c62040db8a101a48a2d72463d4fc51d2bb8cdaa3eba95b8df97460db5c,document_version_id=e35869797eb9295bbde04223f41fbe29d539865ef23cdcf4ffd9eebfd21df20f
metadata_or_hash_conflict,44ac8b788c7cc84c359e9987a38c8f48900a9d3ee996d46a4906af94559766f7,document_version_id=41e8474cff43216ffbcfa4d7a56b52ae8476dbc38174ee0c094989bb8997f596
metadata_or_hash_conflict,896baf9adeb5ef6df7873aea80dbe376c35b74ed97dcef9a4177ec7d4c9cac10,document_version_id=4c23a5edabac93a7c3cebae15c974d0369f8b924238fb0d78bbcdf17c789ccac
metadata_or_hash_conflict,2755eb90188f5c362758d3fdf4c9a8e63c755fc907e8f49179ddf7f18130f3ac,document_version_id=1d948bcda0611ba521f4ab7b1e4f90303f17f2ed996221e082e428eebe3b6e17
metadata_or_hash_conflict,00c154fed87a84f9f7cebb448b0e2dd38381987e357eb430558da4b452cfecf1,document_version_id=c512ce92c0893fefa0dc65f45ce48dec22e4bda1c91d4e16754074ec88051dd2
metadata_or_hash_conflict,00eecd48aa41742ac9de1fab1e21af36c8239cef07f11a66d4868f94978159c9,document_version_id=bebbc3318647d1fb915ad3d55c74c4eb6247630c1ba5eade38f60d9f16ba8a01
metadata_or_hash_conflict,ef40dd1d73653b7f46af54cc77f1c126a4057f1c0fb0263ef238d26a39f28215,document_version_id=3a7f6664637d0f6a094a3caa54a14f56dc3a23b68a1d9d29c65a5c0184b7b239
metadata_or_hash_conflict,c86b65918801eaaf13d2120b33aba5c5b362c081e10763d1b5a64f80c7070fdc,document_version_id=3017d1ee2dd9937c567f33912b718240da8d00821f7873302bb737bc5159523e
metadata_or_hash_conflict,4a4555fec59fbb4170e82a207f936af0b6dbf8a7e4e5b71718aba863971046ae,document_version_id=a40c471b0b71dec2071cdb0e41052003e8734b0eb73795fc62072b1c67ae2300
metadata_or_hash_conflict,7de9fd4c1f7d2733db6ecaa825edbec836d7e1d127c171e0fbd321bbe76a35ce,document_version_id=8908677209bbb00d1e7f0e896933876419a3407ffacdc9cd8c61cbfa45f0cf51
metadata_or_hash_conflict,7bc9aeade57bc6f1011bb51c251c45e2e6478d9193f70a91b963b0659af4c157,document_version_id=91781876a215160f73c22b5ec0db23b0c69c883c76e716fe1af9763bbba7afc1
metadata_or_hash_conflict,e34c50d8b2fd28118207fdbcd65d27f7fe9d450b67d6ff22c0f35f76a0fddb3d,document_version_id=7c3921533cc001812403ac6fa9bbae48b68a1d168734d1e80cda8a531184380d
metadata_or_hash_conflict,f42e2fd6201d258369028022ba8c5c5bdc5535d6b8b69266c31d3e5bd08280ad,document_version_id=ffa460972c33e7233b73b35e573f19d69da53b227de93581495cc806d9450b9e
metadata_or_hash_conflict,c6afeab1fb1311a621ce4f1286a9353e87bb99f0b5c7e55cea318ae27aee8f19,document_version_id=e0615c7094de9061c3a98fb34e4fb8cab9f990fd8959ef8c5e5c07d34eb68425
metadata_or_hash_conflict,82694d3cc4a4b1a2a824c394b3c0711d8dd55c66e931167e659a8c0297ac6a54,document_version_id=e37a3bfecc055fc68b8f9dc619a891a604f80ce7fa27838410bb9bdfaeef292b
metadata_or_hash_conflict,f008eb2c3a62804a86b2656faa2e0653a38a9e5d3a8b76e0b7f58921e506269e,document_version_id=2af3ac369aa03740dc358828360d4024c193af0f96a5638e6c8ee5e4b2206388
metadata_or_hash_conflict,18890b6e1cb04c5536998bb72c760bce868d481e4b7b26e3e821c50ef7ff5741,document_version_id=dc56ae522dc25a3f56837f254421579247a1aa4fecc7b46b9d8ea7fae941442b
metadata_or_hash_conflict,eeb3a30acfa67fe3d3b821a18095a1bca5a72c6f1855930b477776ea6249aff1,document_version_id=6006bdf58932e7f99f860826b2d5d1d73f65477936527ba7bde21859128e892c
metadata_or_hash_conflict,00091e08be8841dae2a0db1dcfaaf994dfb8813a34c7bf992c297997222a5d3d,document_version_id=f230168f5f1fc7e76d28dbe0be257986a2bfa21c64cef75deca25d4e1fb28631
metadata_or_hash_conflict,e6416a645e41dd61a2e4ecf02112c4d2cd4c8b7b2edec8db334c0b6919d45694,document_version_id=29da7525e5a3549face114c8df49883f856650c2123d313ca3806c228300e80f
metadata_or_hash_conflict,8f77eae0d25da0b95df1d137cccae30f7b80ea2bc3ba4779ceb1be18b9a21f06,document_version_id=39a8b60daa4d88e6bc74a51762fefdbdd056595bb42e0e2b338859a9b7bd98bc
metadata_or_hash_conflict,879b1cadc1fe0988985ab51244d468142f9aa01ec077b3bb62fced33788c9d4b,document_version_id=2dec8c052d1b1f54ae122936022d3901bdc3aa86a2d770fb683e324dca7fbbb4
metadata_or_hash_conflict,d50247dd660a75c8cb6ef88fab29cebb6a2997e64e9491d1819727997da579bc,document_version_id=558132f0dd8c28a4695bfe3dbd2baba3dc156fd684c60476f93d433b831a66a0
metadata_or_hash_conflict,e803daa3f545a0a706082af391165fe23c30d1e3ece75332dcd598291945c374,document_version_id=21ed54e2d16c870f21d1108bafd231bc8151bbdbdb0027a03bd8be3dc58506df
metadata_or_hash_conflict,7c19a3467fd9df48e74c142909d14131b9d013679583d79f183922cce3308ef4,document_version_id=d156fee9b52f16ee40fb6da07b8b72d786a7928b32371c2bb2066edb8672900f
metadata_or_hash_conflict,4639953794d4f1d72da69b9563ebfc244793a883761bb899c2d8fdd45c29f101,document_version_id=1148a6338d628a6448f81f0647a80318d4b63823439b92aff4bfb3700c9e4b80
metadata_or_hash_conflict,3e73a2c7934825bd7d7b275054e62a57d63fcde2b28560b3c5dd2e77e6bcf4d9,document_version_id=e6ceacea7e6ebce90ee5bdd76d42beb9b56354b4efe036ce44a9d2f3d450c67d
metadata_or_hash_conflict,a97ef581becd24ae90984de705dca2fa35337152e565d085a3e149b1f67e65f9,document_version_id=4b20498ec23cd669f1f5fa77315560ef61348632c2e2cd2bf36e2fb7a843975b
metadata_or_hash_conflict,6372d0ecb4ee94035662292450e90bfc0d6cc95a70558bc16683381e6f037405,document_version_id=60f83557f9fa39e8c65c2438cff526d1855ac63e2453f2493343af05f6ba9dac
metadata_or_hash_conflict,96297846b3a1ff782480c9c70033ebba42636aaa330ec28d0f4d17c366c97b24,document_version_id=9f3e7670278fb5218f0dbacbbd68c852f8273b926cd450f8c15d45b1eafd7d55
metadata_or_hash_conflict,843861152f5cfd853da611dacf2304d015136deb58d128735f973d425cc05294,document_version_id=f8b66892c73610877d60dd1c0860d6cbe28e7cc8f61b17238206ae264f379ef7
metadata_or_hash_conflict,296f2c042911034934d3a98a02d02c1ef3c60dd3ff36e03d394979be78001d06,document_version_id=2ca445101fc8329ebb2a7d6659ab8de165a59a887f30d11cda7b0d21e6f8b78b
metadata_or_hash_conflict,3986d770b6d214859612511503bd4011f057ac154a118d7e1cfe3a5cef8ca534,document_version_id=b49c3d228880fb2a90a82ddb8344c8cbdb6664011967ac226208114966755dd7
metadata_or_hash_conflict,53ef51a2142712d8bd99c229c97113cd46991aab392381ad781d054d7592d6b6,document_version_id=5862c4c987ae2089dc433af1aa178b75c3a2fcac9bfe613112fe3416c22dd753
metadata_or_hash_conflict,c115787f0def3870782f8ae6de1e735ae9551570d963b8b95615e1071e16ecfd,document_version_id=269acf690f2b1f21ff3ab2d5e5c89a9fa2e40e5738daf400c01f498047035e1c
metadata_or_hash_conflict,31a9686ede5dee5908293463e5d08208d351b75eb0822e93ea852589c93b6ccc,document_version_id=12d094482f2345087ea9e3c942255cd933adcd3e5df9f4f705f206865f988a60
metadata_or_hash_conflict,24cb040730a3018c4c697c68baae203905ca4d77c40d3e26fd64f452abe199fd,document_version_id=8497dca4a2f65582de5520924a46aa452d622c032f0249a3b2c08e1e6ea45228
metadata_or_hash_conflict,3753c9d3cbb6033aa7ad0c1da92feeed5f14c0c4f3284c63abdfd9eb5c5bf528,document_version_id=2ef185f80846c871548e65913d82f8c3a1d71603153a5a215aebe8118342facb
metadata_or_hash_conflict,f0afb661f449eaf33970d92fb254ae8019b694c50a30d6f0e01f6d20a020318c,document_version_id=f7e7570d80bcc9405b409e076b6741f75cb6c87f2971a2e98ccc7e5b9c0eecfb
metadata_or_hash_conflict,3a883c15cc850fa617a848af7b30d735cd4d22d28f1a151733615a48f89bb357,document_version_id=23c7e9aa9a03e96b39901ee3c002a7805825bf3ac0ec71d71a7c26af5829b7cf
metadata_or_hash_conflict,e4c57970f68d5b3a9b1e285febd63c985f0abda8e199454f93939ebab89f9cdc,document_version_id=aaac2451b04020ccb6b9ef7cb9e20b1f99f11812be38f7148cc9d45e914e7f47
metadata_or_hash_conflict,f85197fe07342dbcacfbf8fd6709b01fffdfcc101cee65ceb1a04849d3737b88,document_version_id=aef4b02058c94145728777fa15cb5515a4b2e407f6c25aad6ff87f56ddd17dd7
metadata_or_hash_conflict,36a60c703dcc9bb4f80d910b0d84f512bdf25b7af7b4f3b38432e2028f5db6d3,document_version_id=d5018f311d199ca75ed98f745fd748367db8ffbd57554ce12974b8e9d9185261
metadata_or_hash_conflict,3bf5bfe1296bb6afb3225f1a7914a868637dfe36c27e4f3a6669e502c67ea785,document_version_id=38ffef9dc1e8f7fafba68fe3f75df5aaadf11a488dd6e4b37082d86e1217611b
metadata_or_hash_conflict,0717a4f8d13a9f555c5e107f9d92113cf4c5b618a9fb053c1a10ae019dda2acd,document_version_id=cb127be8f7ce9e871e70d525a29c3f6bc1b9f4218e6c57892510d17f9bd73801
metadata_or_hash_conflict,532895a8688f7a4aadfc9dd4e36450ab65eaf3bce35914236236d4d96dc57b07,document_version_id=c5f31c899e95d104b6887784a8ebc87e5e3b61ac2a2ed85b977e620cc8d5d50d
metadata_or_hash_conflict,4258a662e79801200d0f311d0b1a58e869e09e3d919513cfe1c645ea8e225ff6,document_version_id=60fc89135c210622e58f1414486f5aa5c6a2df0aeb7fafb580f0d18e7e5ea665
metadata_or_hash_conflict,3069cd40ef0b453ab6e6ca773cd809b3798a4b630f3ea04c1699b96b68754b88,document_version_id=be5b70c2bbecbc6bc086f526a5db1eb0bb195d027bf2426892ee86883f3c34e6
metadata_or_hash_conflict,2390d8880a70d224142fa73fc78e7ed005456c2fd87c633a06b429932f2cc7f8,document_version_id=97ba9ba6525cb0e3a59ef35a354063dac6f546451219f53165c24f4f72938904
metadata_or_hash_conflict,659eee491347061ec07f20364de0ac231e90e1a8b16da01b754e334dca3daa75,document_version_id=004b82b4b97f1f84713eca8a232d06837806ecac252a6993859aa85a0ffadadd
metadata_or_hash_conflict,142eb5a726b1e2d02fafd8899b957aa9d75f60e4c9a9f78716a27e85a36ad11e,document_version_id=4a98af9f85d6c2fa979bb2852e179e74c999eef3df42c426e04215eda76df905
metadata_or_hash_conflict,984ca579e60c5143c725823bddb88697136d919bbc79bf0558842b088c670249,document_version_id=81d4b508a1595e16f229363b6deff2b7435da2e13a39dc7ff375a4e6cb6a9d6d
metadata_or_hash_conflict,a08014b9a9ca6c237f7989a79ab5c12803f000848694ec24880a689bc4d0584f,document_version_id=903a02d0ecc4f680deaf16e96bdcd64a65c45f1edc4fa3d8f3b0011ff1c66ef3
metadata_or_hash_conflict,81688c4c8ad499155c56aa631f2239305162c20da7cb9ee9ae11ddeb9dc9c035,document_version_id=1f3e4cc3f672ea735ab5f34aeb07df6ee496b4b96dedca54df5d6dd111a3afcb
metadata_or_hash_conflict,208bf1d9ccf84967a6034a2dfe0b1ad6ae859c622ebf25732ea9b929a5f35e2a,document_version_id=ffa4b78d439138f6923832d14993be1ded189dc926000b1b2a95be5f5a29627f
metadata_or_hash_conflict,1e20822a55b6889a22bf7ca95e67c575693881cf60946a2723e4631143012754,document_version_id=9e96c0d30bec18e43c7ceecd643a9dca9ad83b5ae923d81b12df6b598b86b0a5
metadata_or_hash_conflict,10edc75fc4ef4fe085dda22fec40db18d26577f8327613398e89ce1f2d09e1ae,document_version_id=53e868fd8276b6fb6c0a7cc17d2919f37aff28e4643e32f06b6660aca1fe58b2
metadata_or_hash_conflict,5b75c936bc2af24fc817f62fd8cf1b22fb7e7392c889ba3e3e3e2e5c42ba0cad,document_version_id=a819f380dbadb37127a8cf116cc5dea8713fc07c0de607d0e77e2a6d7001774f
metadata_or_hash_conflict,a1b18af4f35574df52b8bbb555364f2a9ecc46394c167b72555d1b62aa8b69d3,document_version_id=b3150947b579dbb37a3e57a816b8ba9350b6c48b01fb4f2e9530377061869358
metadata_or_hash_conflict,0b67012fdb6aaef61cfcb1f72bc9466a3e54c9451c3ad500adadee7892db677b,document_version_id=57b4d07bd1e93d050e0b319a6e65216ca67254a5781a6079157cdb42cab287ff
metadata_or_hash_conflict,6c62c1496d3b2d5fdb27d92cdf0dbcdb2aa773b775d63af28ad81d4f169d0f2b,document_version_id=c7f23ff7bd49a06b7aacf7b98d5ad057ef963743bb0a013b26d0c480b56b211a
metadata_or_hash_conflict,1e9677700fffce21763a7a34add071e19d391aa1dbccd9baca768a5fb495bca7,document_version_id=2f6db2ee116668585deec93a7341998cc60c8977b1cd37bbb4837b2119cb4934
metadata_or_hash_conflict,5bba92dcd5517b55f0fe6171b636e8d43579287d649d6c30c641adaf60eaf24d,document_version_id=208b2dd56d7f52ce38028e84b62088d9ea2d5c21139c0d3c910afb585088b29e
metadata_or_hash_conflict,4e8b17e894ea4ebd817c90010133ed6583f1395d2f9e0b89c01175bfaa982409,document_version_id=bd4daf22b13250c1d9bf65d63260f48d0773de0207e403292891aa5bbbc7b43d
metadata_or_hash_conflict,696170d8eec78240a62d465a5733d0dd3b0ed874669f02f8b1617e7bcee6909b,document_version_id=b3d32f4e8642c9ce1a19d5e61f7aa9d8ba263e67df24ff2784f7cebd4ad2e506
metadata_or_hash_conflict,1d891e127c1fc8954d1f04cbbac3d38ba83dc67ab053c68d0b86daff7f908783,document_version_id=a1abd776ad4cb098c1d4e5b82a57b36f7854b9c72869b0d13a273be64bb87396
metadata_or_hash_conflict,ea0cce6567adf29b9a02298ca5b6ef84419e3d60fa2b865ded53386cc5cb3cf4,document_version_id=47a55217aae2f8fc74093b0a0ae35547cf984ff9efe86f0e0e63f22de91cdd51
metadata_or_hash_conflict,f247862a6538378035a044ab4f862e9255779df63a21ffd0e0e8243870b5f812,document_version_id=38656fe7a4f61751228a46b1a9d8584428bf259f8364c0e554eaee8ad5dbf4db
metadata_or_hash_conflict,7bc087b823b90ebda9d95b763a9f28aa9d4a552c08828c6b3824bb7f4475c175,document_version_id=c423f8bb243f3b6a635ab5a71622527620737bbdac737121d33bb94949bfb4c5
metadata_or_hash_conflict,d413870b93ddb3f500a065ab0ed335eb0cf8d24ffa63dc1e305e66e7f6fa9e29,document_version_id=f5d70c7d0adfe1f56d83f4577f49aa2abdc6f6775de49aa32fea903978042942
metadata_or_hash_conflict,d3578cfaf8df8ee226d874714e2b82e1ac3074cb58bdafa5dda6b2b67e3c667e,document_version_id=effaf927f536b1137d811440d0d811b71334ea2ef1a50ee72ca50d417a745b80
metadata_or_hash_conflict,1cb90b78eb2cfc90fc13af877dc722bd8d747110f8078cdd383908058fbb9891,document_version_id=b47b4d2de1ca6d49a078ce5313f8d3c58ec8b1a4ecc5c88d53ff60fa2b9c0bbb
metadata_or_hash_conflict,c022f0660466a979c98abe74a081adfaddd13e0a755d7f13bef26d3830c96a0f,document_version_id=83f79116c26652aba8bc09c15807b3af7a47d0e6563328e9eaded8fe759b3b3f
metadata_or_hash_conflict,5dfb5eaa5ef2f08f5952ee46edfba2a060cf0528b89010b4041d43ed000eea9a,document_version_id=daed68ee82bf475610c711f478cb4de4d7a6aef7e6d17f6eedd737465c5af6a7
metadata_or_hash_conflict,9445f67f23cebf605c9f418596bf33d65349874beabffb7f087028bbaaff4329,document_version_id=a44e32274e7b3232af5a38e1595625d04387a091a2720276396c7dc5e2b25c76
metadata_or_hash_conflict,3f5dce71cf4b471cc7d88abed279f2a5b11b308305ef0353c7c7b78256059d0a,document_version_id=99af970f7747676264d8d9b534632f175dc961a790b3d98bb44cdd3dfbf1a34e
metadata_or_hash_conflict,62f985b32943bbff4666cc0ace526ee953d6257877049598668464f3d9c3f313,document_version_id=639c47fd1ab424faa7393871257151b17d043368a9085075d9b87f25f8b33f4a
metadata_or_hash_conflict,e9e0fbf7ffc7b48a0f60424a38331c9734b5738ba9612575d4df8cb51c2922ac,document_version_id=10fbc6dc509346f96af2f54ad4c4871484d6c94a6a347e20d93b1b91d235c321
metadata_or_hash_conflict,9bb9b9814634cc0d40ab0bce7553be04cacd3ce1a4c45e5a6a9693250d9a5639,document_version_id=ce45554074654ab9392f77acc92906f875f417add3746e4d72682f58a54e39de
metadata_or_hash_conflict,83c970b637c11d39c928418baad073e87ae49aa4e049e5497ace5b7455d3facf,document_version_id=1ae2d9dce03609527e82cec162524d5f39e6429f7ec9583a91da46d8ae4c43c3
metadata_or_hash_conflict,be1b9dbdbae20510a80eb6187f68c12dbab2f0dcc355f82dacec2d342cb7e59a,document_version_id=6c06f80717a4181a9483c788588ac58224740de795b5d3bcf99d929493f103f9
metadata_or_hash_conflict,98e8bf181ef41162303022b30c3059c6d6e54ba04fc282af7585baf35c893eaa,document_version_id=d49d22256bbfef7603681717c7626427773c33e60eb328768b20be1a1f820a8f
metadata_or_hash_conflict,2ce77ac971a2470af0a3311b259fc6cd80ef4e2106bccf3972f8b026beceeab1,document_version_id=13bc42e3dfc4e7494aa9b908bb0dd78cd3d9279e0f23e9d8aa4cccede3117e26
metadata_or_hash_conflict,64c9cf0936369e4028e6c1f8f81903e293576adc38f3ccd3d33e153379bc28df,document_version_id=e2a8ffa0d173386934c4031901fc795084607d7edf4bc6b5c9ecd494668e8bff
metadata_or_hash_conflict,56b36f3b19a852246a0b7fe5c669e54fb19b31ebe880e6df0518165233978ab8,document_version_id=13f67bc3b5fbe4f00693ed3d99a0bd3c63351c26c338664ed0fe5782c7169922
metadata_or_hash_conflict,3f6bc88d97219cdcb1f64d921ee4a0fb6857119ad5a4454d460bd3d954b1815e,document_version_id=82c598e195fdf34117ced5605df6b7cc3106252a791667b5da6bc16a2b1d042b
metadata_or_hash_conflict,ef69d0840e083bfa9e4f1174e0439f564e3ff4fd9e84aaeef64f8cab7c5ac581,document_version_id=482d7d57d90a1fab776f2d7d980e659f3ab4fe481ce760435e4bc0e491927b0c
metadata_or_hash_conflict,e5d45cf1c4c27dbf306f4f1f92961b8f18b90b489c6011e74516dcd758b9f039,document_version_id=ccbef3e5df362768b3d322abf0bad400577e1a770e97fda8aee4859833b090ff
metadata_or_hash_conflict,2fe3ff376fe5b53e5eac9be8668055955ba4110efd808d12905e0f395db48500,document_version_id=8a91606335d40e12facd91574c221e008a2cf2d7f17caa3dda99f0373a9b0bc3
metadata_or_hash_conflict,559e7dbab31c859395a3da2521abe932b6dea3762c9aa7d844021f1cfaaa0d9c,document_version_id=55da186694da8786092bd6f460620971f9d1513cf3758724d1c2368c3baa4102
metadata_or_hash_conflict,f544324cf538ac28590f65d1b452781b5543bee4788f45dd1799978bdc58dbba,document_version_id=1b910df9f55cadeee984b954ee90298584783678133a2227f0521e707fff3839
metadata_or_hash_conflict,ca92a28ea2c9f083e7f70c96d35f2ca2e2fd5abd927a9af1c9c6d7f4805e6f1c,document_version_id=6c2ce0c595c71185a1c78a60d19e132afd83c6eda9de44789722597fa65645d0
metadata_or_hash_conflict,bf514ae47bec9feb78af4b7e666ba6ca57619a324e8c0427aee0416998a1ccc3,document_version_id=6ef821660e9d27a3d6ddeb202b94195d5b04eea2ab8c582534b4ec5b416da2c9
metadata_or_hash_conflict,f6929141d4fcf8a20cbae7d027806408f7967b18015cfb33b557c7257012a91f,document_version_id=ec30025c7757458d6ac2131a533a453c943ee3aad7fbb03380c7a2b66e9ea471
metadata_or_hash_conflict,72f87a368c9c1320e4b437fcaf641e80c6d6f1f41e016b01d93756a621b9e755,document_version_id=9772508f1c082d3b90af009f178df40827b55afd8b5f54165b667a9b99827c99
metadata_or_hash_conflict,b70beb6c936af98c346dff001a6ed71eb0de3239e916af4e4eb20ae464b3c2d0,document_version_id=c51924fa3a1d659b8a69141001e4aa4705d36bdf733c0f8b5ecb89041afde30b
metadata_or_hash_conflict,36c1d50d02c2cf37f61ee9bfa93989a43250bf52cd3aede05c2bb364e90fa0df,document_version_id=65d3bde4b17ccf435a441e0f909658b8ba47dcb95010f9187df17bddef23703c
metadata_or_hash_conflict,408cdee034a82929d40af57197b3622e896d5c41dceb8c4650e7d1429b89d9ee,document_version_id=3c37826b4aee9bb53973e95691d1b2040da40bbcbd0968e172192b8d112ef6e7
metadata_or_hash_conflict,bec05a2edc30fcb3a23014f3badf7c562b637ea2bc52cb3298d166cc838ec3ad,document_version_id=9465efd04d922bdf92fad64535ffe12e818fcd062c014b9e2b1beb78891fec80
metadata_or_hash_conflict,4a0540bb74bbd024c3c860394ee9cef6253f6bec5aa7752a42505e58df607114,document_version_id=691b78f14a5c4a1f542f31e198f9164315e07f10b1c21dadc530d6225575cfc0
metadata_or_hash_conflict,ba05490fa62788ec48b71e838f86c0ccc61cbc8d32b7ba4904cdcbd049ae0c13,document_version_id=33277201c86a46b205c171bb1241ec03f5c9ff1c80b1cc9a5c8077211ca4131f
metadata_or_hash_conflict,ba2c763c5ba0e45bc8c55a95a891798e2addbcbff7fef4019b811427700102cb,document_version_id=95f87ab8440d5e5a8b8616ef22a1f1b866d33407eed5382bc2b57e27fd6c2b36
metadata_or_hash_conflict,50c3f7567455ae0904735de3c4c0e0cb4ab6bc19969e21f2c8f0d454d93fdff9,document_version_id=b66667491f110555f9e2599c6380cfbd5bbb028d3c89ff7ae7db994eb0f6f908
metadata_or_hash_conflict,3053c14baa813ec17fcfbeeb161361ebf389a7603e595d89764cc6dba56cba38,document_version_id=a8d94bc9ad0b2f0568e3f9c9ceee8e6d495bb3a852f08fa5defb709c19603477
metadata_or_hash_conflict,c640d8849fe6b9acd69cd829f7d52b1517e4aa9e5caecc9da74ff5257ba895f0,document_version_id=ed6fd27b387017357341269e107988356be7df063090b856b08957b3b1814678
metadata_or_hash_conflict,bc9131535d3a15e131a1dab8ebb61fbc2ccfad2c21f63cd507a1fc869d2e1b59,document_version_id=4dab6973ff1bc46ca7da6d3747c46c4a3f055c2f9d1e45efab73cd9bbe54c6a5
metadata_or_hash_conflict,665e38c670dccea3061436422b3d476938a7e0ad32c06958fc6e09e5662f10c1,document_version_id=5230f0225a56df746de1ce9221be81de3bd2769ef9fcdf742f6da0ce63b5d341
metadata_or_hash_conflict,a41a28e3584af2f3d1123ae64e1aaa9a2cbe5c9fb1b6a3d3a0898cb23a4a64de,document_version_id=707dabc51024cdaf09c143e349f5f1725f9afe82a2cc13064356baa44490a2fc
metadata_or_hash_conflict,49c4ae8b27d5c5e1746ffa7e7267009969f0428b0f7b3489a76fbcb17a593ecc,document_version_id=ccbefade40b082925f264b8eb3a317056b94b8ce68dcc6bd0cab2911c4324db2
metadata_or_hash_conflict,b317612a1a78331d9df6d06646f5db57e39d5fde64e361f16e6471fdcb830922,document_version_id=c683e04567cfe134baca670ca963616879dfaf71346f378f4d001d35033eb178
metadata_or_hash_conflict,cde5c5ac0618e60e3e128b222a1e89c5bbe8738c6f29cdd3579322e94894da8b,document_version_id=37be01bc0ba9939141e6ee3980b66c0479e2213ea493190b96554e2e05563417
metadata_or_hash_conflict,ad71591976d3d542cc255fcc0cdfddf6fc729e640a09756a5560f1f3ee3baf0c,document_version_id=f45e416df5fad694014ea83ab9f78ae7e0b21d2e9c44758b7c719826bb26d18d
metadata_or_hash_conflict,a26ccf3211ce570b99611d1e1a525c01e5906dfbc3096f4492dd0b8f19919616,document_version_id=60136fea9774c6e3647ac60b2347b8afdb10ccb78bd681508185f17effe659b7
metadata_or_hash_conflict,c3386547e1b690e3d2a5b80e31d0646dd0c1a9c4bc49b42cc611cd830bdca8b1,document_version_id=3c33d827b17053add52ca263a2444df5ac88da94995bc24defbc323262fae6d0
metadata_or_hash_conflict,644b34aea8c198d614cfcaf753fb920b1895a08be2224adb0bf71354bf34e003,document_version_id=ff1eee3b321412bf3b895632b7f9655902f242d5d32f68eb0b8528bd9cbaddba
metadata_or_hash_conflict,9b1cbbf33956103d7a846ce4bd7b5cc1997013cc1ae5efa6213c2ae44d829c03,document_version_id=fc12959ce7046261324ea9cc955e2ee069bdfe33c1ca5d8779ef82d9da5b2dde
metadata_or_hash_conflict,b7587443563bf4603d4b6ccb1fc19104ad6d202b063c41bd6e00637cfc35f864,document_version_id=280ef780ec881ecae7e4eea48d30e465bad4995757692bcfab9e4799a2345157
metadata_or_hash_conflict,d90776d573a642d5e4774e5900db1389d8c8d025ee1f312c8b7828aded3fe077,document_version_id=a92d828615c9c814081d366a4d007dc4fd8b801287366ba3ae600bcbc5ab9fb2
metadata_or_hash_conflict,4eb550bb5129a31d5280527c3897d4e5a0c3cb8b30be927f1f1249c7391637fe,document_version_id=bb3d71426cf22b06f71f13bc54dcc546699d45cb95c2b016b8248edca8f2db72
metadata_or_hash_conflict,195bf353d0865cf1c68d0003a74d7960728037827ca74f07d5c34f87ce5c8726,document_version_id=a7b789b533a0a3b89f134477661a0b7b0a451208df89825b43765044f3b5951c
metadata_or_hash_conflict,e4c285facc983cefd3c3b6d78f6ea2f61204fb9c932c1318ed875e7aba876804,document_version_id=f281a5fd4bb3ffbbabdb581b0132a4e90555aa1c07c14bbf5620d73036aabcd0
metadata_or_hash_conflict,9f76f6379c97acc6bea6630bd686fe227481a9bcf58ce96622a896a273f4ba64,document_version_id=2b27e25066cce0a5be43e091fe9fab0b0f5f2ff387b788cbc88584585dbfbb2a
metadata_or_hash_conflict,8dfff3e9e72d8c9eabd1e763254f3c7092ed6839a574bbe6c9809ebaf84f9337,document_version_id=b974566d489843d521ec2223564384545b0f951c61a96a7164a980508afc55d6
metadata_or_hash_conflict,3bf50d48b8c23a6deaa8077468a461bdce836091560947c195e1cc3df8533e49,document_version_id=29841c257fd330209fbf769c1047895caaba1c3d2d38551a756bdfdac5d5d13b
metadata_or_hash_conflict,f8b725ae4e9e944737b0eb026dcfc9c90f8f944eed6e0556860b5e27efb0ec79,document_version_id=e6061827b3a8340decee6ca3fadd903fc23f81e03e7299312650ebbd37691ea2
metadata_or_hash_conflict,3c10f7091685b24638729ea9272955f67c93ec46d427d31d7ce8509861656d3b,document_version_id=7cc61fb7386c5f71172ac853bc0e51f7fd5f723210c5c2f8b21715ce38d631cd
metadata_or_hash_conflict,98b0eebb3782afd99021f4d411e85a6128ad5c3d9850aa47a1a1bf503e0b5c65,document_version_id=d7bc8d4a52936a3fd765fb4af60d744b3b5ad2c3a83dbf8df6019f948705b138
metadata_or_hash_conflict,6061cb30fa87b1a2350277e3316d577eca1278a96c22dfb3192ab3162b6ec132,document_version_id=25877af284bb1db4aa0057fce772a003dedb020909c45791747050404b949e3c
metadata_or_hash_conflict,906d0929e9026db6823d48a5d3d9fc4bcf9efe151e4a48013e788214e6704061,document_version_id=db36438cba22c00b51bd4240ffc6df205e070f1f5b2bcf9e60271ec7e7236f53
metadata_or_hash_conflict,1f8aab150118edece10331f81065188e8ba17c2f88c4c006106129afd2a9fc7a,document_version_id=adfc76437a2b2daf473d0fbf5b5069cf501348231c72813e5be6b9b1f9df8831
metadata_or_hash_conflict,61fed0e436589bf9b9785724495fa1a805913b5a92b71dd40351ba71f06051e4,document_version_id=1b0e206d257fefe6de3c7ba3dea4ea0dbb9cf2dc5ab8faba829ca8e15c64d67d
metadata_or_hash_conflict,5f87a39d482f4d274c9dadda0d433508b9dab6d22deb248848db87b5d009ba5e,document_version_id=0a52d9c81d6404a35a6eb16948c317f6109e501c50e83710f11c6ddb1b5a6dc4
metadata_or_hash_conflict,339ef62f3ec93b9e04a6d1bf97dda202ea283c65d9f03df1f375ad3106c32a9f,document_version_id=71dfd74a910d85fc88de8135f6d6eac59c80e0783942c79877708c1306e84b3b
metadata_or_hash_conflict,f3b56661369c9b8c4219077171d3d359a4ed39984472623b183a80121f81378e,document_version_id=665fb493667bf7cfbb381a89c0191ac820434c3ccb2963a9cd5e5fa0ef704c86
metadata_or_hash_conflict,6a69afd2d971d8e30f6536d7e6237ed8d39eb9a672ecde3e951d72620e90b583,document_version_id=50c0211ba4b1a7fe2f33510cd0ea96c5669156df301dfd0812076e079c75b41c
metadata_or_hash_conflict,fdd3d51ac1d087d685482ccb6ff25c2a1d2a6c892aa73fecfbf72bb0c1f55e74,document_version_id=72354f77591fccfe5e02b225fe5cd8277d968b402854553558233a422a773699
metadata_or_hash_conflict,2e10329d8c09543f76a71d89268c393e916d5f0ace90626407a4ee023a2bfabf,document_version_id=fb072a174b6a3c19b4bfaa59bc34d3ceb3bf14b085179f573a59604f98a2bb6c
metadata_or_hash_conflict,5bc9d6f5ef8d289c41ed067ca1026e09089389c8524df36a48832c6b22b688b6,document_version_id=aa2e1747689a995d33b1466d5e8830fae5799bc3a444e5d3b67810bcd307f87e
metadata_or_hash_conflict,8e087c8202f23bba66e9388eb8060fbe2e208e67e1c2f03fc8cff7f2819d1918,document_version_id=eb2609b0322c2bd36afce99a46247448f42f93837cde9d06c6f19f964580a9b6
metadata_or_hash_conflict,c97befcfe975382b0b3677ac00a6a504c854c1d8d1fb8729f91d93fba014dc82,document_version_id=ded81a7c010ecf2f193d7fe00de85a24e22a16298a255051742e65cd7f6aa77b
metadata_or_hash_conflict,cad09c65cd83e29fc04dd8548caca081f247f832547b5e9cbc2ec65a08f2f7cb,document_version_id=4e83c41784268a10550c37b5ceefd59e3f1d7cdf3185ddbc4305982d748a3c06
metadata_or_hash_conflict,3192de0e71d3b79f56386bd26c275563dee91dc4c685580d2da1ab845ef09725,document_version_id=b5676e6d8f6d673fcf3fb4c51c839c3ec23ed9fe68bc0b1f084979dc86ea43ad
metadata_or_hash_conflict,e30e87a2c8e06bca7e2ac7d77e5e2e2e18ddd6a1889a349785b70e145bd3f162,document_version_id=a35563dbf6b997cf32b638324aa14960ca9d0df62195c60b7fd4188589610950
metadata_or_hash_conflict,b75822c0267e9b48e6d4fee904e16a0cf8273388bf7d0c8883091265f8e7c72c,document_version_id=5d3b5c1ded8a12e2eb614bcd8b143a073bef0daee91f875e9ae9d84da7c5f5d9
metadata_or_hash_conflict,a02e3a9d8d876ceba306a41b17df8914c6a672f9eae212f2a7b2effdea555176,document_version_id=38e9d16220388a0e9ac1a69295e7aa5c12e4177fa08476775fec713de1768c00
metadata_or_hash_conflict,e62039785cf895c1755e921bcb870eda98d49d53fc1e62bab7b32f3091ccab37,document_version_id=52c95da7509d2b584d2fbc4d69d4d174c76985ee24668b80a40f19773a0a8e3c
metadata_or_hash_conflict,4b631fdfd9f377a4bb5c740dbb58ffc6d42a3105b639ce8c82e2c3f522134934,document_version_id=c690b6dcdf5f413ab1b151116b3a39bde434f09c40f6b26db6d0522ca81f92bd
metadata_or_hash_conflict,5374105a64eb9f813c76b36b4d4e9ee64fdd3d0fab9f96871424f441e4e25e81,document_version_id=90799c9bf91b60e48a8138479d7fab90b107993dcb5c970a5cc20672f92699dc
metadata_or_hash_conflict,bba2c1e4d7b3304f4b8989b418896a0ee1c00c429fe438edf9e514654b96f008,document_version_id=4b11608ad700535e6974684ab112fa4bc0204db4db20d00169d15b41662abe12
metadata_or_hash_conflict,15958cdd88203dd47d43721930d5d9488b2c3e8d3e4443cde4d3e25fd8d40df1,document_version_id=d37934f948efa8a4934707ab3a919a9bbe53efac77b80f9c4bdaac90a89c913a
metadata_or_hash_conflict,c9167ea406108318e2af2014fbfbc727ebff0c9da570ddcf073c3eef8b5a1db5,document_version_id=a8a6158d3936b4ae6df788ed604a0888c8a511f4a6d6e45054e692c551790b47
metadata_or_hash_conflict,fb9970d330e27a4c54a6d9e7ea747845870a3485d5b6f689a1e08dc64b89b420,document_version_id=6da2a6de313557b130df3dc406ffdf575f7a97ecb07813bb9042fa90ea46b701
metadata_or_hash_conflict,1d169be6268bf1670a41480cd683c437e6df5e3b1f2b048cee662ece2f8fedab,document_version_id=f1047416c680d6854a8d846d56cedf679967f1197cb13b80c88316fa22308725
metadata_or_hash_conflict,a90e995f4ea4a867b5801e36a9d80ebcd49b67d501dd3465d2e5ce94c822a967,document_version_id=bafb32315d054a017a159bfdc5dbeb9b68298ad19d0e088c3c36173b8f3dea4b
metadata_or_hash_conflict,bed2eef104ecfd049c30adaad5db31f899ec9615727c9274b1d036eb1810157c,document_version_id=5a7e18ed9dc2af08635703451f9607b5e470e4966710ae74c994d21917fd04cd
metadata_or_hash_conflict,c91f8298ef2f71f7d5033f482f9bfb7bb24a832822d859bf7f235922a3861696,document_version_id=4de541320046c54f14fb44ea7af272769fba72985f553df5606b6b5111189799
metadata_or_hash_conflict,cc598e4860a1c3a2fc33fb12ae48085a930ee0d8ba21cc2b00844c82c2aa4549,document_version_id=9047569773e584cf20ede517cca7eb0929900e631d69c1204565e02bf971b620
metadata_or_hash_conflict,5d13207287a9ab844c7630cce3a20c0938950ef1e8bcad64129a15d6561b717f,document_version_id=e2fbdb310e8e776b3cad530692b7da75d89e988eb9193b7708430d6cb79d91b9
metadata_or_hash_conflict,7c964f470e1cdd885df69599696aa36de6a23de6784624912a5733e16c4f1390,document_version_id=50b4238b75f6d91ff06c7bed28d4c351d08553c341c2beff111db241bfc606a3
metadata_or_hash_conflict,fd86e23f30fb970bb9d4c353f939d1ce5432cacc7a91b17dae0d0ceb3963aa3e,document_version_id=a5e53446ebe9b01dfa6b9dac88b721e966eb14f1cd462beac388e79a79663eb3
metadata_or_hash_conflict,75946eb635b4a8ab9fa34abf9cafdac827210bd925a4ca607765bda91ede6df5,document_version_id=6273dcb932f4c561120a4b143747cd3de92d6f293b5f14f254da859d57ad0076
metadata_or_hash_conflict,56eb7ac5e0bb25d842f0ca091992a3eadfbd233bb94fcb240f8a93584e586867,document_version_id=9deeff0cada6dccc86c4989d6f057495d3c6834391925354e3cd7d3de8c77d7e
metadata_or_hash_conflict,b3f93ceedb175ea263497cca3903576cb3839ca04b48d3cef1012cf30b40d998,document_version_id=caa25ca0578fc8885a32fd9f4d1d1cec2e415366cdb1ae71d5d77bab480bf0a9
metadata_or_hash_conflict,b5bf885d65c096f64fa73bf1806e051675f92a4b4f9f4577f103453b45ea7e32,document_version_id=ff550a67c422babb293f22606051b9c6472bf87a6c361a4ac041dc282256cdcb
metadata_or_hash_conflict,6425f623277d10575c1b5318d3f4681b76110968bdc1980e169f1898b321b303,document_version_id=21870e312eede4a79875db77d3342aebe59d7cf18b0ed0a02330b3330fc82d27
metadata_or_hash_conflict,07c3782409c48c51d97288aa6f9c16650b307afbe0d4f9199d9cc6509d9cddd2,document_version_id=364c2e5cdafdf447d7b6044541487339ae239b37e507061c974cecebe48d011c
metadata_or_hash_conflict,b6db49f3cac147a10699850031ce61b3ebb8cc451063a0c333ea7e62596b271c,document_version_id=b84ca33fb88a5a6246de42c6b547d2a8fba09e604fc63860de2869141b3b7c50
metadata_or_hash_conflict,c33f2381eb1c1e4f82052e12328b8776ece782134448865255c598a6c7c29f25,document_version_id=e13487661a3fa45ed7695bd5101ab345e4fe4a39d43377f782e8c39c968d84f2
metadata_or_hash_conflict,1b218fe64770791f168c6fcbef9f99487af52becae75bf44d0aaf16d3eb36a10,document_version_id=5ed9e4d679577cfbda48dce61e3a04b8b37673696ffdf8b9b072ecd7ab4cb09c
metadata_or_hash_conflict,93bc068c6716d8ba9262415a7e351fa5f5d189b50ebaade8e4b110981f0d7fac,document_version_id=b0e64beea370f2d3b8d986eeec49871d922ffccabdaaa144759d3d4ddb0eace9
metadata_or_hash_conflict,c966e3a2bb0d901ed52ca8d8f20f9e80014875e797645a4635d13d6ba64cf7a7,document_version_id=eea66104a9a99ae2c4578b6b49fd7ccde412c37a2a1fde90bdc24daf35ee3ce8
metadata_or_hash_conflict,9db060dfb8b7a6134331cc66fea936f7b7fbf3e599d48afbdeba67af699642cc,document_version_id=c2d4b639d30ded5e39d9e2971147a764404265994ba7352532da530ed0555919
metadata_or_hash_conflict,952ca5cf422275d03e8c3dd5c34925e413bb358f8f155850a37da652b5984e9a,document_version_id=fc56f2d60d617d77778bff68136ede8fb868c00a2faf73d6e9cdde9ed617f61b
metadata_or_hash_conflict,b3d2de3aceaef2ec72b67e2da4eb6113526e5f3931ab1f78f7a552950abccb77,document_version_id=3a9f16535c875f73f12e2bd19d6f2c5d754ab1b3d87dbffbe914504fb1938795
metadata_or_hash_conflict,7f6891d97b4358b2b5a94e68a8fe051b244222068fe71800b6b09df7ec0c9612,document_version_id=13f917bccc294d9ca0fd4aca40d1a010375c24ce286427d93ee7b97127b86d13
metadata_or_hash_conflict,f0d8acf6840fe371dedcfbfa2a04f7d7f19057645a9a6875ac52bb45fa7403d4,document_version_id=0d77de12ee731f18ab55acc579a8cc326822a05149900c25010089541fc6341b
metadata_or_hash_conflict,e15cff94268554292509a192a07e513d0a4aa9dfeb21baea6212221b63eef2c9,document_version_id=ca618ffb936caac4fa083b83b225797bcfb85744c2408ed5d1ff95d6f3e75950
metadata_or_hash_conflict,d60cfbd8388aea78ae5285619b648bbc77e4e9fb044522259cf188817383f608,document_version_id=4553e8ae33ca33b33c3b075587a3fe57248a46e93cfebfdddaae717a62eb7f62
metadata_or_hash_conflict,ccedc2c41bf3011366f98ee54980bb7c739dbbbda429a95608086f10883a60eb,document_version_id=735a0af580516506236733468890706923d0e5ffef90e6f2b459236e01e7cbb3
metadata_or_hash_conflict,07d051e50736d1fc30542bd572d18ca4b075f57549a4e7253dbdd2deb0bcc1bc,document_version_id=45e15f3f9dfe8bcd4949e66fd359e7a0fb9e1d17804b67d315cb56cd959947b0
metadata_or_hash_conflict,f612c7ba8fdc7caa172e6f796b4d90c327230f1811ffd14acdfdd369f1771c2f,document_version_id=5dad4b7357ca510bf3e4f97f982199f10ac9110151c6aad69d9b5f77d1eb91a8
metadata_or_hash_conflict,33996a17c628c0ef99586495d5421f715ed076936d5c4d9173708fc5db908cc7,document_version_id=1c3c199ed5784681b90588645787f0b29904878ef0459c8ac531e15538b03f48
metadata_or_hash_conflict,da4430cbf1c3ca2d798c2433c9fcc33662c805001904c02d20b5c441ccfdfc3b,document_version_id=4dcba7d01a5d8ee1d17f351c679799553642e4f78c9073dbe7e4da65189378a1
metadata_or_hash_conflict,72ddd65f2909a49fcb5d0697c5caaa801201d46323a77d60e909bc33ca4ac999,document_version_id=a3367a4ead662021e1dcf69d7b3d9e0eddf360084b777034031db2a709e39ba5
metadata_or_hash_conflict,313ee25f8d5df7e36e33045f865e8da5a4e1f9ef8743a3ddfa0d5c8becfc9ac7,document_version_id=a50897465c1238484f0533e6e9d1227bce2d5ee12d60774540be272486d840ab
metadata_or_hash_conflict,150c2e3d6933f67dffe46f9801f3a2b5f808a0637805fa69681216146af1c6ad,document_version_id=5b8b26c9405bffcaee71811740a23ffdbeef9be16bca83f43a929357dada9c5f
metadata_or_hash_conflict,4bf7c472bada2eace006136b8cd2693033ee2429937d1dd3d3c3bf8de94e1ac7,document_version_id=11e2c089e6c7ef8c8e817c574f66709d35e48eb2feb4e5f147b8d582cf2e98db
metadata_or_hash_conflict,87f6b4b31e60b93383fcb519bcdeef5c308e15def72e3ca64971524f8edf06d2,document_version_id=8cf33ce3cd340cdef41ad112ca18aec23b314cc93d494d2a2a7781a1b19370c7
metadata_or_hash_conflict,8f5862a223f9a5588773cde76992a3e3a58b58d1d0f22210355f59246ce3c2c6,document_version_id=e50a549a554de13e325ceaf05faa18f9203374277307c7daa375633b9b4847e6
metadata_or_hash_conflict,03efb23b7a0d64c2241723fa81f591835475dfc84279c0793f911a68ad723e19,document_version_id=ca9b8228f3e6536065ffce76fd4be196d363fe581e61fd93815b9cb868a442f9
metadata_or_hash_conflict,3153923cc3a565637daa52d8682a775070087b806eb38ff528829eeb05bcdc2f,document_version_id=87b4858038395bfd5830fac7323246af142422bcfbe47f54ba79d735b0c78238
metadata_or_hash_conflict,c742bd348ade18a128cb9f382693ff4830e3ff009d4aa9aca756498c47cd0d99,document_version_id=29fd74bde126ef6ebce8305aa4cb10d2aef948731a69d42791b2e960bc4e4c73
metadata_or_hash_conflict,7e37253a355797eee4ea07e1cb9d9f6dcf5d272e08b5580ab3685bed36e4fe63,document_version_id=69ee30c736d4fbeb25aa254b3466e4d2397733b6192bac9dd20a2184f15f7fdd
metadata_or_hash_conflict,52c7a9aef63097cdc303dc8e43b957e5c0a99e418cdda8152c0ede3306fdfdea,document_version_id=82ecc7943415d202b9fa270f8beb724f5daee891ccccec3c4b135a693edca242
metadata_or_hash_conflict,33ae5122ddd7ac9e803195748cb67cbb1f9c9aab7422f041293abbab1cf073a5,document_version_id=c8999ebc6da42d99809b7e2c74e93eb9bdc3fbbd28319f9f3c3e57d8a50a09af
metadata_or_hash_conflict,b302c6309464988dc2ea27ef214a0762dc36a3a06094f7b589b208862154f3fa,document_version_id=898ea9021fa3ab64a580a3dd57a4233633969e4466ca3d64234db4695734149b
metadata_or_hash_conflict,a64277f63b94ed696ee9e388f2f372e99e479181b52ee47729ec343f00e54fa8,document_version_id=0196f7c1024138c47795555977e83e6149ff8866f52edad6d13a4354b2a71406
metadata_or_hash_conflict,35a7c0f65ffd36a4f96f014e73e70aeee6e17c226f28b9de890e6ee620eb022f,document_version_id=6b9a0a15419452917170c9340fd69508cbe5ea0132c7020d9b9ddc4e9ae37ea3
metadata_or_hash_conflict,6f97e31d5a315c32393d4e03e1e7c39164eb294e90b7aee3b303b41a81106e46,document_version_id=bf4ed52a71814c163118fd296a527d3af39ebcb3f40f38b78fbac431665d3da8
metadata_or_hash_conflict,b66199fbea09ca4bb44ae9f9b7743d2db3448d4d50142ad4adf9659fc289c3b6,document_version_id=3c7cb4b3c0746e13e07d14a46bb18a06aa9d4e7476f29ddefd73bf7e4bce0b10
metadata_or_hash_conflict,d0ef1ff7aad6cf2faf981817162a9f2dd0f03c2f0060c1bae50bd159c97ef5b2,document_version_id=e2eed4ba0af14ccb1939a9cc7ca18d6e74db4bb765bee094cb8bd25fa4fe0594
metadata_or_hash_conflict,5c559302d396979886ac6ee02b5924590b4eeead1444d084f281e6efa9a1f453,document_version_id=a1229f37e5d019d33ef63fbbdbb5549c0c541e03994d1a5d5d75ee44c056b727
metadata_or_hash_conflict,7e793db571636843b28103aa64c5c41a006afe4afa59748588faae48e4e8ca57,document_version_id=c6e5eab87b73f9e412efda5e131754d9308f62077ab215e4692bac2dc117b442
metadata_or_hash_conflict,0f2a031787dcbbbcef8f45e26e878ba4974fbf95b1c7ce188d115dbe68ecb19b,document_version_id=028d8a442310f8839d111aed1c345f1838aa12948ecdd92720e632962ed99a87
metadata_or_hash_conflict,246d0ede393f237b3f8708a5ccde305eff12f176b557eabb10a77099e60a4bf4,document_version_id=4bc28012550bbaeb57982b285c1f05dab66478435bfcf4bf1a046cb7f5a88ec7
metadata_or_hash_conflict,ada370f4e26c1d22a0e92f4c67a1fb2939ff255fd9e3fc925dab62a4fbff1617,document_version_id=4cc368e0bf20355cf767f92d1c6ff073da457ead85010fdc46b69587841ce8ff
metadata_or_hash_conflict,381e1223c24b2e308120ed5689180151b2166ecfe6b1e2c2c759cd1e23dbfa9a,document_version_id=6131db09935d059eb8dbfbb2e9812de2f4d5eee78b262a06c9520267a95a19f4
metadata_or_hash_conflict,67648755ee451e1bfa89a3ff2ab7da058d33e0ddc9f1361f23d3087da2fdb6d4,document_version_id=79fbf1c3d42fe3237ecdc07694a95fd98ba41242273a7414e2335fea78dd4f1e
metadata_or_hash_conflict,a028754517ea5db877a92b384c32e90fbd8305d623f21bf79750b59f6d15b929,document_version_id=13072e465d6ebe1fbeecafa437dbb4c42a45b586ec43ca245d41ba370437cc1f
metadata_or_hash_conflict,fd1d493d133cd44e8b5465d370e455ec99ae14edb27caa55fb8d0048234282dc,document_version_id=72407a15a8bcd45e7600f9ffa354aea12e92ac35b8270db0862c0902aa00f130
metadata_or_hash_conflict,36a79f5fb3be3fb5e03abd9ab1033b9ee10086199a89899bc473e0720f407dfe,document_version_id=4f8d8b67dea0f614555a9c338cdcd27dfd366a6572a64cfb04bda7e69e600e28
metadata_or_hash_conflict,1359c72ccdb2c150e1e884bb06ac49da58dfb66c5b86b102dc538c43eabad59c,document_version_id=a3cdc2a13dcafd637483a82efedc6c23af29d7ade6f3e3a00d35cc9357f4be6c
metadata_or_hash_conflict,ccee07ade31ec7fa39c5a754fbce3b74325bfabe64a4bf8aa2969e43c36389e0,document_version_id=8a92b187526e70d4fff88d7ac3f602bc2c0e519d62a96f95415728f2918aea82
metadata_or_hash_conflict,76c36639e0a06e2e55c06ed4d2281e0f8e908aa61e46084ead618d9a243fdcc6,document_version_id=d2676a1e42aadaeec7440f78d4722e38e3e7a651ab3ba5b70fcd227609ed6fee
metadata_or_hash_conflict,6e7460e296e549183efaa0277a1b638463112e3bbc285517e96025e34c0b734d,document_version_id=50263caf482c0baabd8310ee1647540a615d9b1be4f488ef24a0cae344e5726f
metadata_or_hash_conflict,5072443adfa9f13513ef7f182fa8d8d633b0718e0f937b98196e516468ea10e1,document_version_id=64f30b16db717ccdccd0137511bc6b97b342c2b03bf48728f23100829f1b9573
metadata_or_hash_conflict,35a001452e4e77cabb3558807c3dbc9e3304552fbd0d42f9569ab0547c87bd5e,document_version_id=7634a32321a84f47fa26143857c6260e018528f4eb18bab903cb556f2bd19984
metadata_or_hash_conflict,2252dcc4789ffb28e74f49e0af4a744ddec68b321c13883ead330a96f6b09992,document_version_id=3ed43fd454c14531dd39693c6460318f784cfd7f01f1ddff395b3072b55041d1
metadata_or_hash_conflict,6d3f9d6128c72dcfbae0fa62c8a1abebab4f6e2e6ccb5eb23f577b25b17aa8fd,document_version_id=4fdc7d1b066fa8c904a8f94487d252581fd6370a0ab8d77726802f745f8b2731
metadata_or_hash_conflict,423f14715decfec907001d91bd17f997863a78bdb06150c45dfd825fea79c875,document_version_id=3a7e4275828c6d15d2ae6c5013c6ec67458329b6ecc9c915a8e8ed4f89f5165a
metadata_or_hash_conflict,c478bd69bd2f6a71ea7de512a276aaada943d369574d79d20dc28bd62c7263f5,document_version_id=a82ea952f9f73f789ab1da0db3f17fcdcfbd8f96802a5c47ba3ca9c23b0f1b00
metadata_or_hash_conflict,e4da90390643df12d5833c563fa2d7f289077a166be73f290a9c6a6a0b5a3dc0,document_version_id=b0676ed5a468692ec5f3ac2a8c8c38eec563c74d2bd4e15c9937177e46a12ae8
metadata_or_hash_conflict,5641d3edbdcc07a7636b27a5af157e627ffa923887db505df4be9d362363b51d,document_version_id=ecc49b8e68635e668693aa2761d229d69038eb8b21851b0821de7116e556316d
metadata_or_hash_conflict,ca2f433335248d1bd9f18c398467240637def7a0688c6036780616d42a926596,document_version_id=1103a45f7fe5e03fc6127a3b3edf0652b4963dec3bcc55bead45f34d7c2b17f2
metadata_or_hash_conflict,e574b88fe5496cd4ece2725d5876d60e44914d9af315416c56144181c7c9775e,document_version_id=795d851be8b9ffe3c6cbda0706817ee2217b01384532036f6374e9aaa048c713
metadata_or_hash_conflict,1fa809df4946eea7ba92b4b61abf6d3915464bd2aef62c16796e3688e174c987,document_version_id=f76a5f1d41cc35315f517f3646d92e0ebc8f57abcaba80d15ff24baada3b1770
metadata_or_hash_conflict,da30def8282b39766bd2ef88f3da73e9fc2c7115f3466b89623e0990559d3f1b,document_version_id=b460691f46eba5c221f48a98a47b4c4fe3f175ed8c3781715952dc04b66e033e
metadata_or_hash_conflict,856051f679924eb14e33aed3eb85cdd77375b0f0def4fba79f6f7ddbe299e764,document_version_id=cd1f1a8bfc4593cc2bf1d75efa8214e377dffac25bb69bb24a96afb7ef66e9b1
metadata_or_hash_conflict,a258b04615ea55c8ade8fa754aa549200de54a318b35add03075156949c9edcc,document_version_id=50bea32c6377e00843cf213cd7e5efb8400e3faee1aee6c83c6f983844a4d7dc
metadata_or_hash_conflict,841ef5f733bd72ffae0dd659a9dfb321b0a5d1d78c4ba6e4b14ebc6691eb941a,document_version_id=597c089a044016d1032b02c2f9cc5d4f4997678c35c246e961c1eaee6c6989c6
metadata_or_hash_conflict,d6ab9ce9e53304245796a94c67aaf50c1cf67eaaf37a3bf2149f2fdfa12178cd,document_version_id=24f99b4fc4351cab0d59ac6aef72b00b4a15aaf6913eff348313452beff387ca
metadata_or_hash_conflict,5a99fe1c36e8205de0c6ae0b72d2b83546b13ebc58ac6f2944286d3c0f1b6799,document_version_id=7b3aa0d768116c4b17d3742fcac7510a2ff107b7efe7a6bd28b26a4e1aa5f761
metadata_or_hash_conflict,f69f3ee8449b9245f2fbf08389b51389c612c064bd00b93205d1418cdc4e6114,document_version_id=c69d4b6da20305aa5ef2910f42eabe4a0ccff5d4444e02ef6b921a90f31e27a5
metadata_or_hash_conflict,8917ca692a6b454b1cf80063eff0e7ab5cb86ea2740a80db8dc9760aefc00819,document_version_id=005a500ae01db0ea0b400561db1101190fa1e49d3da795e01a8146243cd135ef
metadata_or_hash_conflict,48db7532753b0eac786d50eba91482b7456c3e5a6989196e1065f44b642c0f0d,document_version_id=b9e3ad84478de95fc18b627b35f6afd9f7e07044ef997f5e2e1f7161bfc95d6f
metadata_or_hash_conflict,dc82caf41ab367340831d1269b354b8113fdaf37094a1881e46f866f32a54ca9,document_version_id=b017301b1063352686370b6dc630168930ff560fcba8df0a59501a1559a3a342
metadata_or_hash_conflict,7bfb1873c68e7f8c6e3e2bbbd0ff9549dd131194769d9c3291d86fcf84f3fa5c,document_version_id=6e0e2a9b122083abbd747d74fcf7313cb1c5c951bec792b8f284a951b50a021f
metadata_or_hash_conflict,9859bd3eb208c5daf07b2a7b486341039f74b137954226ee85140eaf6ba7c7e1,document_version_id=e22b378012a03312394b1dd392ef7782a2a399e5a3cf8638b8a9c5e61effce5e
metadata_or_hash_conflict,1a7a37cb888ee48798388218a191c693c899c450542e84b0b2a0b9e231cb1573,document_version_id=27dc802aee671235b2c21782a444109a3bfb1ebac6a95de5d2b7332fbe95d8fc
metadata_or_hash_conflict,48e398405c201e2d2da67707d2381088c97b38ea86618174fbb61b2404a8b5da,document_version_id=915d6f31348d677772fbca6fc13dca016e1be7eca37be9e08fd28ed53e1598c7
metadata_or_hash_conflict,9531dcf56f89c5cb0edd2da26420c0e44d755e689771f52a38e3b5a18b27790c,document_version_id=49e2f3ab8d817297ccd93c1d7148fdbb366d3f7ad601f900fae308f9a146804b
metadata_or_hash_conflict,6cea68fe029205fefaedbda121fb31929fe043f060b8cb8ec48992546c32f03a,document_version_id=7b411ec1c134ad1eda46be419a84f285b73af808c0dfa1197ce660dc349adcfe
metadata_or_hash_conflict,4bb341f070fe3826022292d1d5344f6e3e97d4dc5d25c4459ea1e7d2610fe669,document_version_id=de306a9f9798b6d04c5300cfdd25023286cd47352725b0b7807427c7690d5d51
metadata_or_hash_conflict,f97fffd87df2d13e0e73df1c9135808bd07c15b352638704ea32dee67744056a,document_version_id=30352c6d5d7e3cfc211a41fb024ae44c5a27dc47eb03d9700e383d328eac128d
metadata_or_hash_conflict,b732c479c41335b96d6a9bc38fcb2c14d1b34757db5ea3a80e63afe46bffac3c,document_version_id=23a6e47076e2cce1aab9f29d25ee138388af37b0aef3d2bc117f9ec4c5179095
metadata_or_hash_conflict,345572194a935645d09200036462528ed46164dc57a7f2c518e2e17ca07924af,document_version_id=b17179b338bd89e0bcd3c9ccf7c673639b5c7ba704014f7ceed2edb13c0679d8
metadata_or_hash_conflict,579d30a893bfc785c92bf05b58220ec86f6793fbeb5a9f0e919db646acad6c11,document_version_id=16522b924b8a7f9a2ebfd1f441c64d0a284471430f25574c9406c966a0832e32
metadata_or_hash_conflict,efa67ace57900a8765948cf30c9cfeeaffe0b5423fcb79d8481c0a7a0b91c010,document_version_id=93a235f897c0c0828c755f9460472f9593a4253546e05296e04afe187689096e
metadata_or_hash_conflict,4e5054e591665319126b5080db9be0e13d15313abdf93146630995f9f71554d7,document_version_id=7a945d5b5163b4360f588c63e4946b9d20a252f522d389ea21122eb46fe33e4c
metadata_or_hash_conflict,fefd12ad626cc04e8d119903fa1f6084c869a0bbe9f9325f1d3c582a8aee9732,document_version_id=0a918a2de36ffcfba098814659b47a98ffd9415ce8f1a542570fa37cd4c836d9
metadata_or_hash_conflict,2b3264500ee6e928b24515cfe749bb9ab6ca76adc0e75e79eedeb5e3ece968de,document_version_id=bca4f6b5ccd4d3f09c9ebb75d37df4afc2ed4ce03133dc3c38498b99ddd7c996
metadata_or_hash_conflict,e11ede0d0f84ea76f5ec91874ae3ff2d6cea84286fae834a8a68bc1344f4c506,document_version_id=705c87d757ca5b55accbded809703934295ab15081205da010fb897fc370d8da
metadata_or_hash_conflict,6e4dc78691611ae99fc0f8a09f0ba3f6a1bedd9041b8f236bb36726c142fb69d,document_version_id=be4f641192888c7d8076631cc76ef89f444fecdce0cac5c5e4ff367f6417b134
metadata_or_hash_conflict,6df289abce96df6d764b2b7470065f35831ad3e1113797fe992ffefe5a3f54b0,document_version_id=61d4e0872e1a3d0c5224e7c335cf0bd970c7ea48fba4248c8665832e0a7c6340
metadata_or_hash_conflict,28d1949236313d5dcc3ab2952da6213c9c8e8d69aeab117a53d91cb643d321f3,document_version_id=b9887b10b529d4f3192c62a6999092117680a416f9b1fe55d4bf8620ee0d987f
metadata_or_hash_conflict,4b67ebccb96f4ac6797fac27c9029eb03c780b07f4bb04fca624e832c47ea605,document_version_id=aa99fefdadf9a6096ba2fb10fa34bfaea612246e910b3fec6ccaa393c4d67fb3
metadata_or_hash_conflict,4c4d463e51d4a1f78cb9908ab017d4cfbc9893232f9c939993659df32b240a7c,document_version_id=d1d1b11d1ef0b12a3f83c50444e396d3b150c8421e95bc3f816c60e0b00972b4
metadata_or_hash_conflict,1266d5149e659e0b112474f154167054ab8f1ca42a6e983f022470d3fb2a7511,document_version_id=7a11d3800259eae91a142e504544925538370a858fc640150cfdb858b4b048cd
metadata_or_hash_conflict,3f2f46b5c2e31bf4590601b28162874433501d6d0512f317a2aa3fb0e113b7e9,document_version_id=a3af3cb8fd10648af5f648f883bbae2f6335e1d38870b472f1335dd325c49261
metadata_or_hash_conflict,467e7c0139446cfa3c208e363204413504453aedb3c24a6fa53915579cf47213,document_version_id=8eb91bb8b41c66bab50246cb8bc81a86d3daa30ff91492986b4941d1d030ba35
metadata_or_hash_conflict,361066a276a0184cff510dac09b98f180d12015f1d6ea5a2060404ccd17d9e10,document_version_id=ab067a4e7943467a7da50eaf500cb31afd12172b23eac5568740b4503b645791
metadata_or_hash_conflict,3fa431559b1b0bee51a970436697d5e34085e6f4c22fff89a2f83b8f2c96e78d,document_version_id=2eaa50babea798ed2637f4090a22bfc65f93d09f6268b8732f62e9dce09603cb
metadata_or_hash_conflict,f97170d1f8749b4ae263c2c9af022c40776e028604d3828f1205c78af495b9c8,document_version_id=a92910d88f2405b19b3a37fd7853977ba7c3f4eee4daa7d10a1d81bf4040c36d
metadata_or_hash_conflict,607ab7b3eebe75fe941d04131ab4b76283093cc7b5437f381b5fbd4697b004a2,document_version_id=86e25e4953d679b8cf0ff81613b9333d2235b2f921822b8b1b0ffee1df2c3785
metadata_or_hash_conflict,e9bf3610e169e75d3d0dc8408e6b8d431cf6b254680deccece8b246b75d5080b,document_version_id=93486ee4447ad0b65897350c67ac53235a72b91ffa78fcfb788b06b91e01acd1
metadata_or_hash_conflict,0a214da934cb9502bb37f1a5376bf318963c72481c4f1015c4568fc7b1bfe2fe,document_version_id=cc5ae7e2f097c9c18b7f3eb41b7a4dd1f9cf9bb6cf5473e63a33ca8bd47ef90e
metadata_or_hash_conflict,c8d52135523abcb9092fd83ae0e5ee29b1698a2111822fad99677518750560bc,document_version_id=876c96e97d1d10256005708a5bc3290648f15135331c3f7332a9209847208593
metadata_or_hash_conflict,f9d1414b31fbd6c7cf7c77e016f79bc17e2f2994675cddc562d7dacdc91d2946,document_version_id=00e6858ce4ef07300aae8b70863a79a933312bf190a25451d72a49289f0ad4d3
metadata_or_hash_conflict,ac30c4e1119d17e58d9334ccdf7b5e7cc6bbb7ecbf025914052a2b41e03ac7c3,document_version_id=91feca6b220b7cdbc0a34d2db4375f7467dc52cb125319831eff7e0e4a850bd5
metadata_or_hash_conflict,2b67ad30a33459b0d21c06dbcf76ca72e749b03773aa34ec9f1b9ec3f0e77b72,document_version_id=04d81fbfb3ae3cb4b043160fe76e051e8879891d8c97de67ce2d5458108d7685
metadata_or_hash_conflict,e39e5566a20d8cea10f778371ac9907defd2a6a6d636be13f04f32db57dbaeb0,document_version_id=d04d807785480ffc9b87d6b8bdea1e67e5fa30a591b1be6287d477ed8ca4ea95
metadata_or_hash_conflict,6c7b4d80aad3a13184c70addbe5e7e60d7cbf1200e3f8852500290ae2f8538a6,document_version_id=11220154faf09e36746bdaa7f57463111b1f50bf2d926845d3293ce83289be12
metadata_or_hash_conflict,ae8d88baee019bfc0ceb01224f2d7a404254d3265db7cd63887552e1945f789d,document_version_id=13da8c5495e7065007050d8dffb9012c23fa4f4d132d7c000b5e8f1d6f813b79
metadata_or_hash_conflict,4a9f37a43f353f81a7dc4f714b1c40534ce53398c072bd60b92a50a69c64f238,document_version_id=49534c87812e8affd0f6cd37d952daa00e9d9cbfc70c0e4c9b228cad80b07495
metadata_or_hash_conflict,dde846db32f09da234689f9628ee4f6e0af7415bfd233728b41634a475e00226,document_version_id=cd0d21ec7bc28515909e511187cf2cd626ff7a08c048cc40750c7eb597f4e5e5
metadata_or_hash_conflict,a6058e909799428e4a3e1cb830c2fedadd3cc49278e07242a33a4c0f2ada320f,document_version_id=5a1ba9407f19835ae61393368d3dcfeb90cf4e6a42ffe8f6d905bf01f2cd545a
metadata_or_hash_conflict,fb15682908bd1f342255b4a7155375d4c0f5e7090e640d11a19a3feb0d429968,document_version_id=37ba9cacec4ab482577b14388b8875e2a9f8470c9bd91161407ce60d10ebfe8a
metadata_or_hash_conflict,e95c3776b298258e6993fd70494ba093371eabb065cf636686978cc079bbf7a2,document_version_id=25d9bd7105e7feef7e83585bf6ee9a7b79634bc413d0051d5dd68938fc6a4ea8
metadata_or_hash_conflict,d8226851560f08f217585dec881a2e8802244229ca69f62e00222c9c9d5851ba,document_version_id=fc861476442fe3ac2130f968c609d7a41a24d2315ec0e42f94fdf3e6047c85d7
metadata_or_hash_conflict,31d5d8956c1c7dd3248a24a0cff5cc6746855b69e39bc68731fff8c91aef9629,document_version_id=dde149011cec37c36668e75e375ce82079954bc0066a2c6b9196ae481cc4b4e2
metadata_or_hash_conflict,eb7e4b6751db19ad3008ed3683a51ea6bc40181296ad60374cf0936a4839601f,document_version_id=f27997a338d181c4a5cb3e5734572271b9893444d504c760e509160e8c949297
metadata_or_hash_conflict,592e846e99c3a330a822e4608f0916371f5e78783aec8b375fa652bd42c8b674,document_version_id=0ad84ff0897c2e93033cd7b91f3138aace365f579c4e77f986ec25ce1de36db8
metadata_or_hash_conflict,39eeff3f57c550786f0ba412f7f2ab7546ee83f1b673f0f15222e4bdf65029b9,document_version_id=faa835bfbba23a9442b3816ad92d09026fed8d606f5be5fcb065f1d0027a7658
metadata_or_hash_conflict,297d597a8cf0f87a577daccf8292e54be10569f7a8d0759cbeaf0fb33ca3e305,document_version_id=84e52ac11c5ffe768cfcfb22d5d592f0dbdbdadfca1649dee270b703ea01b313
metadata_or_hash_conflict,028a932cd3a9377b318a64984bf0b8417e51e82afdcbc534a7e8d5be9570ebfe,document_version_id=f194898cd0a01f432b3aeb7072637e0d90ca1863e886d06708ad11a40c744f81
metadata_or_hash_conflict,812afc887bde434efb7962208e11eece90322213fe98e0d2d9a81e6a7ae47a1e,document_version_id=24c6628b2580bf1405e0a169435911c39ee63c89752d7e61df3cefb0df357bc0
metadata_or_hash_conflict,e5f2fe6345625cb98a5ecb78dcc86350fb9591b0f4b091e8242c6736e58c5587,document_version_id=fb38a2a46a5aa5a0ab9f62436702e7b9906edc98c433bd7d9bfa0f870a957ea2
metadata_or_hash_conflict,3d04a8103c2d53df4dfbccb45695020a636190d4ab181329afa50d2278438b75,document_version_id=1a1c879200c07fe92f9679621a9e4aa4ecfa789fe0628f819fcc9fae736a0968
metadata_or_hash_conflict,cb1cb487d92d3303c84f1003938d1f10a564eb98bcb80231131a30dde13a4b8e,document_version_id=1728e8ff6907faaa05eeffb935e391aff342f85d146b6df4a3747f78b0251f47
metadata_or_hash_conflict,58b6a12f3f6b74ae96e57934a098c66797b9e19e05c3dcf74cc917cdb8d7abea,document_version_id=6f8bcc859f9b3bb313a41279f9288ed3311dfeef7f17378ba798a2553606641a
metadata_or_hash_conflict,17b88a30e9fb4a0f726941cda95aebf36f9f5172c2170df79f4b7ead817317ad,document_version_id=7e90715a96e0eab56cc37746291ca1f3ddfac2236972aa0fd2f821d34a1869a2
metadata_or_hash_conflict,8e1158809aafdbceb5a23e0eead6f97ea434d9fedb35407b1f0abf78e47111a0,document_version_id=fdf2f41b33951455ede8f4e86dd1133b6a2b10c528af4818d187c86574643d58
metadata_or_hash_conflict,ac18cfa31b2bd9117b917cdf7ead7d03a3cb1b1d8f49a9610660d81b43e8ee66,document_version_id=4c62bc849d993393ef185383b412f8a4b97b229935f17537f9d1408ec4b83aa8
metadata_or_hash_conflict,f722bbbb5e935be8494e2e04c9e60e6034c2c8a5617454590a94a0d212bab440,document_version_id=d382673efcd3d47313cbc0a6283dc758d881a7b8f6b3908313b692c2e5452a9d
metadata_or_hash_conflict,baa3488f69a18f0cda7d56e81a0b6d923119c678323df06247d6200661a5ef81,document_version_id=a839473353a1f6f2a7bb8dafc164ca00fe54974384f59de899beab59807f0806
metadata_or_hash_conflict,9b2dde7738d998d4c71d1735a0e77c9ac1976aa85a4d3e619bc8557855e6918f,document_version_id=27a2ad9d504192c15ee469b0e864751c2570ce78f123e0621b6bbba8cd0326ed
metadata_or_hash_conflict,1da3bad77fadfabd5c9fda9ae2ca52a94a7269adb7239b6cc340115b5531a862,document_version_id=2fa0d1c737ef228e1871d3bc6d681708c0f8150b8f4ada959a19785b1cfc0a77
metadata_or_hash_conflict,38460faf541c0f0fc62cd065bc3142a345375c1a62c00beb725d24bf4395a509,document_version_id=e03ad160ba39d63e9a5509fc5382aa749a9b7007a6fb5596d3bccfacec5b6043
metadata_or_hash_conflict,42c1b7aca0ac20600e0410139f01335357198f054f5193677d440f4cde7a058f,document_version_id=e47ddef36e43808a4dbace7913b3699e8c1947a92c6582748ac4d4e3f6d7a5da
metadata_or_hash_conflict,10a35bea92e05cafa0b7c06feef08d899101cf0fbc38dce791dd8fd3a8dbfc55,document_version_id=b0907b6bc3ec2104a1adddc9884003a9dd2ddd3a576ef4fb75f2d0f0af2b4778
metadata_or_hash_conflict,85d3773f7b7e3e4bfb85a09205673ab28cf9d98ae6f0da0b5055aefdf296a510,document_version_id=6e699ccf566123711702f1d0e7d1602bcd7f106e5118da98791efec2893f4c09
metadata_or_hash_conflict,03c11904c6a8135400992a090d456095879ce73a06874d95618c3da366159431,document_version_id=2f79c5fe1f7b6c85a0fb865ad67adc2890976bed291d942ad54c06f6a318137d
metadata_or_hash_conflict,41e75fd50376ea1b8f786643d526cde1a215b475cf3e7fe25a53b39ff8dc08c3,document_version_id=70287a237d057fb70ce01cc34c90a9e829f8be3d9d164a2c2cebe483dad5f347
metadata_or_hash_conflict,cc9dbe031b589936a735f45780311c5e4f51f9f8f11a215dd0a64192ac38d97a,document_version_id=e297a7c50bc7d5d1362f7bc0aaafbe38192cd28b6b704f89d5e971eefc4736a0
metadata_or_hash_conflict,d15d7e3d7ec40393d38c9f0ee197b5fa58298371efedde4bf5dfce3aa7488eae,document_version_id=ef7d7ee85fa012b223eb93d3440f21f56948f1482d8c8578c62f96ed9f52d99c
metadata_or_hash_conflict,4dff2ab582230e5c9e2c5aae56bcf0a3f0bd7762635cb636f67e8be3445fbdf1,document_version_id=21ada38e61df67ce71087f8a28390ac2f16d587f14c8e9a9f408b5f4249896dc
metadata_or_hash_conflict,ea62695c3020efef39bae7398301fb9d64b8e5e475a5dc368ab53c02048c6876,document_version_id=6d480a09cabd9973931677e14f659935443b44d931aab5d9e48ee21d80c0f29f
metadata_or_hash_conflict,0ab4a11e1e3716bc86cb83a64a3eae0e830a81ea390efe504d71c12746721a61,document_version_id=75066ae5041cdfd764452f6d8c85b224f551d268fc6035178368bd942a1c752c
metadata_or_hash_conflict,2ebec372494a2dacf7ee77c39b5a0edbba431b071bf2a79fda8ba9ecaf1ee448,document_version_id=fea0a029e24a8e49f507c40c690785e55fc8a74165984f4d3aa6edba7d9cba3c
metadata_or_hash_conflict,d1e8cc0deba4f1e4b91416040b9654b8012d13bcf171119417c965aa1e4ac544,document_version_id=0654519d6298f05af88c6ff52c643ca682bf87dbed9de0ab72114a5ae9d3bd72
metadata_or_hash_conflict,2584b28d480cc0aded3d8e07fcf78192a33f61130aa3f471e72985cdaeb4c377,document_version_id=1596c3967c1336cb5c34e7ff6a1d391a69ecdaa8e8f0f9806f0bfe86a9f7d2be
metadata_or_hash_conflict,de6ecfd512603214298a52367865b5dcd0e360dbfc14513cbcd29f86bb27e502,document_version_id=45aea14914f6a4b9c8279a7dce9e21fac8b015316a5fde912da09aa63a1b4c48
metadata_or_hash_conflict,f89c6dc093115df86c3cb1bcfa67329fb475ea173ded21b002fd470126ac103c,document_version_id=dd68330bcb0b8fa909a5946f9e817840c7a954feea1c5fcd2122eef4c25cad5e
metadata_or_hash_conflict,cd3c134b528a207baf07649d4a4946928aa3798dc6e98ba1abefdad683baf419,document_version_id=5d09d46f764a3579a44c76690cf078497e122b7d43645e819ffb0f409aa1aa6c
metadata_or_hash_conflict,088215f2d95b12b6424e843f18a525d30588cc946e6b0c7d1f315613ed8fa89f,document_version_id=62feaf1366aa9eae687cd5739b5430cdc2e162f641a639d5045ac1d9e8d54629
metadata_or_hash_conflict,3937fd5baae04edf34507930b5e17a04d90fc7a8948c82e545925d583c7289b5,document_version_id=6c18ca9315c8ac86fd41eccd651ac274106790750d0f8a81a4eea85418a08551
metadata_or_hash_conflict,3a308cd7fe249bc0adaa181ad40b0a78d3cbdec0c7550a48f240d38c824a8536,document_version_id=86d5d6f12dd41bd5631e2acd07294524410ebb931e7d16c6bdee9f3b3e69f1e4
metadata_or_hash_conflict,c47acbc348a827d220aabc3b2c0165816bb2fa6f6ca75f4ae6d943ff0ef4f10a,document_version_id=0f7347d4bd4cec6115dddca09e00eca1e46d3539724627040167cf750ac8b679
metadata_or_hash_conflict,613630ff2b57dcf335aa84456d5a86e91acf1b0a330d2124b8e5ba5b4c671710,document_version_id=3b7e84e3cb939de33bf6a08259d975585d3d67a6e621d1a1e09e523f51a27ad9
metadata_or_hash_conflict,2dd2d00b9a35561b43cf9730a376856e54124dc36d293a5cffc5f2d442f331e3,document_version_id=09827bdef914369d57bc3253ff5184e39a44b89bf7fce953cd30a2e893d3f446
metadata_or_hash_conflict,17e6d39e28ea0fe7a3a834e9a80b40df2b913772825aade90d215f24510800a2,document_version_id=a80157c805301f7275da836c28bb2d6d47604da001a65bd6e9ea7086ba120ba2
metadata_or_hash_conflict,023d88868d293a4f49f43a5f711145d611f45203c1ca13eca7f516389831135e,document_version_id=2a26cbfac25f65c658d36432ac5ece2cf5f167f13031bc62e5dfba45aa344c61
metadata_or_hash_conflict,0d403ff4619773fd8c786b2cc24e239155c0d2d5065100ea6f7b813f6e25c4d7,document_version_id=cf3a8e061ef0c106835b542aa1a53d8b5da24f11e9fbe71f1539f6648aebf4c6
metadata_or_hash_conflict,952ec373b8d907c45dfe34f3ec2b1c511af74fda462adf1d19c123022c3bfeba,document_version_id=5562c1ab9106ad643f3208967dc1903d655b8abbcc47ff09157d4d7cf197af40
metadata_or_hash_conflict,7142de177b99a9be3079db852a1e997c301921acb0c75c27e8e768b6bf278faa,document_version_id=50be5f9deec9d418b9c7c51e37d3f94ba2c2115979b7ddc6a56570172f54675e
metadata_or_hash_conflict,5e01d642f8449b23f15a17ddf695e3f069249ccbec1eb4f9756bb333c3bb3a8a,document_version_id=3b04674077cd79efffbf53decd33d5fc4b0a836f31e445951a00c14ae01feecc
metadata_or_hash_conflict,80d2b388411bd997a006463beae4611dacafb0a3a4c09dc03bc3eacd37021036,document_version_id=c8f008904389dc9639b2b4c8b09306436771918b71157e8b77c9e7f89af9a072
metadata_or_hash_conflict,2c8e7202ac03af7072da5ec45b2066bb6a146288cc973e9310facbc8798810c8,document_version_id=651b75324b66f3d9c4517aebe4d4f63487e0e7100907eba9dd8e1d89b45fcc94
metadata_or_hash_conflict,f7a697c85f061683efa048c22ea0390674e6d4a2d13a2bd94d78efcd061aa296,document_version_id=9f12a7d5e11b95d17504a3b6d9fd34ab42e4bbf6fa2553ad76f63406d533479c
metadata_or_hash_conflict,70f851c84e7e587744398cb3f336edd63f5ca750b28ac56afd7910cdef7c4cbb,document_version_id=f7c463ac8c85e4bb4abb046a5f3a80e2eafc186681e61fba533d7f4b3799787a
metadata_or_hash_conflict,e6ae6709faa7a1c51f52725f98e8391a2880570e6f25c2e692837f9e31d91262,document_version_id=34020933347dcaa8a981c3c8d2d1e7722c35055fb9d44edbd47decae7116c2ca
metadata_or_hash_conflict,d5095a0b124a6e5ca2f0b67f1f42bbf7e4c40d0671e5f96e5472f9288dec2aba,document_version_id=fd99fb754011729b34def32dbead4bd543d85a169276e5850ec72e806a7caf61
metadata_or_hash_conflict,8050f96a6d51eb3ba972e3158736c439aee24c72e7e2015e5d03cb25ee07069f,document_version_id=3142e9863fa54d74844d9988fcd58da4059ef241f53069288458ed41ad607a38
metadata_or_hash_conflict,aef44827ad0ebde35527d2d4b7d9ffb60ae2ee775c2ed362e7a13d2eade98cf2,document_version_id=e7d46d1f84fd3093b89282f8e53a12e50c6d77cc1f55e8a5c00d7d8e40c4c51f
metadata_or_hash_conflict,f427295c65671c0e7a12e0bcc21fe7e551e031cf50ac3cd9c99fd38f194a853f,document_version_id=5235971806e3675670d4fe0394feed3c918aead3028c268b67fc8a3adafc7df2
metadata_or_hash_conflict,10fbfffc23a2cf78fd3058e95febcb6897d0b4bab7e43bb37f372b7879da1500,document_version_id=c59a2a3442536007f2261ff7196337c605f4519c5f394acee9ef1a4a60ad0740
metadata_or_hash_conflict,3a426763ccdde6a0ee885ce95f1dbcde721ede421973e38966df862527f39473,document_version_id=595afdb1215f66abd1f125fe2652d97f31743d758ea8375dc67f72228e9aa90e
metadata_or_hash_conflict,f3b896e9ce3cc25114fbaa0313ecac54269fc7f882d58ef93f590dea278ac490,document_version_id=0f577eb6112a008ccaeeafa86dbe863e4f19eb628daba90e3035c2bbe14998a3
metadata_or_hash_conflict,dd297a72ddf1b64639e7178d2382949889227b51e3c64cb50c364d0361576846,document_version_id=8418909ba533e1a464d2c0e27b6dad2c8ba21361a1d004f97921e0e5569b6562
metadata_or_hash_conflict,f51d6769b2207c06ecddfb35bcc3b3fa50932f22ff786ffdf62347b3715c1f0e,document_version_id=281a15418d775f4b6b2ea9481bae724f1e394aebb6352656ffc585e16d2fbcf0
metadata_or_hash_conflict,03d9e66e2ed7bf882b68148b688abdd8b9ce9c75f1fd9c05db3e2f62a2f4899e,document_version_id=0c0a6d02f67981f755179a4fb436c761c7893857dd487109ce617cac00eca1d8
metadata_or_hash_conflict,21dd4fa6d6e47f3d07506d7bf6756c2fb7de57f45943b7fb18d1a3377612abc5,document_version_id=f0c3ddc16f097317e063b6ad0cf3b00587748df2354344c7dfedc94b93a62112
metadata_or_hash_conflict,11a8c0dccc5e194aaaede274938bae4e2aaa5a2e6c50ae890caf7c44caa7b73b,document_version_id=1c792efe13e3695f80296d726b244829ddaf9c819860e92104afdec1e491cf64
metadata_or_hash_conflict,bdc70aa60a03825ba23686835553169c39804561fdd6e56bf6100d451a839c3b,document_version_id=4e60c2351bf8bf94d8b94edf09b1175a44f41c20ac7003e5fc01b0a98851a4e0
metadata_or_hash_conflict,63f642d24c42b1c1586bda30379c6d1786a41820cec12db05d63aaa733335326,document_version_id=8dcde1dc442f67cfed23ac9845e1476a8431bd3610905395f87d73d698bfda7f
metadata_or_hash_conflict,2e080061161bb8967a94e7f41a6791fdcbf6d99335391ea0ba7f520a9779e11e,document_version_id=684073558d79ef0cd87589bb01b32fe08f4d07149048ff0c693cab5bd6be8141
metadata_or_hash_conflict,65df3c0cc1dbe7f739625f66e4348a7cb98afb280d89b5bbf05491d22f778346,document_version_id=dfc860d988bd2cfbff732b4a6cd27a14edd243e1459fb05ec1afae3a3454105e
metadata_or_hash_conflict,85e85f108a15aa473dda671c5ac353d8b91a507803f3df933d2634660060356c,document_version_id=e4b2a281305ee976175f4fcaf25f1221953a28b131f27dee6f1503c4308a4947
metadata_or_hash_conflict,ee4284751f5bba90ae9f6aebef7f1d1ca98e7cf3f8d9d923a350bfe37a823324,document_version_id=70fe2e50730d34c427d1ca284b6407eb57379728bfbd80c17a5b33edbd4a9806
metadata_or_hash_conflict,5bd562703afe821cc73550021dc7a73bf26dd960d1c7e52a816826f61cdfac65,document_version_id=e7359fdb6c846109784e7da3ddc3deace7b770119a2b16d2c1ee671208ba0b0d
metadata_or_hash_conflict,7f31ca122378631f1d155e6788ca29513c22b05f28cb44ac43a9e4d39698fa8e,document_version_id=b1e2024561a4873b6ebcad84d417c61246654a50550c9f1e987d2a6d6dd5970b
metadata_or_hash_conflict,2d6fca678576acffece0d4fd8a08d83f80ec461a4429f8a9c9493894207e96f7,document_version_id=e8468e2d10d7b91db466e12f088e69355411923256f16b1a166425105f7dd459
metadata_or_hash_conflict,25369434a6716c45db82aa8f6da0206698d56decda608b26022f4bd71eda13c0,document_version_id=15738ad9ea6604eb39874fbfa43b08c88469d3478383cc79a9cc8afc2da5cfdb
metadata_or_hash_conflict,ba120563c416bf461f53e7c103d6c81497f8bb937908d2b52baa65daf98d302e,document_version_id=f811b0db7a416c023a943e9494939fb4fb8ce79521e1fde249ef81a9eeac2785
metadata_or_hash_conflict,90f88a598d180f941b13de5fbefe5958fe8bf9017f706d6184a8991418d7b8dd,document_version_id=1ec6aca52f345c66ceca0c9d5e24fe47e0d0e8fab8be782858d8f3bbbec70457
metadata_or_hash_conflict,bec3285f8dea78784fd783704aebdf9ff62279bedcf1896b0a293ecd188ad7a8,document_version_id=6042fba1fd19433639f8668b581455c9323cfb4f831fd828cd4019c79f05dad9
metadata_or_hash_conflict,c59271a6d5dad7603fad7f55e51f126a8cb0fda3f7dca6252c714b1b305199a6,document_version_id=2ac1f08eb7ba15ac6df27b5b3741c19167d7dada9ceb8de975427ee9d13dcd5e
metadata_or_hash_conflict,17f27ff776bb51c782233b535d30602d8fefb34cafcf8b84f4ff23dc02c0b11f,document_version_id=bcbe499aec0c6d2c3ecf86316bc9a0d4c87aae054b1489fa40f9939b24226e00
metadata_or_hash_conflict,bd4fcae433aecfb6ab7dd0ec614059aa9957b04c6928f27a2512a9b43584e569,document_version_id=0a6ebfa1beb535fc0533159f814c37e6ac96a869fc9866d8a85940d92125b189
metadata_or_hash_conflict,dd188cc7d797a395276d20aa8d810b21759ace26dc6fbbf4bb1504fa5b8efe2b,document_version_id=7c4ef8f770d1b9155cd4fa8f80d80731349e29b58ec10321804daaf7b656dc1a
metadata_or_hash_conflict,65efda92f1bc29f40875c1e3882aceb0e74197ae8c48cfad33fc5a3e5a292ac1,document_version_id=f13d290d160f41e7562cb8d1ebd2e58f484e5bfe810474264ca45dd5f5bacb8f
metadata_or_hash_conflict,76a7dcfffbdc4f8a714dac413cb45692c05f9ae081f4f376da802310ea66b221,document_version_id=6d5fca3be39d44c496912ef3e2c43d326b220c1063ae2cfdbd83a657a895d11f
metadata_or_hash_conflict,2dad4c7e65e11d16256d1871b2fed997e8d454eeef8104dcd9537bdd2bb69dae,document_version_id=af309004b790b0eeaa73a859a827110bbce643d19aa2561378525efcb601ca2f
metadata_or_hash_conflict,49bb239d3c42f0f4ee50756919e84583cc996d4941fcc26f8e4ecd9c2ed2f33f,document_version_id=fce966fe179602dbd03c16559f1cf88d3d9319a163795b1dad33ef5932f2a9f8
metadata_or_hash_conflict,68fc9f135b0651775505d880ef0630a1ca291600d1ff3ad7f1a96750fa3e6893,document_version_id=2899c7bde71a5c8274c6372a0a7591979b8988471accda5d94e894e9f07b9515
metadata_or_hash_conflict,ae0a83960776ad692cf7814de24de0313c757cd8d5be8db870f9f7a2935093f3,document_version_id=bcad50184962a7228614f6190ba8d855c07b8aea22e4720297ae6981c07f6c2c
metadata_or_hash_conflict,ce5a48cd8ba00dd9acedd6f675715f03f24ae7f94070c174db28da9c1860c897,document_version_id=b80106764b6bdaba69547c2317ccc893de1d22445ceb07c8220579fdd76ad72e
metadata_or_hash_conflict,faf39e9bd93128378652e8ce7f23421076fb6f739e39fee586523899dd5bfec9,document_version_id=2bc88d772bed03c27fb1cba55035e56574f9fe53ff233c37e23efa43817fa315
metadata_or_hash_conflict,d9c9068f5cb86633e796d87cd1b9749304c62d2046a8323984d050c03f7d5b2f,document_version_id=e66ebcdc2a4a27087ddfba59a469be0407e279a4e1cdd1c71bdbcfc4cf8abb35
metadata_or_hash_conflict,183af49f9286389aaa7e6db4e216ed2d71933bb669c0d0b23af15d1dc3586684,document_version_id=fd5b5fb81ae011d118d9798943bd0d4ebe45a87165537d92f314c918469684b2
metadata_or_hash_conflict,45682b2b84d49a6301caca863e37b8346d30475895330e1af5beeb09f1752f8f,document_version_id=6aa5868af9861cec81d86de1b998f2ae78e713f4aa8c248f963cac946f7df5f3
metadata_or_hash_conflict,9b3e505d6897efdfc9525a7c1277157b6edd018e38c01b18a697def7057bc709,document_version_id=54de8797f65335f24b45ecddc8e13789dd22f969a1f4afb0d08e1733a6be2cdf
metadata_or_hash_conflict,173c144c4ca10e36f8d5fa31a49e1ea81f47def67b3beb67a4a65a703ddb368a,document_version_id=aee33aac46e54646e70c1c868d1853f8aceb227c872f99dc054150a639abc681
metadata_or_hash_conflict,1f3326370e6eb1934387be0db94e0c8f1d584a3158b7e29dd1776a7af72c45db,document_version_id=edd8f62abc34b0895914d97508b47ae3fc0058cd4591314bfe84ef1e520aecfb
metadata_or_hash_conflict,43aeddb92573a43accfd5fe0505733ce1bbc2eacb50cf4235b3b18c1c7ebb170,document_version_id=e3f7f5ccc694000d685adac7a3d5f61bc4f3a20d7ae1c4b068cf93d1832019f2
metadata_or_hash_conflict,247c2dda45bc4dcdb67c94793f91b137808ee9f7579a49af0ff924f9ea1ad2ef,document_version_id=3199b82f405b441bf6ec750853886b99af9109fd28c5a9f169f188e854cab6ff
metadata_or_hash_conflict,dffed0e13d5a7bb2b1bc699d9c8c9005b70c2af886c609fb3b1b4dfd879276c9,document_version_id=d882d88e8d88c74380b42e2c9d98da27ad4654c4d6e78059a6551c52649d37da
metadata_or_hash_conflict,9c5f3d17a59ea4495d88526e17fbd6da85259b74cb16e03908c8381e1c0849bf,document_version_id=2d7af9f6df0cc7282f0e3c0d08b9c83341b66c63a98fd4179884c4890e8ecc77
metadata_or_hash_conflict,84086feb14576bc3aaab78eef3531828517680a3ea07c2ff30c4644908eb7a97,document_version_id=b0e8c1be31ede636b4b0c7a5e00ac9d13fb720c301d6e18ef1ec6b159584fe51
metadata_or_hash_conflict,2a8fd281bc05848a73c47e43a877de1265c1796024fd1382670d9c023a214d32,document_version_id=eb4b197709a79b64ea33ace55792b1ee8845ad03ea175c42f30f443be2c26c65
metadata_or_hash_conflict,a0869cbf8ee5a5becdc28829486db7f01800a8c950112efd09fe4e74c320176d,document_version_id=3485d5a4a120402650c39a243e59530fbd58eebefb3941ff4de58d394e33c3f8
metadata_or_hash_conflict,705ea10c08a51632da2d734526c834bde90d83d0796413dae94f4d9845e8a520,document_version_id=f786f5751b0030d60e70c3741ab5566031fdc1df48a37fe7464ac00ca29296ab
metadata_or_hash_conflict,8a6317c2ea323d78a371c1b88b78ae06301b7ae2563450423a1781145e7b7c2e,document_version_id=9bfb693f03308b3d3bed08a12863fe2d5f704474a4635b60b2a7cc8a8b2a655d
metadata_or_hash_conflict,45f71c7a64d64ca69e9b40cc92f42496dae6b6014c3c1b668055faa29d4a0fda,document_version_id=acbe1792cfe60d122ad08deae49c2d3d4a1de29b3a9ebdaf825d034e51eb8eb0
metadata_or_hash_conflict,0280420d6aad98b321369c96ebdb3863d9d3583f5ec3fe98ee4d07e545565330,document_version_id=3da952a2e179d79fbc7974609aa8ecd6a68918d2cf40bfa87428fc66bfbd023c
metadata_or_hash_conflict,e01acf7ec1e4ef4684e13a552a42c3e27bee340e0be47976b92665752a41f805,document_version_id=663733073972bd1e203d4b43851f644ea4eb013b4b713b4ab7c1c84f119a3934
metadata_or_hash_conflict,8e5e57cb25daa40c82d857326d8b7ef086ebd50bfbc15ce6a5ad78267b3f5059,document_version_id=ff18944b9c8d7946aaf44f6b208535b3dffc6d037ffe291ded9793eb5241b63b
metadata_or_hash_conflict,445ccbef20b690dc23ca6ffd558632622c3ec1a91507da04a669461cb79f45ff,document_version_id=1793308c385b9897011550f551879ef836b8c2794bbe0f895ff4fc84e5878344
metadata_or_hash_conflict,487a3bb8041c2070f99be16c8cbbfab7a4843c55d9e62045be788bbc20db8a49,document_version_id=f0dcc8d4ce85c28c1b471a4d195eb998b6e3929a8ec74f2a6bfe23270468590b
metadata_or_hash_conflict,417f25cb5abbe477388b340aca66feece2cab81a31e930f52e1246b375d10a1c,document_version_id=f1bdbb411c0b4dffaff68641a42483b90d516d5a9da80181d474cb8678551399
metadata_or_hash_conflict,186b7398efaf17acec1215d39856ecbf3f43897a0f55f61c5afa80931258ea11,document_version_id=85dcd37f73d3b054ee2792ba7c83a54af8468f1fdc8f48630ee1e1da4cae04b5
metadata_or_hash_conflict,06d457361117d4373dd2b6565f94ca497eca8c97cca562eb948175ffb12a6265,document_version_id=dc0e0fda99602026db24d78f1e9efb944024b108ffe7f49a2d66ac8132a102c6
metadata_or_hash_conflict,157fe637f7ae478cdbda2a995ca84c79bb10de68889ff2950e73f24232a8a1f8,document_version_id=c0d7fbe2302dd2719e9e937087e618d98f4a6ecd09be12ad6b1035314976647c
metadata_or_hash_conflict,f67bdce46e22c494564f5f811417d7e51a2f0484fd053cde490e372fc1022161,document_version_id=f0a938e353079aadf8a68cbd3a6268a64b5c0586fbd590c371b1afe195eeb8e2
metadata_or_hash_conflict,08d9ef5128f248e99380eae5d451debc9e2b828e0a6d1144c1a4ea03378c7bb3,document_version_id=913bc0fe012cde6b732cf89d63ed27cd242b9e68d5051fb28ed561d2a19f554f
metadata_or_hash_conflict,522e738849a6492f6951533568af99e8e8ae3da48fca75849ca6609422cecaa5,document_version_id=6d417b5ccc831b89f3b3e39a2851f849ed17ada1782f36136e05ea372ecba933
metadata_or_hash_conflict,481099587445a21fdb2c38c72fc952c96d0d9d8c64f3cecff251871fe4a2746e,document_version_id=983774fc3ac517496a3b3fd24ffd3554abfc3449246715f2b8404a3208234c0a
metadata_or_hash_conflict,c7803bc6e9f67983ec22d3350f1f69bc03cb1f73e1292bc9e49ff21fa6642938,document_version_id=2704bf0e66b0b4074385e43316ecd3bd5f247e71716a4d9c9abdfa3d2b91bf88
metadata_or_hash_conflict,562ae15c5eacfd1955c17054270d3431ff96b7fad071447f492fd9b411b1d083,document_version_id=9d1b2a57dafb357155669893b8ff3f7a629d7b578af3889c2125deafb2451fae
metadata_or_hash_conflict,be050ec3e894286c627d994d3c1f0e26a58fad0e74dbb837132ce97311edbeca,document_version_id=e61c467bc2338d657cbfea641ad49b98bb4d45903b94b12f063a6c39a795a925
metadata_or_hash_conflict,cc72f9ad6ae8324cc8abab9a939e4ba3e3ece57cf60e8955f3c67d937bd99af1,document_version_id=9fd919584daae895d2e627a3fed19afb8fd9a800941d2138649f2346f221888c
metadata_or_hash_conflict,10de7526826f6290a9d1876b48db610f49b4133f0d26337f0d0891ee6f180803,document_version_id=72a43dc623e501c74dc6ad510217fafca6c681712e6f8a454f56e0d06d9e9555
metadata_or_hash_conflict,0f96d44dbdb65ad707a51bc9bb7c4fc35497e8acecf6dde084bc3188712d6ec8,document_version_id=a0cce91e4cc62ab33d007580435e483c43561644d4e9503001e6c5e335ebde08
metadata_or_hash_conflict,f7ee7461317ad2e9f5b6830a2bd354fbb0d7afc6e0b1519bb9268c29685c33e1,document_version_id=4b813476a586382ad74ad9dee6a81e7506aaff3e4371b943246203fafb1d3048
metadata_or_hash_conflict,b904a32d153770c2edfdf3393886c03dca577e4d1e1d6a3e442d34f8e640dbbe,document_version_id=70a46593a9241ee6522078b91a4e9b3ab280147c5da8368d8f1241faedbcbddd
metadata_or_hash_conflict,1d816df0901c97fd8ce55b68c0bc3355d5476833b480bbf43fc4eeca90166d8f,document_version_id=e9fa922d09397fb3c00ce15896cc6b2ea33a9c7ccf65c14477c1b5d7aefee80c
metadata_or_hash_conflict,c80c95bb3c9d9ed3a0d5a2f01a02277c30a6b180b9cf0b8f271c8dd712abc402,document_version_id=211b71dde2c557b3199dbbdcaa948e99c1e681c3c3227595bb36645f00d04ebb
metadata_or_hash_conflict,fed925b9689f5c6eec3235705bef6ca49cfca6be4c466e8a80797647c97a762f,document_version_id=a1625721a8d6a7faa44c0dbff8dd09079e820ee4eb214a5607f86eab94c07040
metadata_or_hash_conflict,f932f4df6fe0e4849d6dec3167c572b1d1a46c1139e40ef857678cfa9175a24d,document_version_id=f10a47714f90e80bc2ac6f4d3546b82751fff558421020c67918684ed874b75f
metadata_or_hash_conflict,8946bc2c9c821d9de18973dc2cd1674046b1e813b497f6a6c567937d1d77523f,document_version_id=84bec9df88781a813c31a74361a886692706e8b549296d8370745c339f4cf82e
metadata_or_hash_conflict,3e64260e3eb1d5bfb6b7b70c5d12af49674bfe0ece7ffa30a908b29873ea094c,document_version_id=084fad8e3926f4ed31ea0c8a0373f0b823eb5ef5ddfdfc7fbae0ff84d030b8e3
metadata_or_hash_conflict,2e3077826cd631b65bcfc6f1258ee6b113c74dda57b8a8f3d5b09e4c3e28b9af,document_version_id=310a001131d3fe922a78cedf4a7ccaa8af10c2c5723ebec84a19eaf23f89a7e7
metadata_or_hash_conflict,df32a953f738a543217dac6daa83acd796f5b149815c668db656921d9b501ed7,document_version_id=433762acf9ada711a2017cfcd8cfb48b54341b457e5dfe77bc4b2f9f8b8131a1
metadata_or_hash_conflict,297e22da292861eab310eadb898519fa72fe041d5f3e5de8cd90705ba90457bb,document_version_id=9a6c939ad47a9fcc5b3fb03d626e10207a26331824d9eefd1299971e6ba6a3a3
metadata_or_hash_conflict,7c23e3a0c747c59039be2634345c54d4b24d54b3bcf643a734224b8a9c2fe24f,document_version_id=75539a131c29891dd685843d11d060a65d0797e5e7bd83df34dda1029298b746
metadata_or_hash_conflict,e69719894574a57947041a8357240d79ff0ab2b038f812c70b21e3fd3533ff65,document_version_id=8593eea84216affd12c71bdbb1378679a2eec92388a6392e3f25f16b910df075
metadata_or_hash_conflict,d5b861f3eeb05f8c9938a69e34bbe756af146a8d5ccfd2e550098ee7b66ba65a,document_version_id=a00609bfc589ddc405fae284eb1876cf30e7c2cf7b4da22df769adff9c4a9aac
metadata_or_hash_conflict,e18712fbb1968c5b0044f3d5fc9dd8530053b10c7daedd6f2ec66a7f09c5535f,document_version_id=c0f6f67c1d287561a5ce6b740326cc20e8491a2f3cecd41260e70240f9ef7c8d
metadata_or_hash_conflict,abe3b795b719cc850f8bf2601e8da34a207261fa3cc8f5ec7457ed7475ebe9e1,document_version_id=dcafd50de97bdcf81b257847bc32036d07a23e18a8dde3ec66c14d1991c8f8e4
metadata_or_hash_conflict,d0b2c93338d247f6637caa5a3d0248dc7abf38b4a3520b38a296fc66d4255c7b,document_version_id=914f1cbfedf8cef5c0541bead1846dd3b5afd0be7342c36fe5b87da6e3d4c408
metadata_or_hash_conflict,08a8737cfaf8af3df123ba0ab98e3e4c079b26fe6231154c4e0d7de4369074b0,document_version_id=11c2a05bbcf4aae84c7e9c7a4368a9af1bf6a0210bf5d692ab817d3e1339463b
metadata_or_hash_conflict,a2bc093fde26de610e1dbf5b0c8f419a09d1f7a24e958a6d0e32b7c4835b0536,document_version_id=60e92bb48ba3a2962be6621a57afaea503560ab301c4608f9a9ac69cb675c7f1
metadata_or_hash_conflict,efb5f598643d7ea687051b8826f0dc39e25470def4d0f015b83bffde3db0716a,document_version_id=a7abf3f3058d12eb3e285409cd19a786c07fdd0686a4ef442f1acb65ed26107b
metadata_or_hash_conflict,95eedf8bd5dbc6257221ea848931738cd9e7297b228d53238f7cb53b3845f546,document_version_id=d566d6aa90da6a0a7a822acf9e73268e72d3b1d93f3262b43e5d4ddac271b32a
metadata_or_hash_conflict,9d053cb3477bbd9eb01fe27f31a82edb503b4ed114c8bba2df72053a089a958f,document_version_id=de242c4f193d7f7563be0007da6182e1d46e635a039727c1b3d787b968df718c
metadata_or_hash_conflict,3ca062325475ab3f9a8f3257be447be5581e350a7c4e338a6d7df3980f74f05a,document_version_id=02a394752cba59d7f30728b36614d4a54a21532984a922536cd79d2ae9baaa81
metadata_or_hash_conflict,f4e74d6835864e9b6fed570bcaa0d63272ccb341a71f7914ad3b49230f69e41f,document_version_id=dcf67b4b07dc6a4aef90dce09c804d677faa26f1dcb99e356c54e009e8137cef
metadata_or_hash_conflict,61aec3c3141080b3d01d73e91f5c8736b5e2567e9fbff311bbadaf6bf2ba13d5,document_version_id=177895ead2aa962c66b83a27d08115f2d2686c3f0358770671bcd43ebf1549e5
metadata_or_hash_conflict,5cde565a5c5ccb97153f35f438c3fb77c2df5352580a943edb367e3a3086f099,document_version_id=4c9e58a398e97040c5ac633fcf8bbe93001bd73f4238c85d2eaa8f4e70f816c8
metadata_or_hash_conflict,5896668ca74ea16e731c511b5a9cf8992bd6d3cdad996070470de58c7a9325eb,document_version_id=07cb45ae891da8550f4659fb2817397cfa94d1d5127d654890a3f542be5025ad
metadata_or_hash_conflict,437660e63bd968ec2923894a1701f153173fe3eac68b3bba36c4124990a85ecd,document_version_id=505c6541cd459be925bd645db358effde7ae333c0ee775943a7c5375327678cd
metadata_or_hash_conflict,a5e31eee74c77a99e63884d612e67836838fbd85196b36f9b8f4eec7fa1ba29f,document_version_id=6ada717bc28b1aea1bcb19552c5603ad716475115ab1da0976fa799428d05386
metadata_or_hash_conflict,82646ae3b8c441048f375a5f71ab15639078b815c17e98b8bd9898534005620a,document_version_id=d0a463efe771a0a2362adbfa17875de873462a07d26df725c11effc36b379b0b
metadata_or_hash_conflict,ee84f499a275f961ec97d0dcd9fb147ac8a5fd60914278008d8eeb43ac27a06f,document_version_id=925546cc6b7a1e704bab7f8c5ffee1dbf852da57dad5576ea0dc13a829d60132
metadata_or_hash_conflict,96bfbc10e34206cde32e7f5006391eacab721abb03ea1878866414c2cc6b32be,document_version_id=69db9d69ce4295b2326b8499cce69dedaefbae49a788287e2211727982e88e80
metadata_or_hash_conflict,d1f632cac68ff34b5259c2f1f6bfd994567665d9fb8339e760d8740e433fc108,document_version_id=bae0c84e9cbf37b756a5c9aab568213a783a1ddd8ab6ec9e4ddd253dc7218263
metadata_or_hash_conflict,693491da7e32fb62c7c13f0f0ca60328c7758d9eef662832bbac3ead61621b6a,document_version_id=b56f295a43dcf29fb267a814acc5240a5a2cc4b591a121f221fab1b3a9c33ff4
metadata_or_hash_conflict,6d7d7d2ddec2462835a82bce8b32eb369a54b552d5a4309a381313744ebba0f3,document_version_id=899013a40c329f399053e87b731ca899a189c92734d2888f83758f8c24f79fc6
metadata_or_hash_conflict,05fc08e38bb526e6267006c6a29d268d7e61e70b7d41223653a531fcc62cbd87,document_version_id=e9dfdd09fe3d26663f440143cf947e9db57bdd491710499bb96db8a316ef932e
metadata_or_hash_conflict,82ff44e89e8ac6d7a1007cf525af7c6d0829960ecb826c7973f328f778a5e8a8,document_version_id=5d5027208f1628e6e259b859485febe0fef6153fc3d055c318ccaebecd8a253e
metadata_or_hash_conflict,e83ed0783ab43de0da8ae6eab0b9d4451864605d9ee83ec3a16db889d227304f,document_version_id=c6f5e0e4d4f5461f2a0a54bf548fdca67ae0c7f674ffd8d8ee27be8f48702539
metadata_or_hash_conflict,4f6f24c36588c89107b5bd8380d3e1ff836af10b485e1a5b456d074c14dbbef8,document_version_id=df55944a4372ec4553c65a8651976a2b47bbf0ab49b5f822d24556416813966e
metadata_or_hash_conflict,4893446d8e552e022485a724f477c62229b0a619f109583491337002d9f3080b,document_version_id=1c228464c0584161be4647b8db7c1d3a1161947102b4f9b98b674d679c43aff3
metadata_or_hash_conflict,9657a82acf493c8e958b0c54f75e6117c310a8adac8a099d00fd07d2d1e48eee,document_version_id=45a437013f5e483304017652a382d6c52ebb604357706467bbc77686cee90510
metadata_or_hash_conflict,23d900d766c52d9159adfd75d934b6d02e188e2b5cb9df22a184e8be5704f5a3,document_version_id=04d256f0693a5639f4ea2ec5abbfead39b3cef319f08024f3323dc19eff95a9f
metadata_or_hash_conflict,7c74ca1e1b4cf42365740eaa7d74dea9a01afd8cf77ff870b677863f7092a9ab,document_version_id=2c89930c51b6c6c7890d38bc93b17f6c49c8ef3a8c433a03af6ca9d884949693
metadata_or_hash_conflict,467e7c0139446cfa3c208e363204413504453aedb3c24a6fa53915579cf47213,document_version_id=8eb91bb8b41c66bab50246cb8bc81a86d3daa30ff91492986b4941d1d030ba35
metadata_or_hash_conflict,0a214da934cb9502bb37f1a5376bf318963c72481c4f1015c4568fc7b1bfe2fe,document_version_id=cc5ae7e2f097c9c18b7f3eb41b7a4dd1f9cf9bb6cf5473e63a33ca8bd47ef90e
metadata_or_hash_conflict,f722bbbb5e935be8494e2e04c9e60e6034c2c8a5617454590a94a0d212bab440,document_version_id=d382673efcd3d47313cbc0a6283dc758d881a7b8f6b3908313b692c2e5452a9d
metadata_or_hash_conflict,f427295c65671c0e7a12e0bcc21fe7e551e031cf50ac3cd9c99fd38f194a853f,document_version_id=5235971806e3675670d4fe0394feed3c918aead3028c268b67fc8a3adafc7df2
metadata_or_hash_conflict,fed925b9689f5c6eec3235705bef6ca49cfca6be4c466e8a80797647c97a762f,document_version_id=a1625721a8d6a7faa44c0dbff8dd09079e820ee4eb214a5607f86eab94c07040
metadata_or_hash_conflict,2e3077826cd631b65bcfc6f1258ee6b113c74dda57b8a8f3d5b09e4c3e28b9af,document_version_id=310a001131d3fe922a78cedf4a7ccaa8af10c2c5723ebec84a19eaf23f89a7e7
metadata_or_hash_conflict,5cde565a5c5ccb97153f35f438c3fb77c2df5352580a943edb367e3a3086f099,document_version_id=4c9e58a398e97040c5ac633fcf8bbe93001bd73f4238c85d2eaa8f4e70f816c8
metadata_or_hash_conflict,82646ae3b8c441048f375a5f71ab15639078b815c17e98b8bd9898534005620a,document_version_id=d0a463efe771a0a2362adbfa17875de873462a07d26df725c11effc36b379b0b
metadata_or_hash_conflict,ee84f499a275f961ec97d0dcd9fb147ac8a5fd60914278008d8eeb43ac27a06f,document_version_id=925546cc6b7a1e704bab7f8c5ffee1dbf852da57dad5576ea0dc13a829d60132
metadata_or_hash_conflict,96bfbc10e34206cde32e7f5006391eacab721abb03ea1878866414c2cc6b32be,document_version_id=69db9d69ce4295b2326b8499cce69dedaefbae49a788287e2211727982e88e80
metadata_or_hash_conflict,693491da7e32fb62c7c13f0f0ca60328c7758d9eef662832bbac3ead61621b6a,document_version_id=b56f295a43dcf29fb267a814acc5240a5a2cc4b591a121f221fab1b3a9c33ff4
metadata_or_hash_conflict,82ff44e89e8ac6d7a1007cf525af7c6d0829960ecb826c7973f328f778a5e8a8,document_version_id=5d5027208f1628e6e259b859485febe0fef6153fc3d055c318ccaebecd8a253e
metadata_or_hash_conflict,4893446d8e552e022485a724f477c62229b0a619f109583491337002d9f3080b,document_version_id=1c228464c0584161be4647b8db7c1d3a1161947102b4f9b98b674d679c43aff3
metadata_or_hash_conflict,9657a82acf493c8e958b0c54f75e6117c310a8adac8a099d00fd07d2d1e48eee,document_version_id=45a437013f5e483304017652a382d6c52ebb604357706467bbc77686cee90510
metadata_or_hash_conflict,23d900d766c52d9159adfd75d934b6d02e188e2b5cb9df22a184e8be5704f5a3,document_version_id=04d256f0693a5639f4ea2ec5abbfead39b3cef319f08024f3323dc19eff95a9f
metadata_or_hash_conflict,7c74ca1e1b4cf42365740eaa7d74dea9a01afd8cf77ff870b677863f7092a9ab,document_version_id=2c89930c51b6c6c7890d38bc93b17f6c49c8ef3a8c433a03af6ca9d884949693
metadata_or_hash_conflict,467e7c0139446cfa3c208e363204413504453aedb3c24a6fa53915579cf47213,document_version_id=8eb91bb8b41c66bab50246cb8bc81a86d3daa30ff91492986b4941d1d030ba35
metadata_or_hash_conflict,f427295c65671c0e7a12e0bcc21fe7e551e031cf50ac3cd9c99fd38f194a853f,document_version_id=5235971806e3675670d4fe0394feed3c918aead3028c268b67fc8a3adafc7df2
metadata_or_hash_conflict,fed925b9689f5c6eec3235705bef6ca49cfca6be4c466e8a80797647c97a762f,document_version_id=a1625721a8d6a7faa44c0dbff8dd09079e820ee4eb214a5607f86eab94c07040
metadata_or_hash_conflict,2e3077826cd631b65bcfc6f1258ee6b113c74dda57b8a8f3d5b09e4c3e28b9af,document_version_id=310a001131d3fe922a78cedf4a7ccaa8af10c2c5723ebec84a19eaf23f89a7e7
metadata_or_hash_conflict,5cde565a5c5ccb97153f35f438c3fb77c2df5352580a943edb367e3a3086f099,document_version_id=4c9e58a398e97040c5ac633fcf8bbe93001bd73f4238c85d2eaa8f4e70f816c8
metadata_or_hash_conflict,82646ae3b8c441048f375a5f71ab15639078b815c17e98b8bd9898534005620a,document_version_id=d0a463efe771a0a2362adbfa17875de873462a07d26df725c11effc36b379b0b
metadata_or_hash_conflict,ee84f499a275f961ec97d0dcd9fb147ac8a5fd60914278008d8eeb43ac27a06f,document_version_id=925546cc6b7a1e704bab7f8c5ffee1dbf852da57dad5576ea0dc13a829d60132
metadata_or_hash_conflict,96bfbc10e34206cde32e7f5006391eacab721abb03ea1878866414c2cc6b32be,document_version_id=69db9d69ce4295b2326b8499cce69dedaefbae49a788287e2211727982e88e80
metadata_or_hash_conflict,4893446d8e552e022485a724f477c62229b0a619f109583491337002d9f3080b,document_version_id=1c228464c0584161be4647b8db7c1d3a1161947102b4f9b98b674d679c43aff3
metadata_or_hash_conflict,9657a82acf493c8e958b0c54f75e6117c310a8adac8a099d00fd07d2d1e48eee,document_version_id=45a437013f5e483304017652a382d6c52ebb604357706467bbc77686cee90510
metadata_or_hash_conflict,23d900d766c52d9159adfd75d934b6d02e188e2b5cb9df22a184e8be5704f5a3,document_version_id=04d256f0693a5639f4ea2ec5abbfead39b3cef319f08024f3323dc19eff95a9f
metadata_or_hash_conflict,7c74ca1e1b4cf42365740eaa7d74dea9a01afd8cf77ff870b677863f7092a9ab,document_version_id=2c89930c51b6c6c7890d38bc93b17f6c49c8ef3a8c433a03af6ca9d884949693
metadata_or_hash_conflict,467e7c0139446cfa3c208e363204413504453aedb3c24a6fa53915579cf47213,document_version_id=8eb91bb8b41c66bab50246cb8bc81a86d3daa30ff91492986b4941d1d030ba35
metadata_or_hash_conflict,fed925b9689f5c6eec3235705bef6ca49cfca6be4c466e8a80797647c97a762f,document_version_id=a1625721a8d6a7faa44c0dbff8dd09079e820ee4eb214a5607f86eab94c07040
metadata_or_hash_conflict,2e3077826cd631b65bcfc6f1258ee6b113c74dda57b8a8f3d5b09e4c3e28b9af,document_version_id=310a001131d3fe922a78cedf4a7ccaa8af10c2c5723ebec84a19eaf23f89a7e7
metadata_or_hash_conflict,ee84f499a275f961ec97d0dcd9fb147ac8a5fd60914278008d8eeb43ac27a06f,document_version_id=925546cc6b7a1e704bab7f8c5ffee1dbf852da57dad5576ea0dc13a829d60132
metadata_or_hash_conflict,96bfbc10e34206cde32e7f5006391eacab721abb03ea1878866414c2cc6b32be,document_version_id=69db9d69ce4295b2326b8499cce69dedaefbae49a788287e2211727982e88e80
metadata_or_hash_conflict,4893446d8e552e022485a724f477c62229b0a619f109583491337002d9f3080b,document_version_id=1c228464c0584161be4647b8db7c1d3a1161947102b4f9b98b674d679c43aff3
metadata_or_hash_conflict,9657a82acf493c8e958b0c54f75e6117c310a8adac8a099d00fd07d2d1e48eee,document_version_id=45a437013f5e483304017652a382d6c52ebb604357706467bbc77686cee90510
metadata_or_hash_conflict,23d900d766c52d9159adfd75d934b6d02e188e2b5cb9df22a184e8be5704f5a3,document_version_id=04d256f0693a5639f4ea2ec5abbfead39b3cef319f08024f3323dc19eff95a9f
metadata_or_hash_conflict,7c74ca1e1b4cf42365740eaa7d74dea9a01afd8cf77ff870b677863f7092a9ab,document_version_id=2c89930c51b6c6c7890d38bc93b17f6c49c8ef3a8c433a03af6ca9d884949693
metadata_or_hash_conflict,2e3077826cd631b65bcfc6f1258ee6b113c74dda57b8a8f3d5b09e4c3e28b9af,document_version_id=310a001131d3fe922a78cedf4a7ccaa8af10c2c5723ebec84a19eaf23f89a7e7
metadata_or_hash_conflict,96bfbc10e34206cde32e7f5006391eacab721abb03ea1878866414c2cc6b32be,document_version_id=69db9d69ce4295b2326b8499cce69dedaefbae49a788287e2211727982e88e80
metadata_or_hash_conflict,4893446d8e552e022485a724f477c62229b0a619f109583491337002d9f3080b,document_version_id=1c228464c0584161be4647b8db7c1d3a1161947102b4f9b98b674d679c43aff3
metadata_or_hash_conflict,23d900d766c52d9159adfd75d934b6d02e188e2b5cb9df22a184e8be5704f5a3,document_version_id=04d256f0693a5639f4ea2ec5abbfead39b3cef319f08024f3323dc19eff95a9f
metadata_or_hash_conflict,7c74ca1e1b4cf42365740eaa7d74dea9a01afd8cf77ff870b677863f7092a9ab,document_version_id=2c89930c51b6c6c7890d38bc93b17f6c49c8ef3a8c433a03af6ca9d884949693
metadata_or_hash_conflict,2e3077826cd631b65bcfc6f1258ee6b113c74dda57b8a8f3d5b09e4c3e28b9af,document_version_id=310a001131d3fe922a78cedf4a7ccaa8af10c2c5723ebec84a19eaf23f89a7e7
metadata_or_hash_conflict,96bfbc10e34206cde32e7f5006391eacab721abb03ea1878866414c2cc6b32be,document_version_id=69db9d69ce4295b2326b8499cce69dedaefbae49a788287e2211727982e88e80
metadata_or_hash_conflict,4893446d8e552e022485a724f477c62229b0a619f109583491337002d9f3080b,document_version_id=1c228464c0584161be4647b8db7c1d3a1161947102b4f9b98b674d679c43aff3
metadata_or_hash_conflict,23d900d766c52d9159adfd75d934b6d02e188e2b5cb9df22a184e8be5704f5a3,document_version_id=04d256f0693a5639f4ea2ec5abbfead39b3cef319f08024f3323dc19eff95a9f
metadata_or_hash_conflict,7c74ca1e1b4cf42365740eaa7d74dea9a01afd8cf77ff870b677863f7092a9ab,document_version_id=2c89930c51b6c6c7890d38bc93b17f6c49c8ef3a8c433a03af6ca9d884949693
metadata_or_hash_conflict,2e3077826cd631b65bcfc6f1258ee6b113c74dda57b8a8f3d5b09e4c3e28b9af,document_version_id=310a001131d3fe922a78cedf4a7ccaa8af10c2c5723ebec84a19eaf23f89a7e7
metadata_or_hash_conflict,23d900d766c52d9159adfd75d934b6d02e188e2b5cb9df22a184e8be5704f5a3,document_version_id=04d256f0693a5639f4ea2ec5abbfead39b3cef319f08024f3323dc19eff95a9f
metadata_or_hash_conflict,23d900d766c52d9159adfd75d934b6d02e188e2b5cb9df22a184e8be5704f5a3,document_version_id=04d256f0693a5639f4ea2ec5abbfead39b3cef319f08024f3323dc19eff95a9f
metadata_or_hash_conflict,23d900d766c52d9159adfd75d934b6d02e188e2b5cb9df22a184e8be5704f5a3,document_version_id=04d256f0693a5639f4ea2ec5abbfead39b3cef319f08024f3323dc19eff95a9f
metadata_or_hash_conflict,23d900d766c52d9159adfd75d934b6d02e188e2b5cb9df22a184e8be5704f5a3,document_version_id=04d256f0693a5639f4ea2ec5abbfead39b3cef319f08024f3323dc19eff95a9f
metadata_or_hash_conflict,23d900d766c52d9159adfd75d934b6d02e188e2b5cb9df22a184e8be5704f5a3,document_version_id=04d256f0693a5639f4ea2ec5abbfead39b3cef319f08024f3323dc19eff95a9f
